
(process:29286): dconf-WARNING **: 01:59:06.625: failed to commit changes to dconf: Cannot autolaunch D-Bus without X11 $DISPLAY
HP is 100
XP is 0
Level is 0
Wallpaper set to: /home/mauricio/github/digimon/wallpapers/koromon.jpg

(process:29302): dconf-WARNING **: 02:00:09.809: failed to commit changes to dconf: Cannot autolaunch D-Bus without X11 $DISPLAY
HP is 100
XP is 0
Level is 0
Wallpaper set to: /home/mauricio/github/digimon/wallpapers/koromon.jpg

(process:29315): dconf-WARNING **: 02:01:07.416: failed to commit changes to dconf: Cannot autolaunch D-Bus without X11 $DISPLAY
HP is 100
XP is 0
Level is 0
Wallpaper set to: /home/mauricio/github/digimon/wallpapers/koromon.jpg
HP is 100
XP is 0
Level is 0
Wallpaper set to: /home/mauricio/github/digimon/wallpapers/koromon.jpg
HP is 100
XP is 0
Level is 0
Wallpaper set to: /home/mauricio/github/digimon/wallpapers/koromon.jpg
HP is 100
XP is 0
Level is 0
Wallpaper set to: /home/mauricio/github/digimon/wallpapers/koromon.jpg
[{'id': 'e717576e-a086-4861-a7ff-40824ca8ac1b', 'name': 'Sentiment', 'type': 'drop_down', 'type_config': {'ai': {'source': 'sentiment'}, 'options': [{'id': '93daf6d7-3ae4-4d72-ad16-67d41131be2a', 'name': 'Positive', 'color': '#2ecd6f', 'orderindex': 0}, {'id': '451e735f-0cda-48cc-9e07-a846e12a0341', 'name': 'Neutral', 'color': '', 'orderindex': 1}, {'id': '5d15fc5f-b526-4a9d-a014-a55aba7d56c7', 'name': 'Negative', 'color': '#e50000', 'orderindex': 2}]}, 'date_created': '1741269649886', 'hide_from_guests': False, 'required': False}, {'id': '4c786bed-b8eb-4146-bd98-774e2aafd309', 'name': 'points', 'type': 'number', 'type_config': {}, 'date_created': '1758654578306', 'hide_from_guests': False, 'value': '50', 'value_richtext': '', 'required': False}]
HP is 40
XP is -20
Level is 0
Wallpaper set to: /home/mauricio/github/digimon/wallpapers/koromon.jpg
{'clickup_id': '86eux8fw8', 'task_name': 'Anual blood test Tony', 'due_date': 1758834000.0, 'date_done': 1758206005.438, 'points': 10}
{'clickup_id': '86eux8fv9', 'task_name': 'Anual blood test Tony', 'due_date': None, 'date_done': 1758205892.371, 'points': 10}
{'clickup_id': '86euwfrmb', 'task_name': 'organize shirt', 'due_date': 1758056400.0, 'date_done': 1758094973.138, 'points': 10}
{'clickup_id': '86euwf6j0', 'task_name': 'Put list', 'due_date': 1758574800.0, 'date_done': None, 'points': 5}
{'clickup_id': '86euuug6p', 'task_name': 'prepare kids training 2', 'due_date': 1758229200.0, 'date_done': 1758439392.622, 'points': 10}
{'clickup_id': '86euu10je', 'task_name': 'prepare kids training 1', 'due_date': 1758056400.0, 'date_done': 1758376467.715, 'points': 10}
{'clickup_id': '86eutnfze', 'task_name': 'boost post', 'due_date': 1757365200.0, 'date_done': 1757391604.635, 'points': 10}
{'clickup_id': '86eutnfp4', 'task_name': 'Put list', 'due_date': 1757970000.0, 'date_done': 1758180819.753, 'points': 10}
{'clickup_id': '86eurjrnv', 'task_name': 'prepare kids training 2', 'due_date': 1757538000.0, 'date_done': 1757585483.494, 'points': 10}
{'clickup_id': '86euqrxnc', 'task_name': 'prepare kids training 1', 'due_date': 1757451600.0, 'date_done': 1757462750.119, 'points': 10}
{'clickup_id': '86euq9fxm', 'task_name': 'Put list', 'due_date': 1757365200.0, 'date_done': 1757385333.558, 'points': 10}
{'clickup_id': '86eunv3n5', 'task_name': 'prepare kids training 2', 'due_date': 1757019600.0, 'date_done': 1757272755.179, 'points': 10}
{'clickup_id': '86eun113u', 'task_name': 'prepare kids training 1', 'due_date': 1756846800.0, 'date_done': 1757011136.811, 'points': 10}
{'clickup_id': '86eumj7wz', 'task_name': 'Put list', 'due_date': 1756760400.0, 'date_done': 1756842088.226, 'points': 10}
{'clickup_id': '86eukaunv', 'task_name': 'prepare kids training 2', 'due_date': 1756414800.0, 'date_done': 1756568160.432, 'points': 10}
{'clickup_id': '86eujmx0w', 'task_name': 'prepare kids training 1', 'due_date': 1756242000.0, 'date_done': 1756325459.634, 'points': 10}
{'clickup_id': '86eujanc4', 'task_name': 'Put list', 'due_date': 1756155600.0, 'date_done': 1756214114.574, 'points': 10}
{'clickup_id': '86eujanbt', 'task_name': 'Put list', 'due_date': 1755637200.0, 'date_done': 1755644429.253, 'points': 10}
{'clickup_id': '86eugu1f7', 'task_name': 'prepare kids training 2', 'due_date': 1755810000.0, 'date_done': 1755972931.156, 'points': 10}
{'clickup_id': '86eug0h9f', 'task_name': 'prepare kids training 1', 'due_date': 1755637200.0, 'date_done': 1755972930.065, 'points': 10}
{'clickup_id': '86eue8h53', 'task_name': 'prepare kids training 2', 'due_date': 1755205200.0, 'date_done': 1755635621.15, 'points': 10}
{'clickup_id': '86eudfwdn', 'task_name': 'prepare kids training 1', 'due_date': 1755032400.0, 'date_done': 1755411593.477, 'points': 10}
{'clickup_id': '86eudfk6h', 'task_name': 'call schools', 'due_date': 1755550800.0, 'date_done': 1755635599.361, 'points': 10}
{'clickup_id': '86eudfk6e', 'task_name': 'follow up schools on facebook', 'due_date': 1755464400.0, 'date_done': 1755635636.933, 'points': 10}
{'clickup_id': '86eudegxk', 'task_name': 'put list and inform saturday no training', 'due_date': 1754427600.0, 'date_done': 1754438189.186, 'points': 10}
{'clickup_id': '86eud4kef', 'task_name': 'select videos and share with tony academy', 'due_date': 1754341200.0, 'date_done': 1754409052.335, 'points': 10}
{'clickup_id': '86eucd5yk', 'task_name': 'prepare emails contacts', 'due_date': 1754168400.0, 'date_done': 1754342990.439, 'points': 10}
{'clickup_id': '86eucd5v6', 'task_name': 'send emails to schools with project', 'due_date': 1754254800.0, 'date_done': 1754429849.232, 'points': 10}
{'clickup_id': '86eucb7h0', 'task_name': 'prepare kids training 2', 'due_date': 1754686800.0, 'date_done': 1754689342.216, 'points': 10}
{'clickup_id': '86euc26qq', 'task_name': 'remove admin of not used fb', 'due_date': 1754082000.0, 'date_done': 1753990189.227, 'points': 10}
{'clickup_id': '86eubqzmt', 'task_name': 'create proyect for schools', 'due_date': 1753995600.0, 'date_done': 1754087994.748, 'points': 10}
{'clickup_id': '86eubqgzj', 'task_name': 'prepare kids training 1', 'due_date': 1754427600.0, 'date_done': 1754435081.019, 'points': 10}
{'clickup_id': '86eub454g', 'task_name': 'post new video on social', 'due_date': 1758488400.0, 'date_done': None, 'points': 10}
{'clickup_id': '86eub3z7g', 'task_name': 'download all coach videos', 'due_date': 1753650000.0, 'date_done': 1753895432.64, 'points': 10}
{'clickup_id': '86eub2h9g', 'task_name': 'register tony fc in tournament', 'due_date': 1753909200.0, 'date_done': 1753915469.928, 'points': 10}
{'clickup_id': '86eua3tbb', 'task_name': 'prepare kids training 2', 'due_date': 1753995600.0, 'date_done': 1754172741.445, 'points': 10}
{'clickup_id': '86eu9bm63', 'task_name': 'prepare kids training 1', 'due_date': 1753822800.0, 'date_done': 1754138358.814, 'points': 10}
{'clickup_id': '86eu8r4hx', 'task_name': 'buy extra equipment', 'due_date': 1753131600.0, 'date_done': 1753431921.116, 'points': 10}
{'clickup_id': '86eu8r1v7', 'task_name': 'coach exam', 'due_date': 1753131600.0, 'date_done': 1753169667.116, 'points': 10}
{'clickup_id': '86eu7dnx0', 'task_name': 'prepare kids training 2', 'due_date': 1753390800.0, 'date_done': 1753616437.471, 'points': 10}
{'clickup_id': '86eu7864u', 'task_name': 'add cv to project', 'due_date': 1752872400.0, 'date_done': 1752904049.89, 'points': 10}
{'clickup_id': '86eu7860p', 'task_name': 'remove white from logo background', 'due_date': 1752786000.0, 'date_done': 1752824713.311, 'points': 10}
{'clickup_id': '86eu6h4ng', 'task_name': 'prepare kids training 1', 'due_date': 1753218000.0, 'date_done': 1753616438.528, 'points': 10}
{'clickup_id': '86eu5x80v', 'task_name': 'create video tony academy', 'due_date': 1752440400.0, 'date_done': 1752634624.529, 'points': 10}
{'clickup_id': '86eu5dzb8', 'task_name': 'check payments', 'due_date': 1752354000.0, 'date_done': 1752557648.575, 'points': 10}
{'clickup_id': '86eu5da2n', 'task_name': 'marketing tony academy', 'due_date': 1752958800.0, 'date_done': 1753988292.976, 'points': 10}
{'clickup_id': '86eu5d3qr', 'task_name': 'post pic benefits', 'due_date': 1752440400.0, 'date_done': 1752475802.179, 'points': 10}
{'clickup_id': '86eu4t4n2', 'task_name': 'prepare kids training 2', 'due_date': 1752958800.0, 'date_done': 1753009990.151, 'points': 10}
{'clickup_id': '86eu447me', 'task_name': 'prepare kids training 1', 'due_date': 1752613200.0, 'date_done': 1752904024.9, 'points': 10}
{'clickup_id': '86eu3tvbx', 'task_name': 'open tiktok', 'due_date': 1752958800.0, 'date_done': 1753914821.814, 'points': 10}
{'clickup_id': '86eu3tvbm', 'task_name': 'open ig', 'due_date': 1752958800.0, 'date_done': 1753914823.151, 'points': 10}
{'clickup_id': '86eu3tvbc', 'task_name': 'post video on facebook', 'due_date': 1752008400.0, 'date_done': 1752098786.068, 'points': 10}
{'clickup_id': '86eu3d1z1', 'task_name': 'create video for tony academy', 'due_date': 1751922000.0, 'date_done': 1751932828.624, 'points': 10}
{'clickup_id': '86eu2z9f8', 'task_name': 'check payments of last weekend', 'due_date': 1751835600.0, 'date_done': 1751845234.53, 'points': 10}
{'clickup_id': '86eu2yzxn', 'task_name': 'fix crypto', 'due_date': 1751749200.0, 'date_done': 1751832609.145, 'points': 10}
{'clickup_id': '86eu2fjw2', 'task_name': 'prepare kids training 2', 'due_date': 1752181200.0, 'date_done': 1752395499.096, 'points': 10}
{'clickup_id': '86eu2fjgg', 'task_name': 'prepare kids training 1', 'due_date': 1752008400.0, 'date_done': 1752362603.163, 'points': 10}
{'clickup_id': '86etzg0p6', 'task_name': 'prepare kids training 1', 'due_date': 1751576400.0, 'date_done': 1751704821.318, 'points': 10}
{'clickup_id': '86etzfur6', 'task_name': 'prepare kids training 2', 'due_date': 1751576400.0, 'date_done': 1751790736.887, 'points': 10}
{'clickup_id': '86etyq1m1', 'task_name': 'pending class', 'due_date': 1750798800.0, 'date_done': 1750892782.124, 'points': 10}
{'clickup_id': '86etx8105', 'task_name': 'confirm hours to pan', 'due_date': 1750626000.0, 'date_done': 1750667301.51, 'points': 10}
{'clickup_id': '86etwp4pm', 'task_name': 'prepare kids training 2', 'due_date': 1750885200.0, 'date_done': 1751037650.441, 'points': 10}
{'clickup_id': '86etwp4ev', 'task_name': 'prepare kids training 1', 'due_date': 1750885200.0, 'date_done': 1751139567.859, 'points': 10}
{'clickup_id': '86etu71br', 'task_name': 'prepare kids training 2', 'due_date': 1750366800.0, 'date_done': 1750612403.552, 'points': 10}
{'clickup_id': '86etu1272', 'task_name': 'prepare kids training 1', 'due_date': 1750366800.0, 'date_done': 1750612400.855, 'points': 10}
{'clickup_id': '86eth61m4', 'task_name': 'post tony academy on fb groups', 'due_date': 1758488400.0, 'date_done': None, 'points': 10}
{'clickup_id': '86euy337n', 'task_name': 'add buenos modales slide', 'due_date': 1758488400.0, 'date_done': None, 'points': 10}
{'clickup_id': '86euwppe9', 'task_name': 'prepare spanish classes', 'due_date': 1758142800.0, 'date_done': 1758217311.134, 'points': 10}
{'clickup_id': '86euv8wmx', 'task_name': 'Lamud 6 pm', 'due_date': 1758229200.0, 'date_done': 1758206020.972, 'points': 10}
{'clickup_id': '86euuanza', 'task_name': 'Lamud 6 pm', 'due_date': 1758056400.0, 'date_done': 1758179905.155, 'points': 10}
{'clickup_id': '86euu4fed', 'task_name': 'Gift 11 am', 'due_date': 1758056400.0, 'date_done': 1758085902.941, 'points': 10}
{'clickup_id': '86eut4btu', 'task_name': 'arrange time with kwan', 'due_date': 1757278800.0, 'date_done': 1757392030.374, 'points': 10}
{'clickup_id': '86eut4bj1', 'task_name': 'Japanese 2 pm', 'due_date': 1757451600.0, 'date_done': 1757556928.455, 'points': 10}
{'clickup_id': '86eurjrp6', 'task_name': 'Lamud 6 pm', 'due_date': 1757624400.0, 'date_done': 1757750610.299, 'points': 10}
{'clickup_id': '86eur8eum', 'task_name': 'prepare class b1', 'due_date': 1756933200.0, 'date_done': 1757002697.061, 'points': 10}
{'clickup_id': '86euqragp', 'task_name': 'Gift 11 am', 'due_date': 1757278800.0, 'date_done': 1757324808.387, 'points': 10}
{'clickup_id': '86euqraek', 'task_name': 'Lamud 6 pm', 'due_date': 1757451600.0, 'date_done': 1757556929.411, 'points': 10}
{'clickup_id': '86euqjten', 'task_name': 'Gift 11 am', 'due_date': 1757451600.0, 'date_done': 1757486766.537, 'points': 10}
{'clickup_id': '86euqbt7w', 'task_name': 'Gift 11 am', 'due_date': 1756846800.0, 'date_done': 1756885058.462, 'points': 10}
{'clickup_id': '86eunv3nj', 'task_name': 'Lamud 6 pm', 'due_date': 1757019600.0, 'date_done': 1757122612.574, 'points': 10}
{'clickup_id': '86eun10f8', 'task_name': 'Lamud 6 pm', 'due_date': 1756846800.0, 'date_done': 1756910876.362, 'points': 10}
{'clickup_id': '86eun0xvb', 'task_name': 'check time for pan and kwan', 'due_date': 1756328400.0, 'date_done': 1756405734.142, 'points': 10}
{'clickup_id': '86eumjdy0', 'task_name': 'check time for new student', 'due_date': 1756328400.0, 'date_done': 1756405726.4, 'points': 10}
{'clickup_id': '86eum6fr5', 'task_name': 'Yonlada 2 pm', 'due_date': 1756674000.0, 'date_done': 1756752550.969, 'points': 10}
{'clickup_id': '86eum6ffx', 'task_name': 'Pooh 6 pm', 'due_date': 1756674000.0, 'date_done': 1756752548.34, 'points': 10}
{'clickup_id': '86euk6xuw', 'task_name': 'Lamud 6 pm', 'due_date': 1756414800.0, 'date_done': 1756489452.718, 'points': 10}
{'clickup_id': '86euk00kw', 'task_name': 'Pan 4 pm', 'due_date': 1756328400.0, 'date_done': 1756405736.209, 'points': 10}
{'clickup_id': '86eujk6b2', 'task_name': 'Lamud 6 pm', 'due_date': 1756242000.0, 'date_done': 1756325461.693, 'points': 10}
{'clickup_id': '86eujap5y', 'task_name': 'Analyze spanish programs', 'due_date': 1756069200.0, 'date_done': 1756325464.838, 'points': 10}
{'clickup_id': '86euj8p5v', 'task_name': 'Pan 4 pm', 'due_date': 1756155600.0, 'date_done': 1756214116.289, 'points': 10}
{'clickup_id': '86euhuauq', 'task_name': 'Yonlada 2 pm', 'due_date': 1756069200.0, 'date_done': 1756150771.92, 'points': 10}
{'clickup_id': '86euhuah8', 'task_name': 'Pooh 6 pm', 'due_date': 1756069200.0, 'date_done': 1756150762.576, 'points': 10}
{'clickup_id': '86eugu1fb', 'task_name': 'Lamud 6 pm', 'due_date': 1755810000.0, 'date_done': 1755852076.391, 'points': 10}
{'clickup_id': '86eugu1cy', 'task_name': 'Kwan 4 pm', 'due_date': 1755810000.0, 'date_done': 1755857299.276, 'points': 10}
{'clickup_id': '86eugc7ju', 'task_name': 'Pan 4 pm', 'due_date': 1755723600.0, 'date_done': 1755804845.797, 'points': 10}
{'clickup_id': '86eug0gjb', 'task_name': 'Lamud 6 pm', 'due_date': 1755637200.0, 'date_done': 1755693320.11, 'points': 10}
{'clickup_id': '86eufjyuv', 'task_name': 'Pan 4 pm', 'due_date': 1755550800.0, 'date_done': 1755635624.935, 'points': 10}
{'clickup_id': '86euf5ek0', 'task_name': 'Yonlada 2 pm', 'due_date': 1755464400.0, 'date_done': 1755635608.804, 'points': 10}
{'clickup_id': '86euf5eca', 'task_name': 'Pooh 6 pm', 'due_date': 1755464400.0, 'date_done': 1755635607.336, 'points': 10}
{'clickup_id': '86eue26n9', 'task_name': 'sonia 4 pm', 'due_date': 1754859600.0, 'date_done': 1754985535.62, 'points': 10}
{'clickup_id': '86eudrn9q', 'task_name': 'Lamud 6 pm', 'due_date': 1755032400.0, 'date_done': 1755149980.718, 'points': 10}
{'clickup_id': '86eudegqb', 'task_name': 'Pan 4 pm', 'due_date': 1754946000.0, 'date_done': 1755149971.354, 'points': 10}
{'clickup_id': '86eud4bzu', 'task_name': 'Kwan 4 pm', 'due_date': 1755205200.0, 'date_done': 1755411594.955, 'points': 10}
{'clickup_id': '86eud4bze', 'task_name': 'Lamud 6 pm', 'due_date': 1755205200.0, 'date_done': 1755411585.814, 'points': 10}
{'clickup_id': '86eud4byp', 'task_name': 'Pan 4 pm', 'due_date': 1755118800.0, 'date_done': 1755233504.323, 'points': 10}
{'clickup_id': '86eud4bx4', 'task_name': 'confirm time for sonia', 'due_date': 1754341200.0, 'date_done': 1754342088.006, 'points': 10}
{'clickup_id': '86eud34dc', 'task_name': 'Yonlada 2 pm', 'due_date': 1754859600.0, 'date_done': 1754985534.586, 'points': 10}
{'clickup_id': '86eud346k', 'task_name': 'Pooh 6 pm', 'due_date': 1754859600.0, 'date_done': 1754985536.994, 'points': 10}
{'clickup_id': '86eucb7hc', 'task_name': 'Lamud 6 pm', 'due_date': 1754600400.0, 'date_done': 1754340914.493, 'points': 10}
{'clickup_id': '86eubqg9w', 'task_name': 'Lamud 6 pm', 'due_date': 1754427600.0, 'date_done': 1754586363.592, 'points': 10}
{'clickup_id': '86eub2zk9', 'task_name': 'Kwan 4 pm', 'due_date': 1754600400.0, 'date_done': 1754340917.843, 'points': 10}
{'clickup_id': '86euazvf9', 'task_name': 'Pooh 6 pm', 'due_date': 1754254800.0, 'date_done': 1754340863.144, 'points': 10}
{'clickup_id': '86eua131n', 'task_name': 'Lamud 6 pm', 'due_date': 1753995600.0, 'date_done': 1754077992.893, 'points': 10}
{'clickup_id': '86eua0pwh', 'task_name': 'Kwan 4 pm', 'due_date': 1753995600.0, 'date_done': 1753725197.618, 'points': 10}
{'clickup_id': '86eu9mnhn', 'task_name': 'Pan 4 pm', 'due_date': 1754514000.0, 'date_done': 1754340911.207, 'points': 10}
{'clickup_id': '86eu9mna4', 'task_name': 'Pan 4 pm', 'due_date': 1754341200.0, 'date_done': 1754409049.624, 'points': 10}
{'clickup_id': '86eu9mn5m', 'task_name': 'Pan 4 pm', 'due_date': 1753909200.0, 'date_done': 1753352100.757, 'points': 10}
{'clickup_id': '86eu9bkgm', 'task_name': 'Lamud 6 pm', 'due_date': 1753822800.0, 'date_done': 1753895469.286, 'points': 10}
{'clickup_id': '86eu8wjrp', 'task_name': 'Pan 4 pm', 'due_date': 1753736400.0, 'date_done': 1753352076.683, 'points': 10}
{'clickup_id': '86eu8dzjz', 'task_name': 'Pooh 6 pm', 'due_date': 1753650000.0, 'date_done': 1753699147.831, 'points': 10}
{'clickup_id': '86eu8bwfn', 'task_name': 'Yonlada 2 pm', 'due_date': 1754254800.0, 'date_done': 1754340861.818, 'points': 10}
{'clickup_id': '86eu8bw5n', 'task_name': 'Yonlada 2 pm', 'due_date': 1753650000.0, 'date_done': 1753094437.616, 'points': 10}
{'clickup_id': '86eu7dnxf', 'task_name': 'Lamud 6 pm', 'due_date': 1753390800.0, 'date_done': 1753439811.916, 'points': 10}
{'clickup_id': '86eu7dnv2', 'task_name': 'Kwan 4 pm', 'due_date': 1753390800.0, 'date_done': 1753438165.144, 'points': 10}
{'clickup_id': '86eu787e0', 'task_name': 'fiaw 4 pm', 'due_date': 1753045200.0, 'date_done': 1753094419.858, 'points': 10}
{'clickup_id': '86eu6w73r', 'task_name': 'Pan 4 pm', 'due_date': 1753304400.0, 'date_done': 1753352059.949, 'points': 10}
{'clickup_id': '86eu6h40n', 'task_name': 'Lamud 6 pm', 'due_date': 1753218000.0, 'date_done': 1753352053.406, 'points': 10}
{'clickup_id': '86eu64h8x', 'task_name': 'Pan 4 pm', 'due_date': 1753131600.0, 'date_done': 1753188968.248, 'points': 10}
{'clickup_id': '86eu60b0v', 'task_name': 'Fiaw 4 pm', 'due_date': 1752613200.0, 'date_done': 1752719877.707, 'points': 10}
{'clickup_id': '86eu5x32r', 'task_name': 'reply Siriporn', 'due_date': 1752440400.0, 'date_done': 1752557192.613, 'points': 10}
{'clickup_id': '86eu5n9rv', 'task_name': 'Yonlada 2 pm', 'due_date': 1753045200.0, 'date_done': 1753094419.14, 'points': 10}
{'clickup_id': '86eu5d50t', 'task_name': 'prepare spanish class', 'due_date': 1752613200.0, 'date_done': 1752937296.554, 'points': 10}
{'clickup_id': '86eu5d4me', 'task_name': 'check expiring times', 'due_date': 1752440400.0, 'date_done': 1752475803.725, 'points': 10}
{'clickup_id': '86eu5d1y7', 'task_name': 'find time slot for navy', 'due_date': 1752440400.0, 'date_done': 1752472889.909, 'points': 10}
{'clickup_id': '86eu5cxfg', 'task_name': 'Pooh 6 pm', 'due_date': 1753045200.0, 'date_done': 1753099798.315, 'points': 10}
{'clickup_id': '86eu4w960', 'task_name': 'send application to fiaw', 'due_date': 1752267600.0, 'date_done': 1752471827.076, 'points': 10}
{'clickup_id': '86eu4pjwz', 'task_name': 'Kwan 4 pm', 'due_date': 1752786000.0, 'date_done': 1752904026.11, 'points': 10}
{'clickup_id': '86eu4jdr8', 'task_name': 'Lamud 6 pm', 'due_date': 1752786000.0, 'date_done': 1752904027.344, 'points': 10}
{'clickup_id': '86eu4e4a5', 'task_name': 'Pan 4 pm', 'due_date': 1752699600.0, 'date_done': 1752751615.76, 'points': 10}
{'clickup_id': '86eu4bbum', 'task_name': 'group class 1 pm', 'due_date': 1752267600.0, 'date_done': 1752362600.272, 'points': 10}
{'clickup_id': '86eu45r91', 'task_name': 'schedule 1st class with navy and fiaw', 'due_date': 1752094800.0, 'date_done': 1752135995.441, 'points': 10}
{'clickup_id': '86eu45r8t', 'task_name': 'record classes for fiaw and navy (2, 3, 4)', 'due_date': 1752094800.0, 'date_done': 1752556687.247, 'points': 10}
{'clickup_id': '86eu45jmq', 'task_name': 'send 3rd class to lamud', 'due_date': 1752094800.0, 'date_done': 1752137325.536, 'points': 10}
{'clickup_id': '86eu4472d', 'task_name': 'Lamud 6 pm', 'due_date': 1752613200.0, 'date_done': 1752719878.949, 'points': 10}
{'clickup_id': '86eu3rqqn', 'task_name': 'Pan 4 pm', 'due_date': 1752526800.0, 'date_done': 1752627235.397, 'points': 10}
{'clickup_id': '86eu3btq4', 'task_name': 'Yonlada 2 pm', 'due_date': 1752440400.0, 'date_done': 1752556681.471, 'points': 10}
{'clickup_id': '86eu3bthe', 'task_name': 'Pooh 6 pm', 'due_date': 1752440400.0, 'date_done': 1752471302.948, 'points': 10}
{'clickup_id': '86eu307kc', 'task_name': 'test class spanish 5.30 pm', 'due_date': 1751922000.0, 'date_done': 1751999032.784, 'points': 10}
{'clickup_id': '86eu2fk5t', 'task_name': 'Lamud 6 pm', 'due_date': 1752181200.0, 'date_done': 1752204323.582, 'points': 10}
{'clickup_id': '86eu2fjmc', 'task_name': 'Kwan 4 pm', 'due_date': 1752181200.0, 'date_done': 1752228913.457, 'points': 10}
{'clickup_id': '86eu28hun', 'task_name': 'prepare 2nd class spanish', 'due_date': 1752181200.0, 'date_done': 1752224139.297, 'points': 10}
{'clickup_id': '86eu28huf', 'task_name': 'prepare 1st class spanish', 'due_date': 1752181200.0, 'date_done': 1752204329.773, 'points': 10}
{'clickup_id': '86eu256kt', 'task_name': 'Pan 4 pm', 'due_date': 1752094800.0, 'date_done': 1752154599.157, 'points': 10}
{'clickup_id': '86eu1q13v', 'task_name': 'Lamud 6 pm', 'due_date': 1752008400.0, 'date_done': 1752098780.211, 'points': 10}
{'clickup_id': '86eu13b4m', 'task_name': 'Pan 4 pm', 'due_date': 1751922000.0, 'date_done': 1751999030.835, 'points': 10}
{'clickup_id': '86eu0hrhr', 'task_name': 'Yonlada 2 pm', 'due_date': 1751835600.0, 'date_done': 1751914291.899, 'points': 10}
{'clickup_id': '86eu0hrhh', 'task_name': 'Pooh 6 pm', 'due_date': 1751835600.0, 'date_done': 1751914292.368, 'points': 10}
{'clickup_id': '86etu0dyk', 'task_name': 'prepare kids training 2', 'due_date': 1749848400.0, 'date_done': 1749959774.732, 'points': 10}
{'clickup_id': '86ettzp5a', 'task_name': 'prepare kids training 1', 'due_date': 1749762000.0, 'date_done': 1749802449.673, 'points': 10}
{'clickup_id': '86etta8qu', 'task_name': 'return shirt', 'due_date': 1749762000.0, 'date_done': 1749771409.522, 'points': 10}
{'clickup_id': '86etrqaa8', 'task_name': 'post video on tony academy', 'due_date': 1749502800.0, 'date_done': 1749601848.654, 'points': 10}
{'clickup_id': '86etr67e5', 'task_name': 'stamp logo on shirt', 'due_date': 1749502800.0, 'date_done': 1749638445.87, 'points': 10}
{'clickup_id': '86etr67dn', 'task_name': 'buy bag for balls', 'due_date': 1749330000.0, 'date_done': 1749386423.815, 'points': 10}
{'clickup_id': '86etr67dh', 'task_name': 'buy extra balls?', 'due_date': 1749330000.0, 'date_done': 1749388183.8, 'points': 10}
{'clickup_id': '86etqzrg5', 'task_name': 'Nattan 1 pm', 'due_date': 1749934800.0, 'date_done': 1749957362.883, 'points': 10}
{'clickup_id': '86etqx18j', 'task_name': 'prepare 1st class spanish', 'due_date': 1749762000.0, 'date_done': 1748716435.786, 'points': 10}
{'clickup_id': '86etqx17w', 'task_name': 'prepare 1st class spanish', 'due_date': 1749157200.0, 'date_done': 1748716435.786, 'points': 10}
{'clickup_id': '86etqmwwa', 'task_name': 'prepare training kids', 'due_date': 1749157200.0, 'date_done': 1749229209.483, 'points': 10}
{'clickup_id': '86etpxdrx', 'task_name': 'buy more balls', 'due_date': 1748984400.0, 'date_done': 1749066395.364, 'points': 10}
{'clickup_id': '86etpvtn5', 'task_name': 'invite other parents to the group', 'due_date': 1748984400.0, 'date_done': 1748995402.871, 'points': 10}
{'clickup_id': '86etpvtmu', 'task_name': 'send app', 'due_date': 1748984400.0, 'date_done': 1748991700.491, 'points': 10}
{'clickup_id': '86etpeqmu', 'task_name': 'book pitch saturday', 'due_date': 1748898000.0, 'date_done': 1748967435.746, 'points': 10}
{'clickup_id': '86etpej76', 'task_name': 'Pooh 6 pm', 'due_date': 1749416400.0, 'date_done': 1748876436.147, 'points': 10}
{'clickup_id': '86etpej5j', 'task_name': 'Yonlada 2 pm', 'due_date': 1749416400.0, 'date_done': 1748876433.082, 'points': 10}
{'clickup_id': '86etp497h', 'task_name': 'Nattan 2 pm', 'due_date': 1749330000.0, 'date_done': 1749374340.851, 'points': 10}
{'clickup_id': '86etp48xj', 'task_name': 'Kwan 4 pm', 'due_date': 1749502800.0, 'date_done': 1749550283.394, 'points': 10}
{'clickup_id': '86etp48x4', 'task_name': 'Kwan 4 pm', 'due_date': 1749157200.0, 'date_done': 1749219711.507, 'points': 10}
{'clickup_id': '86etp48w2', 'task_name': 'Kwan 4 pm', 'due_date': 1749070800.0, 'date_done': 1749117139.991, 'points': 10}
{'clickup_id': '86etp48u6', 'task_name': 'Kwan 4 pm', 'due_date': 1748984400.0, 'date_done': 1749031535.52, 'points': 10}
{'clickup_id': '86etp48nj', 'task_name': 'Kwan 4 pm', 'due_date': 1748898000.0, 'date_done': 1748967430.053, 'points': 10}
{'clickup_id': '86etp48mc', 'task_name': 'Kwan 4 pm', 'due_date': 1748811600.0, 'date_done': 1748876434.22, 'points': 10}
{'clickup_id': '86etp48ef', 'task_name': 'Yonlada 2 pm', 'due_date': 1748811600.0, 'date_done': 1748876433.082, 'points': 10}
{'clickup_id': '86etp48by', 'task_name': 'Pooh 6 pm', 'due_date': 1748811600.0, 'date_done': 1748876436.147, 'points': 10}
{'clickup_id': '86etnuqc5', 'task_name': 'prepare 2nd class spanish', 'due_date': 1749157200.0, 'date_done': 1748716435.786, 'points': 10}
{'clickup_id': '86etnuq01', 'task_name': 'buy balls for academy', 'due_date': 1748725200.0, 'date_done': 1748758564.97, 'points': 10}
{'clickup_id': '86etnaw5t', 'task_name': 'prepare class 6', 'due_date': 1748552400.0, 'date_done': 1748757369.221, 'points': 10}
{'clickup_id': '86etnaw47', 'task_name': 'prepare class 5', 'due_date': 1748552400.0, 'date_done': 1748739584.951, 'points': 10}
{'clickup_id': '86etkz4e1', 'task_name': 'create questions for spanish system', 'due_date': 1748552400.0, 'date_done': 1748716427.39, 'points': 10}
{'clickup_id': '86etkwqm0', 'task_name': 'buy domain TeacherOh.com', 'due_date': 1748379600.0, 'date_done': 1748388158.478, 'points': 10}
{'clickup_id': '86etkwqhy', 'task_name': 'deploy spanish system', 'due_date': 1748379600.0, 'date_done': 1748474213.361, 'points': 10}
{'clickup_id': '86etkgwcb', 'task_name': 'send files for printing logo', 'due_date': 1748206800.0, 'date_done': 1748193913.47, 'points': 10}
{'clickup_id': '86etk979c', 'task_name': 'create system for spanish practice locally', 'due_date': 1748206800.0, 'date_done': 1748292839.9, 'points': 10}
{'clickup_id': '86etjtv91', 'task_name': 'prepare class spanish', 'due_date': 1748725200.0, 'date_done': 1748716435.786, 'points': 10}
{'clickup_id': '86ethq399', 'task_name': 'prepare class spanish 4', 'due_date': 1747947600.0, 'date_done': 1748081627.189, 'points': 10}
{'clickup_id': '86etgt6j2', 'task_name': 'prepare class spanish', 'due_date': 1748120400.0, 'date_done': 1747946066.24, 'points': 10}
{'clickup_id': '86etgnqt3', 'task_name': 'prepare class spanish 3', 'due_date': 1747602000.0, 'date_done': 1747732508.876, 'points': 10}
{'clickup_id': '86etfvbtu', 'task_name': 'create new cover for spanish page', 'due_date': 1748725200.0, 'date_done': 1748794169.568, 'points': 10}
{'clickup_id': '86eteybdr', 'task_name': 'boost spanish ads', 'due_date': 1747170000.0, 'date_done': 1747206775.798, 'points': 10}
{'clickup_id': '86etc0rv7', 'task_name': 'prepare schedule', 'due_date': 1746392400.0, 'date_done': 1746445933.407, 'points': 10}
{'clickup_id': '86etc0rtz', 'task_name': 'boost chess', 'due_date': 1746392400.0, 'date_done': 1746445929.704, 'points': 10}
{'clickup_id': '86etc0rrj', 'task_name': 'create account for chess', 'due_date': 1746306000.0, 'date_done': 1746439069.005, 'points': 10}
{'clickup_id': '86etc0rpr', 'task_name': 'create account for football', 'due_date': 1746738000.0, 'date_done': 1746794988.693, 'points': 10}
{'clickup_id': '86etbq1gp', 'task_name': 'create video for spanish', 'due_date': 1747688400.0, 'date_done': 1747943487.585, 'points': 10}
{'clickup_id': '86etbq1fx', 'task_name': 'prepare outline of program for spanish', 'due_date': 1746392400.0, 'date_done': 1746958809.411, 'points': 10}
{'clickup_id': '86etbpgxg', 'task_name': 'fix ais', 'due_date': 1747083600.0, 'date_done': 1747155786.614, 'points': 10}
{'clickup_id': '86etbe7au', 'task_name': 'set automatic replies for spanish page', 'due_date': 1746219600.0, 'date_done': 1746461443.625, 'points': 10}
{'clickup_id': '86etbe6er', 'task_name': 'boost ads for football', 'due_date': 1747170000.0, 'date_done': 1747491915.174, 'points': 10}
{'clickup_id': '86etbe6e5', 'task_name': 'boost ads for chess', 'due_date': 1746219600.0, 'date_done': 1746445936.908, 'points': 10}
{'clickup_id': '86etbe6d8', 'task_name': 'prepare program for spanish group classes', 'due_date': 1746478800.0, 'date_done': 1746897555.981, 'points': 10}
{'clickup_id': '86etbe6c9', 'task_name': 'research coworking spaces for chess', 'due_date': 1746219600.0, 'date_done': 1746342219.638, 'points': 10}
{'clickup_id': '86etaqgv8', 'task_name': 'cancel canva free trial', 'due_date': 1748466000.0, 'date_done': 1748453850.616, 'points': 10}
{'clickup_id': '86etac0n6', 'task_name': 'prepare cv for contacting schools', 'due_date': 1745960400.0, 'date_done': 1746260164.659, 'points': 10}
{'clickup_id': '86etac0c3', 'task_name': 'boost ads', 'due_date': 1745960400.0, 'date_done': 1746260171.96, 'points': 10}
{'clickup_id': '86etac00u', 'task_name': 'create videos for chess', 'due_date': 1746306000.0, 'date_done': 1746348102.812, 'points': 10}
{'clickup_id': '86etabzvx', 'task_name': 'post for 3 activities', 'due_date': 1745960400.0, 'date_done': 1746445940.097, 'points': 10}
{'clickup_id': '86etabzn8', 'task_name': 'create accounts for 3 activities', 'due_date': 1746219600.0, 'date_done': 1746439053.037, 'points': 10}
{'clickup_id': '86etabydh', 'task_name': 'send emails to schools about chess', 'due_date': 1745960400.0, 'date_done': 1746260163.469, 'points': 10}
{'clickup_id': '86etaby70', 'task_name': 'contact ad about teaching', 'due_date': 1746478800.0, 'date_done': 1746958814.64, 'points': 10}
{'clickup_id': '86et9k6hk', 'task_name': 'record video', 'due_date': 1745787600.0, 'date_done': 1745830052.268, 'points': 10}
{'clickup_id': '86et9gn1q', 'task_name': 'research about paying ads', 'due_date': 1745787600.0, 'date_done': 1746260171.341, 'points': 10}
{'clickup_id': '86et9gmzg', 'task_name': 'post in freelance websites', 'due_date': 1745787600.0, 'date_done': 1745830054.018, 'points': 10}
{'clickup_id': '86et9gmv9', 'task_name': 'create account in freelance websites', 'due_date': 1745787600.0, 'date_done': 1745821209.61, 'points': 10}
{'clickup_id': '86et9gmrf', 'task_name': 'create bio for mc jobs', 'due_date': 1745787600.0, 'date_done': 1745821204.318, 'points': 10}
{'clickup_id': '86euudvtd', 'task_name': 'fix motorbike', 'due_date': 1757883600.0, 'date_done': 1757750617.268, 'points': 10}
{'clickup_id': '86euudvm9', 'task_name': 'restart gym', 'due_date': 1757883600.0, 'date_done': 1758193497.952, 'points': 10}
{'clickup_id': '86eutqf2p', 'task_name': 'Lawyer', 'due_date': 1757365200.0, 'date_done': 1757457473.606, 'points': 10}
{'clickup_id': '86eunwjj9', 'task_name': 'immigration', 'due_date': 1757278800.0, 'date_done': 1757324805.665, 'points': 10}
{'clickup_id': '86eujaqt3', 'task_name': 'fix tony condo', 'due_date': 1755982800.0, 'date_done': 1756405740.594, 'points': 10}
{'clickup_id': '86eujaj18', 'task_name': 'sell crypto', 'due_date': 1756674000.0, 'date_done': 1757002692.391, 'points': 10}
{'clickup_id': '86eu7zh23', 'task_name': 'contact lawyers', 'due_date': 1753045200.0, 'date_done': 1753109764.222, 'points': 10}
{'clickup_id': '86eu7zh0r', 'task_name': 'prepare lawer stuff', 'due_date': 1752958800.0, 'date_done': 1753014912.674, 'points': 10}
{'clickup_id': '86eu6mz7m', 'task_name': 'fix kplus', 'due_date': 1752699600.0, 'date_done': 1752751621.711, 'points': 10}
{'clickup_id': '86eu5da7r', 'task_name': 'fix laptop', 'due_date': 1753650000.0, 'date_done': 1753432382.43, 'points': 10}
{'clickup_id': '86eu2yzy7', 'task_name': 'sell crypto', 'due_date': 1751749200.0, 'date_done': 1751832610.38, 'points': 10}
{'clickup_id': '86eu1tu79', 'task_name': 'buy pills', 'due_date': 1751490000.0, 'date_done': 1751603958.281, 'points': 10}
{'clickup_id': '86etyyphh', 'task_name': 'clean tony water', 'due_date': 1750885200.0, 'date_done': 1751037659.0, 'points': 10}
{'clickup_id': '86etyqa9d', 'task_name': 'holidays with Nin', 'due_date': None, 'date_done': 1755643383.651, 'points': 10}
{'clickup_id': '86etyqa94', 'task_name': 'holidays with Nin', 'due_date': 1756069200.0, 'date_done': 1755643354.845, 'points': 10}
{'clickup_id': '86etw7q7p', 'task_name': 'update accounting', 'due_date': 1750280400.0, 'date_done': 1750613150.48, 'points': 10}
{'clickup_id': '86etvkfkr', 'task_name': 'Yok 10:20 am', 'due_date': 1751230800.0, 'date_done': 1751316152.737, 'points': 10}
{'clickup_id': '86etufzfd', 'task_name': 'take tony to doctor', 'due_date': 1750885200.0, 'date_done': 1750951221.95, 'points': 10}
{'clickup_id': '86etubjkf', 'task_name': 'write letter to muengman', 'due_date': 1749762000.0, 'date_done': 1749971940.674, 'points': 10}
{'clickup_id': '86ettaghk', 'task_name': 'send oum shirt', 'due_date': 1749762000.0, 'date_done': 1749971938.995, 'points': 10}
{'clickup_id': '86ettaggb', 'task_name': 'barber', 'due_date': 1749762000.0, 'date_done': 1749871932.767, 'points': 10}
{'clickup_id': '86etqmucf', 'task_name': 'gym routine (add cardio and focus on chest)', 'due_date': 1749330000.0, 'date_done': 1749409922.738, 'points': 10}
{'clickup_id': '86ethegwq', 'task_name': 'pills', 'due_date': 1747688400.0, 'date_done': 1747758131.049, 'points': 10}
{'clickup_id': '86et73f5m', 'task_name': 'clean tony house', 'due_date': 1746219600.0, 'date_done': 1746344845.439, 'points': 10}
{'clickup_id': '86et6h4p0', 'task_name': 'barber', 'due_date': 1745269200.0, 'date_done': 1745397401.989, 'points': 10}
{'clickup_id': '86et33e6u', 'task_name': 'Find houses to move with Tony', 'due_date': 1758574800.0, 'date_done': None, 'points': 10}
{'clickup_id': '86et037aw', 'task_name': 'create system to syncronize kbank pics', 'due_date': 1743282000.0, 'date_done': 1743458394.7, 'points': 10}
{'clickup_id': '86erytf8j', 'task_name': 'calculate needed earnings', 'due_date': 1743195600.0, 'date_done': 1743272416.081, 'points': 10}
{'clickup_id': '86ery8mma', 'task_name': 'averiguar cuenta espana', 'due_date': 1742763600.0, 'date_done': 1742888399.679, 'points': 10}
{'clickup_id': '86erxx9tn', 'task_name': 'yok', 'due_date': 1746997200.0, 'date_done': 1747124941.767, 'points': 10}
{'clickup_id': '86erv3nqt', 'task_name': 'Immigration notification', 'due_date': 1749589200.0, 'date_done': 1749620391.701, 'points': 10}
{'clickup_id': '86ertdpgh', 'task_name': 'Anual vaccine Tony', 'due_date': 1757451600.0, 'date_done': 1757486694.468, 'points': 10}
{'clickup_id': '86ertcpbj', 'task_name': 'update money proyection and sell btc', 'due_date': 1741554000.0, 'date_done': 1742060285.448, 'points': 10}
{'clickup_id': '86erry1u6', 'task_name': 'Renew or cancel youtube course', 'due_date': 1743800400.0, 'date_done': 1743668927.833, 'points': 10}
{'clickup_id': '86err5zkr', 'task_name': 'Immigration notification', 'due_date': 1741899600.0, 'date_done': 1741935161.849, 'points': 10}
{'clickup_id': '86err5y66', 'task_name': 'Pay kitesurf', 'due_date': 1743714000.0, 'date_done': 1741271810.778, 'points': 10}
{'clickup_id': '86erq12av', 'task_name': 'separate names brandon', 'due_date': 1741035600.0, 'date_done': 1741113488.928, 'points': 10}
{'clickup_id': '86erpt347', 'task_name': 'Oum photos', 'due_date': None, 'date_done': 1748984044.238, 'points': 10}
{'clickup_id': '86erphn1j', 'task_name': 'Bring Tony to doctor', 'due_date': 1741554000.0, 'date_done': 1741609828.594, 'points': 10}
{'clickup_id': '86ermvqrv', 'task_name': 'clean fan', 'due_date': 1740862800.0, 'date_done': 1740900680.5, 'points': 10}
{'clickup_id': '86ermvb71', 'task_name': 'fix automations clickup', 'due_date': None, 'date_done': 1740860016.572, 'points': 10}
{'clickup_id': '86erfyhqg', 'task_name': 'oum task', 'due_date': None, 'date_done': 1739089413.69, 'points': 10}
{'clickup_id': '86erfnrju', 'task_name': 'Prepare gym routine', 'due_date': None, 'date_done': 1739112970.075, 'points': 10}
{'clickup_id': '86erez4xr', 'task_name': 'fix motorbike wheels', 'due_date': 1758056400.0, 'date_done': 1758040146.982, 'points': 10}
{'clickup_id': '86erez454', 'task_name': 'Sell and donate Tony stuff', 'due_date': None, 'date_done': 1738717440.554, 'points': 10}
{'clickup_id': '86eu1tu5y', 'task_name': 'last payment football coach :)', 'due_date': 1751490000.0, 'date_done': 1751842112.779, 'points': 10}
{'clickup_id': '86etyjpyf', 'task_name': 'post tony fc en mi facebook', 'due_date': 1750798800.0, 'date_done': 1750879091.437, 'points': 10}
{'clickup_id': '86etk7qku', 'task_name': 'order coach shirt', 'due_date': 1750885200.0, 'date_done': 1749959687.722, 'points': 10}
{'clickup_id': '86etk7qk3', 'task_name': 'order shirts', 'due_date': 1748293200.0, 'date_done': 1748374306.539, 'points': 10}
{'clickup_id': '86etjangp', 'task_name': 'watch pending class 3/3', 'due_date': 1747861200.0, 'date_done': 1748112060.504, 'points': 10}
{'clickup_id': '86etheh20', 'task_name': 'proyecto curso entrenador', 'due_date': 1753304400.0, 'date_done': 1753169673.832, 'points': 10}
{'clickup_id': '86etf67ae', 'task_name': 'send text to coach group', 'due_date': 1747602000.0, 'date_done': 1747670691.077, 'points': 10}
{'clickup_id': '86etdnme1', 'task_name': 'watch pending class 2/2', 'due_date': 1747947600.0, 'date_done': 1747906658.03, 'points': 10}
{'clickup_id': '86etdnmde', 'task_name': 'watch pending class 1/2', 'due_date': 1747342800.0, 'date_done': 1747465154.775, 'points': 10}
{'clickup_id': '86etbptut', 'task_name': 'send message about competition to group', 'due_date': 1746306000.0, 'date_done': 1746346531.194, 'points': 10}
{'clickup_id': '86ery084z', 'task_name': 'Corregir el pdf', 'due_date': 1742763600.0, 'date_done': 1742763770.659, 'points': 10}
{'clickup_id': '86erw31z3', 'task_name': 'choose font and reply shirt', 'due_date': 1742245200.0, 'date_done': 1742399466.361, 'points': 10}
{'clickup_id': '86eruaztc', 'task_name': 'Reply shirt', 'due_date': 1742072400.0, 'date_done': 1742105324.351, 'points': 10}
{'clickup_id': '86ertc82y', 'task_name': 'cancel adobe acrobat suscription', 'due_date': 1742072400.0, 'date_done': 1742047878.878, 'points': 10}
{'clickup_id': '86errwwe2', 'task_name': 'Reply shirt design', 'due_date': 1741640400.0, 'date_done': 1741546247.3, 'points': 10}
{'clickup_id': '86erpne8m', 'task_name': 'Cancel adobe illustrator subscription', 'due_date': 1741381200.0, 'date_done': 1741445997.436, 'points': 10}
{'clickup_id': '86erphnyw', 'task_name': 'check payments', 'due_date': 1740862800.0, 'date_done': 1740901954.629, 'points': 10}
{'clickup_id': '86ernzget', 'task_name': 'test moving to 20.15', 'due_date': None, 'date_done': 1744789793.897, 'points': 10}
{'clickup_id': '86ernhpja', 'task_name': 'choose players and confirm for friday', 'due_date': None, 'date_done': 1740663996.055, 'points': 10}
{'clickup_id': '86ermvp1g', 'task_name': 'hire design shirts', 'due_date': 1741122000.0, 'date_done': 1741275769.94, 'points': 10}
{'clickup_id': '86ermuqm5', 'task_name': 'call and change for 60 minutes', 'due_date': 1740517200.0, 'date_done': 1740539135.202, 'points': 10}
{'clickup_id': '86ermjjnn', 'task_name': 'do 5 exercises', 'due_date': 1740517200.0, 'date_done': 1740916389.716, 'points': 10}
{'clickup_id': '86ermjjnc', 'task_name': 'prepare wednesday training', 'due_date': 1740517200.0, 'date_done': 1740564770.479, 'points': 10}
{'clickup_id': '86erkwvb8', 'task_name': 'check payments', 'due_date': None, 'date_done': 1740590854.477, 'points': 10}
{'clickup_id': '86erf356k', 'task_name': 'pay coach', 'due_date': None, 'date_done': 1739011725.181, 'points': 10}
{'clickup_id': '86erf3291', 'task_name': 'buy long pants', 'due_date': None, 'date_done': 1738742944.89, 'points': 10}
{'clickup_id': '86erf0fud', 'task_name': 'call pitch and change to 90 minutes', 'due_date': None, 'date_done': 1738736404.436, 'points': 10}
{'clickup_id': '86erez4wf', 'task_name': 'design shirt', 'due_date': 1740862800.0, 'date_done': 1739164087.115, 'points': 10}
{'clickup_id': '86erez4w3', 'task_name': 'choose shirts supplier', 'due_date': None, 'date_done': 1739114735.824, 'points': 10}
{'clickup_id': '86erez4vu', 'task_name': 'hire shirts', 'due_date': 1749934800.0, 'date_done': 1748984058.413, 'points': 10}
{'clickup_id': '86erez420', 'task_name': 'Prepare next training', 'due_date': None, 'date_done': 1738717391.882, 'points': 10}
HP is 100
XP is 0
Level is 0
cannot write mode RGBA as JPEG
{'clickup_id': '86eux8fw8', 'task_name': 'Anual blood test Tony', 'due_date': 1758834000.0, 'date_done': 1758206005.438, 'points': 10}
{'clickup_id': '86eux8fv9', 'task_name': 'Anual blood test Tony', 'due_date': None, 'date_done': 1758205892.371, 'points': 10}
{'clickup_id': '86euwfrmb', 'task_name': 'organize shirt', 'due_date': 1758056400.0, 'date_done': 1758094973.138, 'points': 10}
{'clickup_id': '86euwf6j0', 'task_name': 'Put list', 'due_date': 1758574800.0, 'date_done': None, 'points': 5}
{'clickup_id': '86euuug6p', 'task_name': 'prepare kids training 2', 'due_date': 1758229200.0, 'date_done': 1758439392.622, 'points': 10}
{'clickup_id': '86euu10je', 'task_name': 'prepare kids training 1', 'due_date': 1758056400.0, 'date_done': 1758376467.715, 'points': 10}
{'clickup_id': '86eutnfze', 'task_name': 'boost post', 'due_date': 1757365200.0, 'date_done': 1757391604.635, 'points': 10}
{'clickup_id': '86eutnfp4', 'task_name': 'Put list', 'due_date': 1757970000.0, 'date_done': 1758180819.753, 'points': 10}
{'clickup_id': '86eurjrnv', 'task_name': 'prepare kids training 2', 'due_date': 1757538000.0, 'date_done': 1757585483.494, 'points': 10}
{'clickup_id': '86euqrxnc', 'task_name': 'prepare kids training 1', 'due_date': 1757451600.0, 'date_done': 1757462750.119, 'points': 10}
{'clickup_id': '86euq9fxm', 'task_name': 'Put list', 'due_date': 1757365200.0, 'date_done': 1757385333.558, 'points': 10}
{'clickup_id': '86eunv3n5', 'task_name': 'prepare kids training 2', 'due_date': 1757019600.0, 'date_done': 1757272755.179, 'points': 10}
{'clickup_id': '86eun113u', 'task_name': 'prepare kids training 1', 'due_date': 1756846800.0, 'date_done': 1757011136.811, 'points': 10}
{'clickup_id': '86eumj7wz', 'task_name': 'Put list', 'due_date': 1756760400.0, 'date_done': 1756842088.226, 'points': 10}
{'clickup_id': '86eukaunv', 'task_name': 'prepare kids training 2', 'due_date': 1756414800.0, 'date_done': 1756568160.432, 'points': 10}
{'clickup_id': '86eujmx0w', 'task_name': 'prepare kids training 1', 'due_date': 1756242000.0, 'date_done': 1756325459.634, 'points': 10}
{'clickup_id': '86eujanc4', 'task_name': 'Put list', 'due_date': 1756155600.0, 'date_done': 1756214114.574, 'points': 10}
{'clickup_id': '86eujanbt', 'task_name': 'Put list', 'due_date': 1755637200.0, 'date_done': 1755644429.253, 'points': 10}
{'clickup_id': '86eugu1f7', 'task_name': 'prepare kids training 2', 'due_date': 1755810000.0, 'date_done': 1755972931.156, 'points': 10}
{'clickup_id': '86eug0h9f', 'task_name': 'prepare kids training 1', 'due_date': 1755637200.0, 'date_done': 1755972930.065, 'points': 10}
{'clickup_id': '86eue8h53', 'task_name': 'prepare kids training 2', 'due_date': 1755205200.0, 'date_done': 1755635621.15, 'points': 10}
{'clickup_id': '86eudfwdn', 'task_name': 'prepare kids training 1', 'due_date': 1755032400.0, 'date_done': 1755411593.477, 'points': 10}
{'clickup_id': '86eudfk6h', 'task_name': 'call schools', 'due_date': 1755550800.0, 'date_done': 1755635599.361, 'points': 10}
{'clickup_id': '86eudfk6e', 'task_name': 'follow up schools on facebook', 'due_date': 1755464400.0, 'date_done': 1755635636.933, 'points': 10}
{'clickup_id': '86eudegxk', 'task_name': 'put list and inform saturday no training', 'due_date': 1754427600.0, 'date_done': 1754438189.186, 'points': 10}
{'clickup_id': '86eud4kef', 'task_name': 'select videos and share with tony academy', 'due_date': 1754341200.0, 'date_done': 1754409052.335, 'points': 10}
{'clickup_id': '86eucd5yk', 'task_name': 'prepare emails contacts', 'due_date': 1754168400.0, 'date_done': 1754342990.439, 'points': 10}
{'clickup_id': '86eucd5v6', 'task_name': 'send emails to schools with project', 'due_date': 1754254800.0, 'date_done': 1754429849.232, 'points': 10}
{'clickup_id': '86eucb7h0', 'task_name': 'prepare kids training 2', 'due_date': 1754686800.0, 'date_done': 1754689342.216, 'points': 10}
{'clickup_id': '86euc26qq', 'task_name': 'remove admin of not used fb', 'due_date': 1754082000.0, 'date_done': 1753990189.227, 'points': 10}
{'clickup_id': '86eubqzmt', 'task_name': 'create proyect for schools', 'due_date': 1753995600.0, 'date_done': 1754087994.748, 'points': 10}
{'clickup_id': '86eubqgzj', 'task_name': 'prepare kids training 1', 'due_date': 1754427600.0, 'date_done': 1754435081.019, 'points': 10}
{'clickup_id': '86eub454g', 'task_name': 'post new video on social', 'due_date': 1758488400.0, 'date_done': None, 'points': 10}
{'clickup_id': '86eub3z7g', 'task_name': 'download all coach videos', 'due_date': 1753650000.0, 'date_done': 1753895432.64, 'points': 10}
{'clickup_id': '86eub2h9g', 'task_name': 'register tony fc in tournament', 'due_date': 1753909200.0, 'date_done': 1753915469.928, 'points': 10}
{'clickup_id': '86eua3tbb', 'task_name': 'prepare kids training 2', 'due_date': 1753995600.0, 'date_done': 1754172741.445, 'points': 10}
{'clickup_id': '86eu9bm63', 'task_name': 'prepare kids training 1', 'due_date': 1753822800.0, 'date_done': 1754138358.814, 'points': 10}
{'clickup_id': '86eu8r4hx', 'task_name': 'buy extra equipment', 'due_date': 1753131600.0, 'date_done': 1753431921.116, 'points': 10}
{'clickup_id': '86eu8r1v7', 'task_name': 'coach exam', 'due_date': 1753131600.0, 'date_done': 1753169667.116, 'points': 10}
{'clickup_id': '86eu7dnx0', 'task_name': 'prepare kids training 2', 'due_date': 1753390800.0, 'date_done': 1753616437.471, 'points': 10}
{'clickup_id': '86eu7864u', 'task_name': 'add cv to project', 'due_date': 1752872400.0, 'date_done': 1752904049.89, 'points': 10}
{'clickup_id': '86eu7860p', 'task_name': 'remove white from logo background', 'due_date': 1752786000.0, 'date_done': 1752824713.311, 'points': 10}
{'clickup_id': '86eu6h4ng', 'task_name': 'prepare kids training 1', 'due_date': 1753218000.0, 'date_done': 1753616438.528, 'points': 10}
{'clickup_id': '86eu5x80v', 'task_name': 'create video tony academy', 'due_date': 1752440400.0, 'date_done': 1752634624.529, 'points': 10}
{'clickup_id': '86eu5dzb8', 'task_name': 'check payments', 'due_date': 1752354000.0, 'date_done': 1752557648.575, 'points': 10}
{'clickup_id': '86eu5da2n', 'task_name': 'marketing tony academy', 'due_date': 1752958800.0, 'date_done': 1753988292.976, 'points': 10}
{'clickup_id': '86eu5d3qr', 'task_name': 'post pic benefits', 'due_date': 1752440400.0, 'date_done': 1752475802.179, 'points': 10}
{'clickup_id': '86eu4t4n2', 'task_name': 'prepare kids training 2', 'due_date': 1752958800.0, 'date_done': 1753009990.151, 'points': 10}
{'clickup_id': '86eu447me', 'task_name': 'prepare kids training 1', 'due_date': 1752613200.0, 'date_done': 1752904024.9, 'points': 10}
{'clickup_id': '86eu3tvbx', 'task_name': 'open tiktok', 'due_date': 1752958800.0, 'date_done': 1753914821.814, 'points': 10}
{'clickup_id': '86eu3tvbm', 'task_name': 'open ig', 'due_date': 1752958800.0, 'date_done': 1753914823.151, 'points': 10}
{'clickup_id': '86eu3tvbc', 'task_name': 'post video on facebook', 'due_date': 1752008400.0, 'date_done': 1752098786.068, 'points': 10}
{'clickup_id': '86eu3d1z1', 'task_name': 'create video for tony academy', 'due_date': 1751922000.0, 'date_done': 1751932828.624, 'points': 10}
{'clickup_id': '86eu2z9f8', 'task_name': 'check payments of last weekend', 'due_date': 1751835600.0, 'date_done': 1751845234.53, 'points': 10}
{'clickup_id': '86eu2yzxn', 'task_name': 'fix crypto', 'due_date': 1751749200.0, 'date_done': 1751832609.145, 'points': 10}
{'clickup_id': '86eu2fjw2', 'task_name': 'prepare kids training 2', 'due_date': 1752181200.0, 'date_done': 1752395499.096, 'points': 10}
{'clickup_id': '86eu2fjgg', 'task_name': 'prepare kids training 1', 'due_date': 1752008400.0, 'date_done': 1752362603.163, 'points': 10}
{'clickup_id': '86etzg0p6', 'task_name': 'prepare kids training 1', 'due_date': 1751576400.0, 'date_done': 1751704821.318, 'points': 10}
{'clickup_id': '86etzfur6', 'task_name': 'prepare kids training 2', 'due_date': 1751576400.0, 'date_done': 1751790736.887, 'points': 10}
{'clickup_id': '86etyq1m1', 'task_name': 'pending class', 'due_date': 1750798800.0, 'date_done': 1750892782.124, 'points': 10}
{'clickup_id': '86etx8105', 'task_name': 'confirm hours to pan', 'due_date': 1750626000.0, 'date_done': 1750667301.51, 'points': 10}
{'clickup_id': '86etwp4pm', 'task_name': 'prepare kids training 2', 'due_date': 1750885200.0, 'date_done': 1751037650.441, 'points': 10}
{'clickup_id': '86etwp4ev', 'task_name': 'prepare kids training 1', 'due_date': 1750885200.0, 'date_done': 1751139567.859, 'points': 10}
{'clickup_id': '86etu71br', 'task_name': 'prepare kids training 2', 'due_date': 1750366800.0, 'date_done': 1750612403.552, 'points': 10}
{'clickup_id': '86etu1272', 'task_name': 'prepare kids training 1', 'due_date': 1750366800.0, 'date_done': 1750612400.855, 'points': 10}
{'clickup_id': '86eth61m4', 'task_name': 'post tony academy on fb groups', 'due_date': 1758488400.0, 'date_done': None, 'points': 10}
{'clickup_id': '86euy337n', 'task_name': 'add buenos modales slide', 'due_date': 1758488400.0, 'date_done': None, 'points': 10}
{'clickup_id': '86euwppe9', 'task_name': 'prepare spanish classes', 'due_date': 1758142800.0, 'date_done': 1758217311.134, 'points': 10}
{'clickup_id': '86euv8wmx', 'task_name': 'Lamud 6 pm', 'due_date': 1758229200.0, 'date_done': 1758206020.972, 'points': 10}
{'clickup_id': '86euuanza', 'task_name': 'Lamud 6 pm', 'due_date': 1758056400.0, 'date_done': 1758179905.155, 'points': 10}
{'clickup_id': '86euu4fed', 'task_name': 'Gift 11 am', 'due_date': 1758056400.0, 'date_done': 1758085902.941, 'points': 10}
{'clickup_id': '86eut4btu', 'task_name': 'arrange time with kwan', 'due_date': 1757278800.0, 'date_done': 1757392030.374, 'points': 10}
{'clickup_id': '86eut4bj1', 'task_name': 'Japanese 2 pm', 'due_date': 1757451600.0, 'date_done': 1757556928.455, 'points': 10}
{'clickup_id': '86eurjrp6', 'task_name': 'Lamud 6 pm', 'due_date': 1757624400.0, 'date_done': 1757750610.299, 'points': 10}
{'clickup_id': '86eur8eum', 'task_name': 'prepare class b1', 'due_date': 1756933200.0, 'date_done': 1757002697.061, 'points': 10}
{'clickup_id': '86euqragp', 'task_name': 'Gift 11 am', 'due_date': 1757278800.0, 'date_done': 1757324808.387, 'points': 10}
{'clickup_id': '86euqraek', 'task_name': 'Lamud 6 pm', 'due_date': 1757451600.0, 'date_done': 1757556929.411, 'points': 10}
{'clickup_id': '86euqjten', 'task_name': 'Gift 11 am', 'due_date': 1757451600.0, 'date_done': 1757486766.537, 'points': 10}
{'clickup_id': '86euqbt7w', 'task_name': 'Gift 11 am', 'due_date': 1756846800.0, 'date_done': 1756885058.462, 'points': 10}
{'clickup_id': '86eunv3nj', 'task_name': 'Lamud 6 pm', 'due_date': 1757019600.0, 'date_done': 1757122612.574, 'points': 10}
{'clickup_id': '86eun10f8', 'task_name': 'Lamud 6 pm', 'due_date': 1756846800.0, 'date_done': 1756910876.362, 'points': 10}
{'clickup_id': '86eun0xvb', 'task_name': 'check time for pan and kwan', 'due_date': 1756328400.0, 'date_done': 1756405734.142, 'points': 10}
{'clickup_id': '86eumjdy0', 'task_name': 'check time for new student', 'due_date': 1756328400.0, 'date_done': 1756405726.4, 'points': 10}
{'clickup_id': '86eum6fr5', 'task_name': 'Yonlada 2 pm', 'due_date': 1756674000.0, 'date_done': 1756752550.969, 'points': 10}
{'clickup_id': '86eum6ffx', 'task_name': 'Pooh 6 pm', 'due_date': 1756674000.0, 'date_done': 1756752548.34, 'points': 10}
{'clickup_id': '86euk6xuw', 'task_name': 'Lamud 6 pm', 'due_date': 1756414800.0, 'date_done': 1756489452.718, 'points': 10}
{'clickup_id': '86euk00kw', 'task_name': 'Pan 4 pm', 'due_date': 1756328400.0, 'date_done': 1756405736.209, 'points': 10}
{'clickup_id': '86eujk6b2', 'task_name': 'Lamud 6 pm', 'due_date': 1756242000.0, 'date_done': 1756325461.693, 'points': 10}
{'clickup_id': '86eujap5y', 'task_name': 'Analyze spanish programs', 'due_date': 1756069200.0, 'date_done': 1756325464.838, 'points': 10}
{'clickup_id': '86euj8p5v', 'task_name': 'Pan 4 pm', 'due_date': 1756155600.0, 'date_done': 1756214116.289, 'points': 10}
{'clickup_id': '86euhuauq', 'task_name': 'Yonlada 2 pm', 'due_date': 1756069200.0, 'date_done': 1756150771.92, 'points': 10}
{'clickup_id': '86euhuah8', 'task_name': 'Pooh 6 pm', 'due_date': 1756069200.0, 'date_done': 1756150762.576, 'points': 10}
{'clickup_id': '86eugu1fb', 'task_name': 'Lamud 6 pm', 'due_date': 1755810000.0, 'date_done': 1755852076.391, 'points': 10}
{'clickup_id': '86eugu1cy', 'task_name': 'Kwan 4 pm', 'due_date': 1755810000.0, 'date_done': 1755857299.276, 'points': 10}
{'clickup_id': '86eugc7ju', 'task_name': 'Pan 4 pm', 'due_date': 1755723600.0, 'date_done': 1755804845.797, 'points': 10}
{'clickup_id': '86eug0gjb', 'task_name': 'Lamud 6 pm', 'due_date': 1755637200.0, 'date_done': 1755693320.11, 'points': 10}
{'clickup_id': '86eufjyuv', 'task_name': 'Pan 4 pm', 'due_date': 1755550800.0, 'date_done': 1755635624.935, 'points': 10}
{'clickup_id': '86euf5ek0', 'task_name': 'Yonlada 2 pm', 'due_date': 1755464400.0, 'date_done': 1755635608.804, 'points': 10}
{'clickup_id': '86euf5eca', 'task_name': 'Pooh 6 pm', 'due_date': 1755464400.0, 'date_done': 1755635607.336, 'points': 10}
{'clickup_id': '86eue26n9', 'task_name': 'sonia 4 pm', 'due_date': 1754859600.0, 'date_done': 1754985535.62, 'points': 10}
{'clickup_id': '86eudrn9q', 'task_name': 'Lamud 6 pm', 'due_date': 1755032400.0, 'date_done': 1755149980.718, 'points': 10}
{'clickup_id': '86eudegqb', 'task_name': 'Pan 4 pm', 'due_date': 1754946000.0, 'date_done': 1755149971.354, 'points': 10}
{'clickup_id': '86eud4bzu', 'task_name': 'Kwan 4 pm', 'due_date': 1755205200.0, 'date_done': 1755411594.955, 'points': 10}
{'clickup_id': '86eud4bze', 'task_name': 'Lamud 6 pm', 'due_date': 1755205200.0, 'date_done': 1755411585.814, 'points': 10}
{'clickup_id': '86eud4byp', 'task_name': 'Pan 4 pm', 'due_date': 1755118800.0, 'date_done': 1755233504.323, 'points': 10}
{'clickup_id': '86eud4bx4', 'task_name': 'confirm time for sonia', 'due_date': 1754341200.0, 'date_done': 1754342088.006, 'points': 10}
{'clickup_id': '86eud34dc', 'task_name': 'Yonlada 2 pm', 'due_date': 1754859600.0, 'date_done': 1754985534.586, 'points': 10}
{'clickup_id': '86eud346k', 'task_name': 'Pooh 6 pm', 'due_date': 1754859600.0, 'date_done': 1754985536.994, 'points': 10}
{'clickup_id': '86eucb7hc', 'task_name': 'Lamud 6 pm', 'due_date': 1754600400.0, 'date_done': 1754340914.493, 'points': 10}
{'clickup_id': '86eubqg9w', 'task_name': 'Lamud 6 pm', 'due_date': 1754427600.0, 'date_done': 1754586363.592, 'points': 10}
{'clickup_id': '86eub2zk9', 'task_name': 'Kwan 4 pm', 'due_date': 1754600400.0, 'date_done': 1754340917.843, 'points': 10}
{'clickup_id': '86euazvf9', 'task_name': 'Pooh 6 pm', 'due_date': 1754254800.0, 'date_done': 1754340863.144, 'points': 10}
{'clickup_id': '86eua131n', 'task_name': 'Lamud 6 pm', 'due_date': 1753995600.0, 'date_done': 1754077992.893, 'points': 10}
{'clickup_id': '86eua0pwh', 'task_name': 'Kwan 4 pm', 'due_date': 1753995600.0, 'date_done': 1753725197.618, 'points': 10}
{'clickup_id': '86eu9mnhn', 'task_name': 'Pan 4 pm', 'due_date': 1754514000.0, 'date_done': 1754340911.207, 'points': 10}
{'clickup_id': '86eu9mna4', 'task_name': 'Pan 4 pm', 'due_date': 1754341200.0, 'date_done': 1754409049.624, 'points': 10}
{'clickup_id': '86eu9mn5m', 'task_name': 'Pan 4 pm', 'due_date': 1753909200.0, 'date_done': 1753352100.757, 'points': 10}
{'clickup_id': '86eu9bkgm', 'task_name': 'Lamud 6 pm', 'due_date': 1753822800.0, 'date_done': 1753895469.286, 'points': 10}
{'clickup_id': '86eu8wjrp', 'task_name': 'Pan 4 pm', 'due_date': 1753736400.0, 'date_done': 1753352076.683, 'points': 10}
{'clickup_id': '86eu8dzjz', 'task_name': 'Pooh 6 pm', 'due_date': 1753650000.0, 'date_done': 1753699147.831, 'points': 10}
{'clickup_id': '86eu8bwfn', 'task_name': 'Yonlada 2 pm', 'due_date': 1754254800.0, 'date_done': 1754340861.818, 'points': 10}
{'clickup_id': '86eu8bw5n', 'task_name': 'Yonlada 2 pm', 'due_date': 1753650000.0, 'date_done': 1753094437.616, 'points': 10}
{'clickup_id': '86eu7dnxf', 'task_name': 'Lamud 6 pm', 'due_date': 1753390800.0, 'date_done': 1753439811.916, 'points': 10}
{'clickup_id': '86eu7dnv2', 'task_name': 'Kwan 4 pm', 'due_date': 1753390800.0, 'date_done': 1753438165.144, 'points': 10}
{'clickup_id': '86eu787e0', 'task_name': 'fiaw 4 pm', 'due_date': 1753045200.0, 'date_done': 1753094419.858, 'points': 10}
{'clickup_id': '86eu6w73r', 'task_name': 'Pan 4 pm', 'due_date': 1753304400.0, 'date_done': 1753352059.949, 'points': 10}
{'clickup_id': '86eu6h40n', 'task_name': 'Lamud 6 pm', 'due_date': 1753218000.0, 'date_done': 1753352053.406, 'points': 10}
{'clickup_id': '86eu64h8x', 'task_name': 'Pan 4 pm', 'due_date': 1753131600.0, 'date_done': 1753188968.248, 'points': 10}
{'clickup_id': '86eu60b0v', 'task_name': 'Fiaw 4 pm', 'due_date': 1752613200.0, 'date_done': 1752719877.707, 'points': 10}
{'clickup_id': '86eu5x32r', 'task_name': 'reply Siriporn', 'due_date': 1752440400.0, 'date_done': 1752557192.613, 'points': 10}
{'clickup_id': '86eu5n9rv', 'task_name': 'Yonlada 2 pm', 'due_date': 1753045200.0, 'date_done': 1753094419.14, 'points': 10}
{'clickup_id': '86eu5d50t', 'task_name': 'prepare spanish class', 'due_date': 1752613200.0, 'date_done': 1752937296.554, 'points': 10}
{'clickup_id': '86eu5d4me', 'task_name': 'check expiring times', 'due_date': 1752440400.0, 'date_done': 1752475803.725, 'points': 10}
{'clickup_id': '86eu5d1y7', 'task_name': 'find time slot for navy', 'due_date': 1752440400.0, 'date_done': 1752472889.909, 'points': 10}
{'clickup_id': '86eu5cxfg', 'task_name': 'Pooh 6 pm', 'due_date': 1753045200.0, 'date_done': 1753099798.315, 'points': 10}
{'clickup_id': '86eu4w960', 'task_name': 'send application to fiaw', 'due_date': 1752267600.0, 'date_done': 1752471827.076, 'points': 10}
{'clickup_id': '86eu4pjwz', 'task_name': 'Kwan 4 pm', 'due_date': 1752786000.0, 'date_done': 1752904026.11, 'points': 10}
{'clickup_id': '86eu4jdr8', 'task_name': 'Lamud 6 pm', 'due_date': 1752786000.0, 'date_done': 1752904027.344, 'points': 10}
{'clickup_id': '86eu4e4a5', 'task_name': 'Pan 4 pm', 'due_date': 1752699600.0, 'date_done': 1752751615.76, 'points': 10}
{'clickup_id': '86eu4bbum', 'task_name': 'group class 1 pm', 'due_date': 1752267600.0, 'date_done': 1752362600.272, 'points': 10}
{'clickup_id': '86eu45r91', 'task_name': 'schedule 1st class with navy and fiaw', 'due_date': 1752094800.0, 'date_done': 1752135995.441, 'points': 10}
{'clickup_id': '86eu45r8t', 'task_name': 'record classes for fiaw and navy (2, 3, 4)', 'due_date': 1752094800.0, 'date_done': 1752556687.247, 'points': 10}
{'clickup_id': '86eu45jmq', 'task_name': 'send 3rd class to lamud', 'due_date': 1752094800.0, 'date_done': 1752137325.536, 'points': 10}
{'clickup_id': '86eu4472d', 'task_name': 'Lamud 6 pm', 'due_date': 1752613200.0, 'date_done': 1752719878.949, 'points': 10}
{'clickup_id': '86eu3rqqn', 'task_name': 'Pan 4 pm', 'due_date': 1752526800.0, 'date_done': 1752627235.397, 'points': 10}
{'clickup_id': '86eu3btq4', 'task_name': 'Yonlada 2 pm', 'due_date': 1752440400.0, 'date_done': 1752556681.471, 'points': 10}
{'clickup_id': '86eu3bthe', 'task_name': 'Pooh 6 pm', 'due_date': 1752440400.0, 'date_done': 1752471302.948, 'points': 10}
{'clickup_id': '86eu307kc', 'task_name': 'test class spanish 5.30 pm', 'due_date': 1751922000.0, 'date_done': 1751999032.784, 'points': 10}
{'clickup_id': '86eu2fk5t', 'task_name': 'Lamud 6 pm', 'due_date': 1752181200.0, 'date_done': 1752204323.582, 'points': 10}
{'clickup_id': '86eu2fjmc', 'task_name': 'Kwan 4 pm', 'due_date': 1752181200.0, 'date_done': 1752228913.457, 'points': 10}
{'clickup_id': '86eu28hun', 'task_name': 'prepare 2nd class spanish', 'due_date': 1752181200.0, 'date_done': 1752224139.297, 'points': 10}
{'clickup_id': '86eu28huf', 'task_name': 'prepare 1st class spanish', 'due_date': 1752181200.0, 'date_done': 1752204329.773, 'points': 10}
{'clickup_id': '86eu256kt', 'task_name': 'Pan 4 pm', 'due_date': 1752094800.0, 'date_done': 1752154599.157, 'points': 10}
{'clickup_id': '86eu1q13v', 'task_name': 'Lamud 6 pm', 'due_date': 1752008400.0, 'date_done': 1752098780.211, 'points': 10}
{'clickup_id': '86eu13b4m', 'task_name': 'Pan 4 pm', 'due_date': 1751922000.0, 'date_done': 1751999030.835, 'points': 10}
{'clickup_id': '86eu0hrhr', 'task_name': 'Yonlada 2 pm', 'due_date': 1751835600.0, 'date_done': 1751914291.899, 'points': 10}
{'clickup_id': '86eu0hrhh', 'task_name': 'Pooh 6 pm', 'due_date': 1751835600.0, 'date_done': 1751914292.368, 'points': 10}
{'clickup_id': '86etu0dyk', 'task_name': 'prepare kids training 2', 'due_date': 1749848400.0, 'date_done': 1749959774.732, 'points': 10}
{'clickup_id': '86ettzp5a', 'task_name': 'prepare kids training 1', 'due_date': 1749762000.0, 'date_done': 1749802449.673, 'points': 10}
{'clickup_id': '86etta8qu', 'task_name': 'return shirt', 'due_date': 1749762000.0, 'date_done': 1749771409.522, 'points': 10}
{'clickup_id': '86etrqaa8', 'task_name': 'post video on tony academy', 'due_date': 1749502800.0, 'date_done': 1749601848.654, 'points': 10}
{'clickup_id': '86etr67e5', 'task_name': 'stamp logo on shirt', 'due_date': 1749502800.0, 'date_done': 1749638445.87, 'points': 10}
{'clickup_id': '86etr67dn', 'task_name': 'buy bag for balls', 'due_date': 1749330000.0, 'date_done': 1749386423.815, 'points': 10}
{'clickup_id': '86etr67dh', 'task_name': 'buy extra balls?', 'due_date': 1749330000.0, 'date_done': 1749388183.8, 'points': 10}
{'clickup_id': '86etqzrg5', 'task_name': 'Nattan 1 pm', 'due_date': 1749934800.0, 'date_done': 1749957362.883, 'points': 10}
{'clickup_id': '86etqx18j', 'task_name': 'prepare 1st class spanish', 'due_date': 1749762000.0, 'date_done': 1748716435.786, 'points': 10}
{'clickup_id': '86etqx17w', 'task_name': 'prepare 1st class spanish', 'due_date': 1749157200.0, 'date_done': 1748716435.786, 'points': 10}
{'clickup_id': '86etqmwwa', 'task_name': 'prepare training kids', 'due_date': 1749157200.0, 'date_done': 1749229209.483, 'points': 10}
{'clickup_id': '86etpxdrx', 'task_name': 'buy more balls', 'due_date': 1748984400.0, 'date_done': 1749066395.364, 'points': 10}
{'clickup_id': '86etpvtn5', 'task_name': 'invite other parents to the group', 'due_date': 1748984400.0, 'date_done': 1748995402.871, 'points': 10}
{'clickup_id': '86etpvtmu', 'task_name': 'send app', 'due_date': 1748984400.0, 'date_done': 1748991700.491, 'points': 10}
{'clickup_id': '86etpeqmu', 'task_name': 'book pitch saturday', 'due_date': 1748898000.0, 'date_done': 1748967435.746, 'points': 10}
{'clickup_id': '86etpej76', 'task_name': 'Pooh 6 pm', 'due_date': 1749416400.0, 'date_done': 1748876436.147, 'points': 10}
{'clickup_id': '86etpej5j', 'task_name': 'Yonlada 2 pm', 'due_date': 1749416400.0, 'date_done': 1748876433.082, 'points': 10}
{'clickup_id': '86etp497h', 'task_name': 'Nattan 2 pm', 'due_date': 1749330000.0, 'date_done': 1749374340.851, 'points': 10}
{'clickup_id': '86etp48xj', 'task_name': 'Kwan 4 pm', 'due_date': 1749502800.0, 'date_done': 1749550283.394, 'points': 10}
{'clickup_id': '86etp48x4', 'task_name': 'Kwan 4 pm', 'due_date': 1749157200.0, 'date_done': 1749219711.507, 'points': 10}
{'clickup_id': '86etp48w2', 'task_name': 'Kwan 4 pm', 'due_date': 1749070800.0, 'date_done': 1749117139.991, 'points': 10}
{'clickup_id': '86etp48u6', 'task_name': 'Kwan 4 pm', 'due_date': 1748984400.0, 'date_done': 1749031535.52, 'points': 10}
{'clickup_id': '86etp48nj', 'task_name': 'Kwan 4 pm', 'due_date': 1748898000.0, 'date_done': 1748967430.053, 'points': 10}
{'clickup_id': '86etp48mc', 'task_name': 'Kwan 4 pm', 'due_date': 1748811600.0, 'date_done': 1748876434.22, 'points': 10}
{'clickup_id': '86etp48ef', 'task_name': 'Yonlada 2 pm', 'due_date': 1748811600.0, 'date_done': 1748876433.082, 'points': 10}
{'clickup_id': '86etp48by', 'task_name': 'Pooh 6 pm', 'due_date': 1748811600.0, 'date_done': 1748876436.147, 'points': 10}
{'clickup_id': '86etnuqc5', 'task_name': 'prepare 2nd class spanish', 'due_date': 1749157200.0, 'date_done': 1748716435.786, 'points': 10}
{'clickup_id': '86etnuq01', 'task_name': 'buy balls for academy', 'due_date': 1748725200.0, 'date_done': 1748758564.97, 'points': 10}
{'clickup_id': '86etnaw5t', 'task_name': 'prepare class 6', 'due_date': 1748552400.0, 'date_done': 1748757369.221, 'points': 10}
{'clickup_id': '86etnaw47', 'task_name': 'prepare class 5', 'due_date': 1748552400.0, 'date_done': 1748739584.951, 'points': 10}
{'clickup_id': '86etkz4e1', 'task_name': 'create questions for spanish system', 'due_date': 1748552400.0, 'date_done': 1748716427.39, 'points': 10}
{'clickup_id': '86etkwqm0', 'task_name': 'buy domain TeacherOh.com', 'due_date': 1748379600.0, 'date_done': 1748388158.478, 'points': 10}
{'clickup_id': '86etkwqhy', 'task_name': 'deploy spanish system', 'due_date': 1748379600.0, 'date_done': 1748474213.361, 'points': 10}
{'clickup_id': '86etkgwcb', 'task_name': 'send files for printing logo', 'due_date': 1748206800.0, 'date_done': 1748193913.47, 'points': 10}
{'clickup_id': '86etk979c', 'task_name': 'create system for spanish practice locally', 'due_date': 1748206800.0, 'date_done': 1748292839.9, 'points': 10}
{'clickup_id': '86etjtv91', 'task_name': 'prepare class spanish', 'due_date': 1748725200.0, 'date_done': 1748716435.786, 'points': 10}
{'clickup_id': '86ethq399', 'task_name': 'prepare class spanish 4', 'due_date': 1747947600.0, 'date_done': 1748081627.189, 'points': 10}
{'clickup_id': '86etgt6j2', 'task_name': 'prepare class spanish', 'due_date': 1748120400.0, 'date_done': 1747946066.24, 'points': 10}
{'clickup_id': '86etgnqt3', 'task_name': 'prepare class spanish 3', 'due_date': 1747602000.0, 'date_done': 1747732508.876, 'points': 10}
{'clickup_id': '86etfvbtu', 'task_name': 'create new cover for spanish page', 'due_date': 1748725200.0, 'date_done': 1748794169.568, 'points': 10}
{'clickup_id': '86eteybdr', 'task_name': 'boost spanish ads', 'due_date': 1747170000.0, 'date_done': 1747206775.798, 'points': 10}
{'clickup_id': '86etc0rv7', 'task_name': 'prepare schedule', 'due_date': 1746392400.0, 'date_done': 1746445933.407, 'points': 10}
{'clickup_id': '86etc0rtz', 'task_name': 'boost chess', 'due_date': 1746392400.0, 'date_done': 1746445929.704, 'points': 10}
{'clickup_id': '86etc0rrj', 'task_name': 'create account for chess', 'due_date': 1746306000.0, 'date_done': 1746439069.005, 'points': 10}
{'clickup_id': '86etc0rpr', 'task_name': 'create account for football', 'due_date': 1746738000.0, 'date_done': 1746794988.693, 'points': 10}
{'clickup_id': '86etbq1gp', 'task_name': 'create video for spanish', 'due_date': 1747688400.0, 'date_done': 1747943487.585, 'points': 10}
{'clickup_id': '86etbq1fx', 'task_name': 'prepare outline of program for spanish', 'due_date': 1746392400.0, 'date_done': 1746958809.411, 'points': 10}
{'clickup_id': '86etbpgxg', 'task_name': 'fix ais', 'due_date': 1747083600.0, 'date_done': 1747155786.614, 'points': 10}
{'clickup_id': '86etbe7au', 'task_name': 'set automatic replies for spanish page', 'due_date': 1746219600.0, 'date_done': 1746461443.625, 'points': 10}
{'clickup_id': '86etbe6er', 'task_name': 'boost ads for football', 'due_date': 1747170000.0, 'date_done': 1747491915.174, 'points': 10}
{'clickup_id': '86etbe6e5', 'task_name': 'boost ads for chess', 'due_date': 1746219600.0, 'date_done': 1746445936.908, 'points': 10}
{'clickup_id': '86etbe6d8', 'task_name': 'prepare program for spanish group classes', 'due_date': 1746478800.0, 'date_done': 1746897555.981, 'points': 10}
{'clickup_id': '86etbe6c9', 'task_name': 'research coworking spaces for chess', 'due_date': 1746219600.0, 'date_done': 1746342219.638, 'points': 10}
{'clickup_id': '86etaqgv8', 'task_name': 'cancel canva free trial', 'due_date': 1748466000.0, 'date_done': 1748453850.616, 'points': 10}
{'clickup_id': '86etac0n6', 'task_name': 'prepare cv for contacting schools', 'due_date': 1745960400.0, 'date_done': 1746260164.659, 'points': 10}
{'clickup_id': '86etac0c3', 'task_name': 'boost ads', 'due_date': 1745960400.0, 'date_done': 1746260171.96, 'points': 10}
{'clickup_id': '86etac00u', 'task_name': 'create videos for chess', 'due_date': 1746306000.0, 'date_done': 1746348102.812, 'points': 10}
{'clickup_id': '86etabzvx', 'task_name': 'post for 3 activities', 'due_date': 1745960400.0, 'date_done': 1746445940.097, 'points': 10}
{'clickup_id': '86etabzn8', 'task_name': 'create accounts for 3 activities', 'due_date': 1746219600.0, 'date_done': 1746439053.037, 'points': 10}
{'clickup_id': '86etabydh', 'task_name': 'send emails to schools about chess', 'due_date': 1745960400.0, 'date_done': 1746260163.469, 'points': 10}
{'clickup_id': '86etaby70', 'task_name': 'contact ad about teaching', 'due_date': 1746478800.0, 'date_done': 1746958814.64, 'points': 10}
{'clickup_id': '86et9k6hk', 'task_name': 'record video', 'due_date': 1745787600.0, 'date_done': 1745830052.268, 'points': 10}
{'clickup_id': '86et9gn1q', 'task_name': 'research about paying ads', 'due_date': 1745787600.0, 'date_done': 1746260171.341, 'points': 10}
{'clickup_id': '86et9gmzg', 'task_name': 'post in freelance websites', 'due_date': 1745787600.0, 'date_done': 1745830054.018, 'points': 10}
{'clickup_id': '86et9gmv9', 'task_name': 'create account in freelance websites', 'due_date': 1745787600.0, 'date_done': 1745821209.61, 'points': 10}
{'clickup_id': '86et9gmrf', 'task_name': 'create bio for mc jobs', 'due_date': 1745787600.0, 'date_done': 1745821204.318, 'points': 10}
{'clickup_id': '86euudvtd', 'task_name': 'fix motorbike', 'due_date': 1757883600.0, 'date_done': 1757750617.268, 'points': 10}
{'clickup_id': '86euudvm9', 'task_name': 'restart gym', 'due_date': 1757883600.0, 'date_done': 1758193497.952, 'points': 10}
{'clickup_id': '86eutqf2p', 'task_name': 'Lawyer', 'due_date': 1757365200.0, 'date_done': 1757457473.606, 'points': 10}
{'clickup_id': '86eunwjj9', 'task_name': 'immigration', 'due_date': 1757278800.0, 'date_done': 1757324805.665, 'points': 10}
{'clickup_id': '86eujaqt3', 'task_name': 'fix tony condo', 'due_date': 1755982800.0, 'date_done': 1756405740.594, 'points': 10}
{'clickup_id': '86eujaj18', 'task_name': 'sell crypto', 'due_date': 1756674000.0, 'date_done': 1757002692.391, 'points': 10}
{'clickup_id': '86eu7zh23', 'task_name': 'contact lawyers', 'due_date': 1753045200.0, 'date_done': 1753109764.222, 'points': 10}
{'clickup_id': '86eu7zh0r', 'task_name': 'prepare lawer stuff', 'due_date': 1752958800.0, 'date_done': 1753014912.674, 'points': 10}
{'clickup_id': '86eu6mz7m', 'task_name': 'fix kplus', 'due_date': 1752699600.0, 'date_done': 1752751621.711, 'points': 10}
{'clickup_id': '86eu5da7r', 'task_name': 'fix laptop', 'due_date': 1753650000.0, 'date_done': 1753432382.43, 'points': 10}
{'clickup_id': '86eu2yzy7', 'task_name': 'sell crypto', 'due_date': 1751749200.0, 'date_done': 1751832610.38, 'points': 10}
{'clickup_id': '86eu1tu79', 'task_name': 'buy pills', 'due_date': 1751490000.0, 'date_done': 1751603958.281, 'points': 10}
{'clickup_id': '86etyyphh', 'task_name': 'clean tony water', 'due_date': 1750885200.0, 'date_done': 1751037659.0, 'points': 10}
{'clickup_id': '86etyqa9d', 'task_name': 'holidays with Nin', 'due_date': None, 'date_done': 1755643383.651, 'points': 10}
{'clickup_id': '86etyqa94', 'task_name': 'holidays with Nin', 'due_date': 1756069200.0, 'date_done': 1755643354.845, 'points': 10}
{'clickup_id': '86etw7q7p', 'task_name': 'update accounting', 'due_date': 1750280400.0, 'date_done': 1750613150.48, 'points': 10}
{'clickup_id': '86etvkfkr', 'task_name': 'Yok 10:20 am', 'due_date': 1751230800.0, 'date_done': 1751316152.737, 'points': 10}
{'clickup_id': '86etufzfd', 'task_name': 'take tony to doctor', 'due_date': 1750885200.0, 'date_done': 1750951221.95, 'points': 10}
{'clickup_id': '86etubjkf', 'task_name': 'write letter to muengman', 'due_date': 1749762000.0, 'date_done': 1749971940.674, 'points': 10}
{'clickup_id': '86ettaghk', 'task_name': 'send oum shirt', 'due_date': 1749762000.0, 'date_done': 1749971938.995, 'points': 10}
{'clickup_id': '86ettaggb', 'task_name': 'barber', 'due_date': 1749762000.0, 'date_done': 1749871932.767, 'points': 10}
{'clickup_id': '86etqmucf', 'task_name': 'gym routine (add cardio and focus on chest)', 'due_date': 1749330000.0, 'date_done': 1749409922.738, 'points': 10}
{'clickup_id': '86ethegwq', 'task_name': 'pills', 'due_date': 1747688400.0, 'date_done': 1747758131.049, 'points': 10}
{'clickup_id': '86et73f5m', 'task_name': 'clean tony house', 'due_date': 1746219600.0, 'date_done': 1746344845.439, 'points': 10}
{'clickup_id': '86et6h4p0', 'task_name': 'barber', 'due_date': 1745269200.0, 'date_done': 1745397401.989, 'points': 10}
{'clickup_id': '86et33e6u', 'task_name': 'Find houses to move with Tony', 'due_date': 1758574800.0, 'date_done': None, 'points': 10}
{'clickup_id': '86et037aw', 'task_name': 'create system to syncronize kbank pics', 'due_date': 1743282000.0, 'date_done': 1743458394.7, 'points': 10}
{'clickup_id': '86erytf8j', 'task_name': 'calculate needed earnings', 'due_date': 1743195600.0, 'date_done': 1743272416.081, 'points': 10}
{'clickup_id': '86ery8mma', 'task_name': 'averiguar cuenta espana', 'due_date': 1742763600.0, 'date_done': 1742888399.679, 'points': 10}
{'clickup_id': '86erxx9tn', 'task_name': 'yok', 'due_date': 1746997200.0, 'date_done': 1747124941.767, 'points': 10}
{'clickup_id': '86erv3nqt', 'task_name': 'Immigration notification', 'due_date': 1749589200.0, 'date_done': 1749620391.701, 'points': 10}
{'clickup_id': '86ertdpgh', 'task_name': 'Anual vaccine Tony', 'due_date': 1757451600.0, 'date_done': 1757486694.468, 'points': 10}
{'clickup_id': '86ertcpbj', 'task_name': 'update money proyection and sell btc', 'due_date': 1741554000.0, 'date_done': 1742060285.448, 'points': 10}
{'clickup_id': '86erry1u6', 'task_name': 'Renew or cancel youtube course', 'due_date': 1743800400.0, 'date_done': 1743668927.833, 'points': 10}
{'clickup_id': '86err5zkr', 'task_name': 'Immigration notification', 'due_date': 1741899600.0, 'date_done': 1741935161.849, 'points': 10}
{'clickup_id': '86err5y66', 'task_name': 'Pay kitesurf', 'due_date': 1743714000.0, 'date_done': 1741271810.778, 'points': 10}
{'clickup_id': '86erq12av', 'task_name': 'separate names brandon', 'due_date': 1741035600.0, 'date_done': 1741113488.928, 'points': 10}
{'clickup_id': '86erpt347', 'task_name': 'Oum photos', 'due_date': None, 'date_done': 1748984044.238, 'points': 10}
{'clickup_id': '86erphn1j', 'task_name': 'Bring Tony to doctor', 'due_date': 1741554000.0, 'date_done': 1741609828.594, 'points': 10}
{'clickup_id': '86ermvqrv', 'task_name': 'clean fan', 'due_date': 1740862800.0, 'date_done': 1740900680.5, 'points': 10}
{'clickup_id': '86ermvb71', 'task_name': 'fix automations clickup', 'due_date': None, 'date_done': 1740860016.572, 'points': 10}
{'clickup_id': '86erfyhqg', 'task_name': 'oum task', 'due_date': None, 'date_done': 1739089413.69, 'points': 10}
{'clickup_id': '86erfnrju', 'task_name': 'Prepare gym routine', 'due_date': None, 'date_done': 1739112970.075, 'points': 10}
{'clickup_id': '86erez4xr', 'task_name': 'fix motorbike wheels', 'due_date': 1758056400.0, 'date_done': 1758040146.982, 'points': 10}
{'clickup_id': '86erez454', 'task_name': 'Sell and donate Tony stuff', 'due_date': None, 'date_done': 1738717440.554, 'points': 10}
{'clickup_id': '86eu1tu5y', 'task_name': 'last payment football coach :)', 'due_date': 1751490000.0, 'date_done': 1751842112.779, 'points': 10}
{'clickup_id': '86etyjpyf', 'task_name': 'post tony fc en mi facebook', 'due_date': 1750798800.0, 'date_done': 1750879091.437, 'points': 10}
{'clickup_id': '86etk7qku', 'task_name': 'order coach shirt', 'due_date': 1750885200.0, 'date_done': 1749959687.722, 'points': 10}
{'clickup_id': '86etk7qk3', 'task_name': 'order shirts', 'due_date': 1748293200.0, 'date_done': 1748374306.539, 'points': 10}
{'clickup_id': '86etjangp', 'task_name': 'watch pending class 3/3', 'due_date': 1747861200.0, 'date_done': 1748112060.504, 'points': 10}
{'clickup_id': '86etheh20', 'task_name': 'proyecto curso entrenador', 'due_date': 1753304400.0, 'date_done': 1753169673.832, 'points': 10}
{'clickup_id': '86etf67ae', 'task_name': 'send text to coach group', 'due_date': 1747602000.0, 'date_done': 1747670691.077, 'points': 10}
{'clickup_id': '86etdnme1', 'task_name': 'watch pending class 2/2', 'due_date': 1747947600.0, 'date_done': 1747906658.03, 'points': 10}
{'clickup_id': '86etdnmde', 'task_name': 'watch pending class 1/2', 'due_date': 1747342800.0, 'date_done': 1747465154.775, 'points': 10}
{'clickup_id': '86etbptut', 'task_name': 'send message about competition to group', 'due_date': 1746306000.0, 'date_done': 1746346531.194, 'points': 10}
{'clickup_id': '86ery084z', 'task_name': 'Corregir el pdf', 'due_date': 1742763600.0, 'date_done': 1742763770.659, 'points': 10}
{'clickup_id': '86erw31z3', 'task_name': 'choose font and reply shirt', 'due_date': 1742245200.0, 'date_done': 1742399466.361, 'points': 10}
{'clickup_id': '86eruaztc', 'task_name': 'Reply shirt', 'due_date': 1742072400.0, 'date_done': 1742105324.351, 'points': 10}
{'clickup_id': '86ertc82y', 'task_name': 'cancel adobe acrobat suscription', 'due_date': 1742072400.0, 'date_done': 1742047878.878, 'points': 10}
{'clickup_id': '86errwwe2', 'task_name': 'Reply shirt design', 'due_date': 1741640400.0, 'date_done': 1741546247.3, 'points': 10}
{'clickup_id': '86erpne8m', 'task_name': 'Cancel adobe illustrator subscription', 'due_date': 1741381200.0, 'date_done': 1741445997.436, 'points': 10}
{'clickup_id': '86erphnyw', 'task_name': 'check payments', 'due_date': 1740862800.0, 'date_done': 1740901954.629, 'points': 10}
{'clickup_id': '86ernzget', 'task_name': 'test moving to 20.15', 'due_date': None, 'date_done': 1744789793.897, 'points': 10}
{'clickup_id': '86ernhpja', 'task_name': 'choose players and confirm for friday', 'due_date': None, 'date_done': 1740663996.055, 'points': 10}
{'clickup_id': '86ermvp1g', 'task_name': 'hire design shirts', 'due_date': 1741122000.0, 'date_done': 1741275769.94, 'points': 10}
{'clickup_id': '86ermuqm5', 'task_name': 'call and change for 60 minutes', 'due_date': 1740517200.0, 'date_done': 1740539135.202, 'points': 10}
{'clickup_id': '86ermjjnn', 'task_name': 'do 5 exercises', 'due_date': 1740517200.0, 'date_done': 1740916389.716, 'points': 10}
{'clickup_id': '86ermjjnc', 'task_name': 'prepare wednesday training', 'due_date': 1740517200.0, 'date_done': 1740564770.479, 'points': 10}
{'clickup_id': '86erkwvb8', 'task_name': 'check payments', 'due_date': None, 'date_done': 1740590854.477, 'points': 10}
{'clickup_id': '86erf356k', 'task_name': 'pay coach', 'due_date': None, 'date_done': 1739011725.181, 'points': 10}
{'clickup_id': '86erf3291', 'task_name': 'buy long pants', 'due_date': None, 'date_done': 1738742944.89, 'points': 10}
{'clickup_id': '86erf0fud', 'task_name': 'call pitch and change to 90 minutes', 'due_date': None, 'date_done': 1738736404.436, 'points': 10}
{'clickup_id': '86erez4wf', 'task_name': 'design shirt', 'due_date': 1740862800.0, 'date_done': 1739164087.115, 'points': 10}
{'clickup_id': '86erez4w3', 'task_name': 'choose shirts supplier', 'due_date': None, 'date_done': 1739114735.824, 'points': 10}
{'clickup_id': '86erez4vu', 'task_name': 'hire shirts', 'due_date': 1749934800.0, 'date_done': 1748984058.413, 'points': 10}
{'clickup_id': '86erez420', 'task_name': 'Prepare next training', 'due_date': None, 'date_done': 1738717391.882, 'points': 10}
{'clickup_id': '86euyn2bq', 'task_name': 'testing lose hp', 'due_date': 1757451600.0, 'date_done': 1758656531.404, 'points': 10}
HP is 80
XP is -10
Level is 0
Wallpaper set to: /home/mauricio/github/digimon/wallpapers/tmp_wallpaper.jpg
HP is 100
XP is 0
Level is 0
Wallpaper set to: /home/mauricio/github/digimon/wallpapers/tmp_wallpaper.jpg


 2025-09-24 03:15:01.713424
HP is 80
XP is 370
Level is 1
Wallpaper set to: /home/mauricio/github/digimon/wallpapers/tmp_wallpaper.jpg


 2025-09-24 10:00:02.145181
HP is 80
XP is 370
Level is 1
Wallpaper set to: /home/mauricio/github/digimon/wallpapers/tmp_wallpaper.jpg


 2025-09-24 10:15:01.917360
HP is 100
XP is 5
Level is 0
Wallpaper set to: /home/mauricio/github/digimon/wallpapers/tmp_wallpaper.jpg


 2025-09-24 10:30:01.364892
HP is 100
XP is 10
Level is 0
Wallpaper set to: /home/mauricio/github/digimon/wallpapers/tmp_wallpaper.jpg


 2025-09-24 10:45:01.366058
Traceback (most recent call last):
  File "/home/mauricio/github/digimon/main.py", line 40, in <module>
    conn, cur = connect_to_db()
  File "/home/mauricio/github/digimon/main.py", line 25, in connect_to_db
    conn = psycopg2.connect(
  File "/home/mauricio/.local/lib/python3.10/site-packages/psycopg2/__init__.py", line 122, in connect
    conn = _connect(dsn, connection_factory=connection_factory, **kwasync)
psycopg2.OperationalError: connection to server at "192.168.1.131", port 5432 failed: No route to host
	Is the server running on that host and accepting TCP/IP connections?



 2025-09-24 12:30:01.509842
HP is 100
XP is 20
Level is 0
Wallpaper set to: /home/mauricio/github/digimon/wallpapers/tmp_wallpaper.jpg


 2025-09-24 12:45:01.467769
HP is 100
XP is 20
Level is 0
Wallpaper set to: /home/mauricio/github/digimon/wallpapers/tmp_wallpaper.jpg


 2025-09-24 13:00:01.608354
HP is 100
XP is 20
Level is 0
Wallpaper set to: /home/mauricio/github/digimon/wallpapers/tmp_wallpaper.jpg


 2025-09-24 13:15:01.211033
HP is 100
XP is 20
Level is 0
Wallpaper set to: /home/mauricio/github/digimon/wallpapers/tmp_wallpaper.jpg


 2025-09-24 13:30:01.897559
HP is 100
XP is 20
Level is 0
Wallpaper set to: /home/mauricio/github/digimon/wallpapers/tmp_wallpaper.jpg


 2025-09-24 13:45:01.741652
HP is 100
XP is 20
Level is 0
Wallpaper set to: /home/mauricio/github/digimon/wallpapers/tmp_wallpaper.jpg


 2025-09-24 14:00:02.024449
HP is 100
XP is 20
Level is 0
Wallpaper set to: /home/mauricio/github/digimon/wallpapers/tmp_wallpaper.jpg


 2025-09-24 14:15:01.448250
HP is 100
XP is 20
Level is 0
Wallpaper set to: /home/mauricio/github/digimon/wallpapers/tmp_wallpaper.jpg


 2025-09-24 14:30:02.089961
HP is 100
XP is 20
Level is 0
Wallpaper set to: /home/mauricio/github/digimon/wallpapers/tmp_wallpaper.jpg


 2025-09-24 14:45:01.542621
HP is 100
XP is 20
Level is 0
Wallpaper set to: /home/mauricio/github/digimon/wallpapers/tmp_wallpaper.jpg


 2025-09-24 15:00:01.874616
HP is 100
XP is 20
Level is 0
Wallpaper set to: /home/mauricio/github/digimon/wallpapers/tmp_wallpaper.jpg


 2025-09-24 15:15:01.481632
HP is 100
XP is 20
Level is 0
Wallpaper set to: /home/mauricio/github/digimon/wallpapers/tmp_wallpaper.jpg


 2025-09-24 15:30:01.871580
HP is 100
XP is 20
Level is 0
Wallpaper set to: /home/mauricio/github/digimon/wallpapers/tmp_wallpaper.jpg


 2025-09-24 15:45:01.644196
HP is 100
XP is 20
Level is 0
Wallpaper set to: /home/mauricio/github/digimon/wallpapers/tmp_wallpaper.jpg


 2025-09-24 16:00:01.211644
HP is 100
XP is 20
Level is 0
Wallpaper set to: /home/mauricio/github/digimon/wallpapers/tmp_wallpaper.jpg


 2025-09-24 16:15:02.100136
HP is 100
XP is 25
Level is 0
Wallpaper set to: /home/mauricio/github/digimon/wallpapers/tmp_wallpaper.jpg


 2025-09-24 16:30:01.160897
HP is 100
XP is 35
Level is 0
Wallpaper set to: /home/mauricio/github/digimon/wallpapers/tmp_wallpaper.jpg


 2025-09-24 16:45:01.432160
HP is 100
XP is 45
Level is 0
Wallpaper set to: /home/mauricio/github/digimon/wallpapers/tmp_wallpaper.jpg


 2025-09-24 23:15:01.877164
HP is 100
XP is 75
Level is 0
Wallpaper set to: /home/mauricio/github/digimon/wallpapers/tmp_wallpaper.jpg


 2025-09-24 23:30:02.014229
HP is 100
XP is 85
Level is 0
Wallpaper set to: /home/mauricio/github/digimon/wallpapers/tmp_wallpaper.jpg


 2025-09-24 23:45:01.457691
HP is 100
XP is 90
Level is 0
Wallpaper set to: /home/mauricio/github/digimon/wallpapers/tmp_wallpaper.jpg


 2025-09-25 00:00:01.443425
HP is 90
XP is 70
Level is 0
Wallpaper set to: /home/mauricio/github/digimon/wallpapers/tmp_wallpaper.jpg


 2025-09-25 00:15:02.121171
HP is 90
XP is 70
Level is 0
Wallpaper set to: /home/mauricio/github/digimon/wallpapers/tmp_wallpaper.jpg


 2025-09-25 00:30:02.052756
HP is 70
XP is 50
Level is 0
Wallpaper set to: /home/mauricio/github/digimon/wallpapers/tmp_wallpaper.jpg


 2025-09-25 00:45:01.854119
HP is 90
XP is 70
Level is 0
Wallpaper set to: /home/mauricio/github/digimon/wallpapers/tmp_wallpaper.jpg


 2025-09-25 01:00:01.791451
HP is 90
XP is 70
Level is 0
Wallpaper set to: /home/mauricio/github/digimon/wallpapers/tmp_wallpaper.jpg


 2025-09-25 01:15:01.526890
Traceback (most recent call last):
  File "/home/mauricio/github/digimon/main.py", line 40, in <module>
    conn, cur = connect_to_db()
  File "/home/mauricio/github/digimon/main.py", line 25, in connect_to_db
    conn = psycopg2.connect(
  File "/home/mauricio/.local/lib/python3.10/site-packages/psycopg2/__init__.py", line 122, in connect
    conn = _connect(dsn, connection_factory=connection_factory, **kwasync)
psycopg2.OperationalError: connection to server at "192.168.1.131", port 5432 failed: No route to host
	Is the server running on that host and accepting TCP/IP connections?



 2025-09-25 01:30:01.975874
Traceback (most recent call last):
  File "/home/mauricio/github/digimon/main.py", line 40, in <module>
    conn, cur = connect_to_db()
  File "/home/mauricio/github/digimon/main.py", line 25, in connect_to_db
    conn = psycopg2.connect(
  File "/home/mauricio/.local/lib/python3.10/site-packages/psycopg2/__init__.py", line 122, in connect
    conn = _connect(dsn, connection_factory=connection_factory, **kwasync)
psycopg2.OperationalError: connection to server at "192.168.1.131", port 5432 failed: No route to host
	Is the server running on that host and accepting TCP/IP connections?



 2025-09-25 14:30:02.064580
HP is 90
XP is 80
Level is 0
Wallpaper set to: /home/mauricio/github/digimon/wallpapers/tmp_wallpaper.jpg


 2025-09-25 19:15:02.098912
Traceback (most recent call last):
  File "/home/mauricio/github/digimon/main.py", line 40, in <module>
    conn, cur = connect_to_db()
  File "/home/mauricio/github/digimon/main.py", line 25, in connect_to_db
    conn = psycopg2.connect(
  File "/home/mauricio/.local/lib/python3.10/site-packages/psycopg2/__init__.py", line 122, in connect
    conn = _connect(dsn, connection_factory=connection_factory, **kwasync)
psycopg2.OperationalError: connection to server at "192.168.1.131", port 5432 failed: No route to host
	Is the server running on that host and accepting TCP/IP connections?



 2025-09-25 19:30:01.343386
HP is 90
XP is 80
Level is 0
Wallpaper set to: /home/mauricio/github/digimon/wallpapers/tmp_wallpaper.jpg


 2025-09-26 12:45:01.317570
HP is 60
XP is 65
Level is 0
Wallpaper set to: /home/mauricio/github/digimon/wallpapers/tmp_wallpaper.jpg


 2025-09-26 13:00:01.204829
Current day is 2025-09-24
100
Current day is 2025-09-25
80
Current day is 2025-09-26
50
HP is 50
XP is 65
Level is 0
Wallpaper set to: /home/mauricio/github/digimon/wallpapers/tmp_wallpaper.jpg


---- 2025-09-26 13:15:01.346262
Current day is 2025-09-24
100
Current day is 2025-09-25
80
Current day is 2025-09-26
50
HP is 50
XP is 65
Level is 0
Wallpaper set to: /home/mauricio/github/digimon/wallpapers/tmp_wallpaper.jpg


---- 2025-09-26 13:30:01.899763
Current day is 2025-09-24
100
Current day is 2025-09-25
80
Current day is 2025-09-26
50
HP is 50
XP is 65
Level is 0
Wallpaper set to: /home/mauricio/github/digimon/wallpapers/tmp_wallpaper.jpg


---- 2025-09-26 13:45:01.760111
Current day is 2025-09-24
100
Current day is 2025-09-25
80
Current day is 2025-09-26
50
HP is 50
XP is 75
Level is 0
Wallpaper set to: /home/mauricio/github/digimon/wallpapers/tmp_wallpaper.jpg


---- 2025-09-26 19:30:01.172096
Traceback (most recent call last):
  File "/home/mauricio/github/digimon/main.py", line 41, in <module>
    conn, cur = connect_to_db()
  File "/home/mauricio/github/digimon/main.py", line 26, in connect_to_db
    conn = psycopg2.connect(
  File "/home/mauricio/.local/lib/python3.10/site-packages/psycopg2/__init__.py", line 122, in connect
    conn = _connect(dsn, connection_factory=connection_factory, **kwasync)
psycopg2.OperationalError: connection to server at "192.168.1.131", port 5432 failed: No route to host
	Is the server running on that host and accepting TCP/IP connections?



---- 2025-09-26 19:45:01.433370
Traceback (most recent call last):
  File "/home/mauricio/github/digimon/main.py", line 41, in <module>
    conn, cur = connect_to_db()
  File "/home/mauricio/github/digimon/main.py", line 26, in connect_to_db
    conn = psycopg2.connect(
  File "/home/mauricio/.local/lib/python3.10/site-packages/psycopg2/__init__.py", line 122, in connect
    conn = _connect(dsn, connection_factory=connection_factory, **kwasync)
psycopg2.OperationalError: connection to server at "192.168.1.131", port 5432 failed: No route to host
	Is the server running on that host and accepting TCP/IP connections?



---- 2025-09-26 20:00:01.135308
Current day is 2025-09-24
100
Current day is 2025-09-25
80
Current day is 2025-09-26
50
HP is 50
XP is 100
Level is 0
Wallpaper set to: /home/mauricio/github/digimon/wallpapers/tmp_wallpaper.jpg


---- 2025-09-26 20:15:01.987390
Current day is 2025-09-24
100
Current day is 2025-09-25
80
Current day is 2025-09-26
50
HP is 50
XP is 100
Level is 0
Wallpaper set to: /home/mauricio/github/digimon/wallpapers/tmp_wallpaper.jpg


---- 2025-09-26 23:00:01.621491
Current day is 2025-09-24
100
Current day is 2025-09-25
80
Current day is 2025-09-26
50
HP is 50
XP is 100
Level is 0
Wallpaper set to: /home/mauricio/github/digimon/wallpapers/tmp_wallpaper.jpg


---- 2025-09-26 23:15:01.268689
Traceback (most recent call last):
  File "/home/mauricio/github/digimon/main.py", line 41, in <module>
    conn, cur = connect_to_db()
  File "/home/mauricio/github/digimon/main.py", line 26, in connect_to_db
    conn = psycopg2.connect(
  File "/home/mauricio/.local/lib/python3.10/site-packages/psycopg2/__init__.py", line 122, in connect
    conn = _connect(dsn, connection_factory=connection_factory, **kwasync)
psycopg2.OperationalError: connection to server at "192.168.1.131", port 5432 failed: No route to host
	Is the server running on that host and accepting TCP/IP connections?



---- 2025-09-26 23:30:01.978355
Current day is 2025-09-24
100
Current day is 2025-09-25
80
Current day is 2025-09-26
50
HP is 50
XP is 100
Level is 0
Wallpaper set to: /home/mauricio/github/digimon/wallpapers/tmp_wallpaper.jpg


---- 2025-09-26 23:45:01.563971
Current day is 2025-09-24
100
Current day is 2025-09-25
80
Current day is 2025-09-26
50
HP is 50
XP is 105
Level is 0
Wallpaper set to: /home/mauricio/github/digimon/wallpapers/tmp_wallpaper.jpg


---- 2025-09-27 00:00:01.589763
Current day is 2025-09-24
100
Current day is 2025-09-25
80
Current day is 2025-09-26
50
Current day is 2025-09-27
20
HP is 20
XP is 70
Level is 0
Wallpaper set to: /home/mauricio/github/digimon/wallpapers/tmp_wallpaper.jpg


---- 2025-09-27 00:15:01.727858
Current day is 2025-09-24
100
Current day is 2025-09-25
80
Current day is 2025-09-26
50
Current day is 2025-09-27
20
HP is 20
XP is 70
Level is 0
Wallpaper set to: /home/mauricio/github/digimon/wallpapers/tmp_wallpaper.jpg


---- 2025-09-27 00:30:01.391318
Current day is 2025-09-24
100
Current day is 2025-09-25
80
Current day is 2025-09-26
50
Current day is 2025-09-27
20
HP is 20
XP is 75
Level is 0
Wallpaper set to: /home/mauricio/github/digimon/wallpapers/tmp_wallpaper.jpg


---- 2025-09-27 00:45:01.426742
Current day is 2025-09-24
100
Current day is 2025-09-25
80
Current day is 2025-09-26
50
Current day is 2025-09-27
20
HP is 20
XP is 75
Level is 0
Wallpaper set to: /home/mauricio/github/digimon/wallpapers/tmp_wallpaper.jpg


---- 2025-09-27 01:00:01.965714
Current day is 2025-09-24
100
Current day is 2025-09-25
80
Current day is 2025-09-26
50
Current day is 2025-09-27
20
HP is 20
XP is 75
Level is 0
Wallpaper set to: /home/mauricio/github/digimon/wallpapers/tmp_wallpaper.jpg


---- 2025-09-27 01:15:01.559533
Current day is 2025-09-24
100
Current day is 2025-09-25
80
Current day is 2025-09-26
50
Current day is 2025-09-27
20
HP is 20
XP is 75
Level is 0
Wallpaper set to: /home/mauricio/github/digimon/wallpapers/tmp_wallpaper.jpg


---- 2025-09-27 01:30:01.675907
Current day is 2025-09-24
100
Current day is 2025-09-25
80
Current day is 2025-09-26
50
Current day is 2025-09-27
20
HP is 20
XP is 75
Level is 0
Wallpaper set to: /home/mauricio/github/digimon/wallpapers/tmp_wallpaper.jpg


---- 2025-09-27 01:45:02.038010
Traceback (most recent call last):
  File "/home/mauricio/github/digimon/main.py", line 41, in <module>
    conn, cur = connect_to_db()
  File "/home/mauricio/github/digimon/main.py", line 26, in connect_to_db
    conn = psycopg2.connect(
  File "/home/mauricio/.local/lib/python3.10/site-packages/psycopg2/__init__.py", line 122, in connect
    conn = _connect(dsn, connection_factory=connection_factory, **kwasync)
psycopg2.OperationalError: connection to server at "192.168.1.131", port 5432 failed: No route to host
	Is the server running on that host and accepting TCP/IP connections?



---- 2025-09-27 02:00:01.527846
Traceback (most recent call last):
  File "/home/mauricio/github/digimon/main.py", line 41, in <module>
    conn, cur = connect_to_db()
  File "/home/mauricio/github/digimon/main.py", line 26, in connect_to_db
    conn = psycopg2.connect(
  File "/home/mauricio/.local/lib/python3.10/site-packages/psycopg2/__init__.py", line 122, in connect
    conn = _connect(dsn, connection_factory=connection_factory, **kwasync)
psycopg2.OperationalError: connection to server at "192.168.1.131", port 5432 failed: No route to host
	Is the server running on that host and accepting TCP/IP connections?



---- 2025-09-27 02:15:01.280772
Traceback (most recent call last):
  File "/home/mauricio/github/digimon/main.py", line 41, in <module>
    conn, cur = connect_to_db()
  File "/home/mauricio/github/digimon/main.py", line 26, in connect_to_db
    conn = psycopg2.connect(
  File "/home/mauricio/.local/lib/python3.10/site-packages/psycopg2/__init__.py", line 122, in connect
    conn = _connect(dsn, connection_factory=connection_factory, **kwasync)
psycopg2.OperationalError: connection to server at "192.168.1.131", port 5432 failed: No route to host
	Is the server running on that host and accepting TCP/IP connections?



---- 2025-09-27 02:30:01.546358
Traceback (most recent call last):
  File "/home/mauricio/github/digimon/main.py", line 41, in <module>
    conn, cur = connect_to_db()
  File "/home/mauricio/github/digimon/main.py", line 26, in connect_to_db
    conn = psycopg2.connect(
  File "/home/mauricio/.local/lib/python3.10/site-packages/psycopg2/__init__.py", line 122, in connect
    conn = _connect(dsn, connection_factory=connection_factory, **kwasync)
psycopg2.OperationalError: connection to server at "192.168.1.131", port 5432 failed: No route to host
	Is the server running on that host and accepting TCP/IP connections?



---- 2025-09-27 04:45:02.170221
Traceback (most recent call last):
  File "/home/mauricio/github/digimon/main.py", line 41, in <module>
    conn, cur = connect_to_db()
  File "/home/mauricio/github/digimon/main.py", line 26, in connect_to_db
    conn = psycopg2.connect(
  File "/home/mauricio/.local/lib/python3.10/site-packages/psycopg2/__init__.py", line 122, in connect
    conn = _connect(dsn, connection_factory=connection_factory, **kwasync)
psycopg2.OperationalError: connection to server at "192.168.1.131", port 5432 failed: No route to host
	Is the server running on that host and accepting TCP/IP connections?



---- 2025-09-27 05:00:01.427557
Traceback (most recent call last):
  File "/home/mauricio/github/digimon/main.py", line 41, in <module>
    conn, cur = connect_to_db()
  File "/home/mauricio/github/digimon/main.py", line 26, in connect_to_db
    conn = psycopg2.connect(
  File "/home/mauricio/.local/lib/python3.10/site-packages/psycopg2/__init__.py", line 122, in connect
    conn = _connect(dsn, connection_factory=connection_factory, **kwasync)
psycopg2.OperationalError: connection to server at "192.168.1.131", port 5432 failed: No route to host
	Is the server running on that host and accepting TCP/IP connections?



---- 2025-09-27 05:15:01.682464
Traceback (most recent call last):
  File "/home/mauricio/github/digimon/main.py", line 41, in <module>
    conn, cur = connect_to_db()
  File "/home/mauricio/github/digimon/main.py", line 26, in connect_to_db
    conn = psycopg2.connect(
  File "/home/mauricio/.local/lib/python3.10/site-packages/psycopg2/__init__.py", line 122, in connect
    conn = _connect(dsn, connection_factory=connection_factory, **kwasync)
psycopg2.OperationalError: connection to server at "192.168.1.131", port 5432 failed: No route to host
	Is the server running on that host and accepting TCP/IP connections?



---- 2025-09-27 05:30:01.935098
Current day is 2025-09-24
100
Current day is 2025-09-25
80
Current day is 2025-09-26
50
Current day is 2025-09-27
20
HP is 20
XP is 85
Level is 0
Wallpaper set to: /home/mauricio/github/digimon/wallpapers/tmp_wallpaper.jpg


---- 2025-09-27 05:45:01.371213
Current day is 2025-09-24
100
Current day is 2025-09-25
80
Current day is 2025-09-26
50
Current day is 2025-09-27
20
HP is 20
XP is 85
Level is 0
Wallpaper set to: /home/mauricio/github/digimon/wallpapers/tmp_wallpaper.jpg


---- 2025-09-27 06:00:01.413335
Current day is 2025-09-24
100
Current day is 2025-09-25
80
Current day is 2025-09-26
50
Current day is 2025-09-27
20
HP is 20
XP is 85
Level is 0
Wallpaper set to: /home/mauricio/github/digimon/wallpapers/tmp_wallpaper.jpg


---- 2025-09-27 06:15:01.449761
Current day is 2025-09-24
100
Current day is 2025-09-25
80
Current day is 2025-09-26
50
Current day is 2025-09-27
20
HP is 20
XP is 85
Level is 0
Wallpaper set to: /home/mauricio/github/digimon/wallpapers/tmp_wallpaper.jpg


---- 2025-09-27 06:30:01.670620
Current day is 2025-09-24
100
Current day is 2025-09-25
80
Current day is 2025-09-26
50
Current day is 2025-09-27
20
HP is 20
XP is 85
Level is 0
Wallpaper set to: /home/mauricio/github/digimon/wallpapers/tmp_wallpaper.jpg


---- 2025-09-27 15:00:02.093344
Traceback (most recent call last):
  File "/home/mauricio/github/digimon/main.py", line 41, in <module>
    conn, cur = connect_to_db()
  File "/home/mauricio/github/digimon/main.py", line 26, in connect_to_db
    conn = psycopg2.connect(
  File "/home/mauricio/.local/lib/python3.10/site-packages/psycopg2/__init__.py", line 122, in connect
    conn = _connect(dsn, connection_factory=connection_factory, **kwasync)
psycopg2.OperationalError: connection to server at "192.168.1.131", port 5432 failed: No route to host
	Is the server running on that host and accepting TCP/IP connections?



---- 2025-09-27 20:45:01.852553
Current day is 2025-09-24
100
Current day is 2025-09-25
80
Current day is 2025-09-26
50
Current day is 2025-09-27
20
HP is 20
XP is 95
Level is 0
Wallpaper set to: /home/mauricio/github/digimon/wallpapers/tmp_wallpaper.jpg


---- 2025-09-27 21:00:01.355160
Current day is 2025-09-24
100
Current day is 2025-09-25
80
Current day is 2025-09-26
50
Current day is 2025-09-27
20
HP is 20
XP is 95
Level is 0
Wallpaper set to: /home/mauricio/github/digimon/wallpapers/tmp_wallpaper.jpg


---- 2025-09-27 21:15:01.946070
Current day is 2025-09-24
100
Current day is 2025-09-25
80
Current day is 2025-09-26
50
Current day is 2025-09-27
20
HP is 20
XP is 95
Level is 0
Wallpaper set to: /home/mauricio/github/digimon/wallpapers/tmp_wallpaper.jpg


---- 2025-09-27 21:30:01.803549
Current day is 2025-09-24
100
Current day is 2025-09-25
80
Current day is 2025-09-26
50
Current day is 2025-09-27
20
HP is 20
XP is 105
Level is 0
Wallpaper set to: /home/mauricio/github/digimon/wallpapers/tmp_wallpaper.jpg


---- 2025-09-27 21:45:01.491354
Current day is 2025-09-24
100
Current day is 2025-09-25
80
Current day is 2025-09-26
50
Current day is 2025-09-27
20
HP is 20
XP is 105
Level is 0
Wallpaper set to: /home/mauricio/github/digimon/wallpapers/tmp_wallpaper.jpg


---- 2025-09-28 01:00:02.130330
Current day is 2025-09-24
100
Current day is 2025-09-25
80
Current day is 2025-09-26
50
Current day is 2025-09-27
20
Current day is 2025-09-28
30
HP is 30
XP is 105
Level is 0
Wallpaper set to: /home/mauricio/github/digimon/wallpapers/tmp_wallpaper.jpg


---- 2025-09-28 01:15:02.072508
Current day is 2025-09-24
100
Current day is 2025-09-25
80
Current day is 2025-09-26
50
Current day is 2025-09-27
20
Current day is 2025-09-28
30
HP is 30
XP is 105
Level is 0
Wallpaper set to: /home/mauricio/github/digimon/wallpapers/tmp_wallpaper.jpg


---- 2025-09-28 01:30:01.824749
Current day is 2025-09-24
100
Current day is 2025-09-25
80
Current day is 2025-09-26
50
Current day is 2025-09-27
20
Current day is 2025-09-28
30
HP is 30
XP is 105
Level is 0
Wallpaper set to: /home/mauricio/github/digimon/wallpapers/tmp_wallpaper.jpg


---- 2025-09-28 01:45:01.331024
Current day is 2025-09-24
100
Current day is 2025-09-25
80
Current day is 2025-09-26
50
Current day is 2025-09-27
20
Current day is 2025-09-28
30
HP is 30
XP is 105
Level is 0
Wallpaper set to: /home/mauricio/github/digimon/wallpapers/tmp_wallpaper.jpg


---- 2025-09-28 02:00:01.891079
Current day is 2025-09-24
100
Current day is 2025-09-25
80
Current day is 2025-09-26
50
Current day is 2025-09-27
20
Current day is 2025-09-28
30
HP is 30
XP is 105
Level is 0
Wallpaper set to: /home/mauricio/github/digimon/wallpapers/tmp_wallpaper.jpg


---- 2025-09-28 02:15:01.539725
Current day is 2025-09-24
100
Current day is 2025-09-25
80
Current day is 2025-09-26
50
Current day is 2025-09-27
20
Current day is 2025-09-28
30
HP is 30
XP is 105
Level is 0
Wallpaper set to: /home/mauricio/github/digimon/wallpapers/tmp_wallpaper.jpg


---- 2025-09-28 02:30:01.280334
Current day is 2025-09-24
100
Current day is 2025-09-25
80
Current day is 2025-09-26
50
Current day is 2025-09-27
20
Current day is 2025-09-28
30
HP is 30
XP is 105
Level is 0
Wallpaper set to: /home/mauricio/github/digimon/wallpapers/tmp_wallpaper.jpg


---- 2025-09-28 02:45:02.104072
Current day is 2025-09-24
100
Current day is 2025-09-25
80
Current day is 2025-09-26
50
Current day is 2025-09-27
20
Current day is 2025-09-28
30
HP is 30
XP is 105
Level is 0
Wallpaper set to: /home/mauricio/github/digimon/wallpapers/tmp_wallpaper.jpg


---- 2025-09-28 03:00:01.280151
Current day is 2025-09-24
100
Current day is 2025-09-25
80
Current day is 2025-09-26
50
Current day is 2025-09-27
20
Current day is 2025-09-28
30
HP is 30
XP is 105
Level is 0
Wallpaper set to: /home/mauricio/github/digimon/wallpapers/tmp_wallpaper.jpg


---- 2025-09-28 03:15:01.460148
Current day is 2025-09-24
100
Current day is 2025-09-25
80
Current day is 2025-09-26
50
Current day is 2025-09-27
20
Current day is 2025-09-28
30
HP is 30
XP is 105
Level is 0
Wallpaper set to: /home/mauricio/github/digimon/wallpapers/tmp_wallpaper.jpg


---- 2025-09-28 03:30:02.092671
Current day is 2025-09-24
100
Current day is 2025-09-25
80
Current day is 2025-09-26
50
Current day is 2025-09-27
20
Current day is 2025-09-28
30
HP is 30
XP is 105
Level is 0
Wallpaper set to: /home/mauricio/github/digimon/wallpapers/tmp_wallpaper.jpg


---- 2025-09-28 03:45:01.146776
Current day is 2025-09-24
100
Current day is 2025-09-25
80
Current day is 2025-09-26
50
Current day is 2025-09-27
20
Current day is 2025-09-28
30
HP is 30
XP is 105
Level is 0
Wallpaper set to: /home/mauricio/github/digimon/wallpapers/tmp_wallpaper.jpg


---- 2025-09-28 04:00:01.334750
Current day is 2025-09-24
100
Current day is 2025-09-25
80
Current day is 2025-09-26
50
Current day is 2025-09-27
20
Current day is 2025-09-28
30
HP is 30
XP is 105
Level is 0
Wallpaper set to: /home/mauricio/github/digimon/wallpapers/tmp_wallpaper.jpg


---- 2025-09-28 04:15:01.347053
Current day is 2025-09-24
100
Current day is 2025-09-25
80
Current day is 2025-09-26
50
Current day is 2025-09-27
20
Current day is 2025-09-28
30
HP is 30
XP is 105
Level is 0
Wallpaper set to: /home/mauricio/github/digimon/wallpapers/tmp_wallpaper.jpg


---- 2025-09-28 04:30:01.341773
Current day is 2025-09-24
100
Current day is 2025-09-25
80
Current day is 2025-09-26
50
Current day is 2025-09-27
20
Current day is 2025-09-28
30
HP is 30
XP is 105
Level is 0
Wallpaper set to: /home/mauricio/github/digimon/wallpapers/tmp_wallpaper.jpg


---- 2025-09-28 04:45:02.121534
Current day is 2025-09-24
100
Current day is 2025-09-25
80
Current day is 2025-09-26
50
Current day is 2025-09-27
20
Current day is 2025-09-28
30
HP is 30
XP is 105
Level is 0
Wallpaper set to: /home/mauricio/github/digimon/wallpapers/tmp_wallpaper.jpg


---- 2025-09-28 05:00:02.075554
Current day is 2025-09-24
100
Current day is 2025-09-25
80
Current day is 2025-09-26
50
Current day is 2025-09-27
20
Current day is 2025-09-28
30
HP is 30
XP is 105
Level is 0
Wallpaper set to: /home/mauricio/github/digimon/wallpapers/tmp_wallpaper.jpg


---- 2025-09-29 01:30:01.234457
Current day is 2025-09-29
100
HP is 100
XP is 0
Level is 0
Wallpaper set to: /home/mauricio/github/digimon/wallpapers/tmp_wallpaper.jpg


---- 2025-09-29 01:45:01.982470
Current day is 2025-09-29
100
HP is 100
XP is 0
Level is 0
Wallpaper set to: /home/mauricio/github/digimon/wallpapers/tmp_wallpaper.jpg


---- 2025-09-29 02:00:01.885780
Current day is 2025-09-29
91
HP is 91
XP is -9
Level is 0
x1 must be greater than or equal to x0


---- 2025-09-29 02:15:01.224933
Current day is 2025-09-29
100
HP is 100
XP is 0
Level is 0
Wallpaper set to: /home/mauricio/github/digimon/wallpapers/tmp_wallpaper.jpg


---- 2025-09-29 02:30:01.895578
Current day is 2025-09-29
100
HP is 100
XP is 0
Level is 0
Wallpaper set to: /home/mauricio/github/digimon/wallpapers/tmp_wallpaper.jpg


---- 2025-09-29 02:45:01.921678
Current day is 2025-09-29
100
HP is 100
XP is 10
Level is 0
Wallpaper set to: /home/mauricio/github/digimon/wallpapers/tmp_wallpaper.jpg


---- 2025-09-29 03:00:01.802285
Current day is 2025-09-29
100
HP is 100
XP is 10
Level is 0
Wallpaper set to: /home/mauricio/github/digimon/wallpapers/tmp_wallpaper.jpg


---- 2025-09-29 03:15:01.276105
Current day is 2025-09-29
100
HP is 100
XP is 20
Level is 0
Wallpaper set to: /home/mauricio/github/digimon/wallpapers/tmp_wallpaper.jpg


---- 2025-09-29 03:30:02.111071
Current day is 2025-09-29
100
HP is 100
XP is 15
Level is 0
Wallpaper set to: /home/mauricio/github/digimon/wallpapers/tmp_wallpaper.jpg


---- 2025-09-29 03:45:01.299089
Current day is 2025-09-29
100
HP is 100
XP is 15
Level is 0
Wallpaper set to: /home/mauricio/github/digimon/wallpapers/tmp_wallpaper.jpg


---- 2025-09-29 04:00:01.286197
Current day is 2025-09-29
100
HP is 100
XP is 15
Level is 0
Wallpaper set to: /home/mauricio/github/digimon/wallpapers/tmp_wallpaper.jpg


---- 2025-09-29 04:15:01.420807
Current day is 2025-09-29
100
HP is 100
XP is 15
Level is 0
Wallpaper set to: /home/mauricio/github/digimon/wallpapers/tmp_wallpaper.jpg


---- 2025-09-29 04:30:02.042660
Current day is 2025-09-29
100
HP is 100
XP is 15
Level is 0
Wallpaper set to: /home/mauricio/github/digimon/wallpapers/tmp_wallpaper.jpg


---- 2025-09-29 04:45:01.309858
Current day is 2025-09-29
100
HP is 100
XP is 15
Level is 0
Wallpaper set to: /home/mauricio/github/digimon/wallpapers/tmp_wallpaper.jpg


---- 2025-09-29 05:00:02.015837
Current day is 2025-09-29
100
HP is 100
XP is 15
Level is 0
Wallpaper set to: /home/mauricio/github/digimon/wallpapers/tmp_wallpaper.jpg


---- 2025-09-29 05:15:02.015525
Current day is 2025-09-29
100
HP is 100
XP is 15
Level is 0
Wallpaper set to: /home/mauricio/github/digimon/wallpapers/tmp_wallpaper.jpg


---- 2025-09-29 05:30:01.623988
Current day is 2025-09-29
100
HP is 100
XP is 15
Level is 0
Wallpaper set to: /home/mauricio/github/digimon/wallpapers/tmp_wallpaper.jpg


---- 2025-09-29 05:45:02.053868
Current day is 2025-09-29
100
HP is 100
XP is 35
Level is 0
Wallpaper set to: /home/mauricio/github/digimon/wallpapers/tmp_wallpaper.jpg


---- 2025-09-29 06:00:01.671717
Current day is 2025-09-29
100
HP is 100
XP is 35
Level is 0
Wallpaper set to: /home/mauricio/github/digimon/wallpapers/tmp_wallpaper.jpg


---- 2025-09-29 17:45:02.082278
Current day is 2025-09-29
80
HP is 80
XP is 20
Level is 0
Wallpaper set to: /home/mauricio/github/digimon/wallpapers/tmp_wallpaper.jpg


---- 2025-09-29 18:00:01.732931
Current day is 2025-09-29
80
HP is 80
XP is 20
Level is 0
Wallpaper set to: /home/mauricio/github/digimon/wallpapers/tmp_wallpaper.jpg


---- 2025-09-29 18:15:01.980178
Current day is 2025-09-29
80
HP is 80
XP is 20
Level is 0
Wallpaper set to: /home/mauricio/github/digimon/wallpapers/tmp_wallpaper.jpg


---- 2025-09-29 22:00:01.569304
Current day is 2025-09-29
80
HP is 80
XP is 33
Level is 0
Wallpaper set to: /home/mauricio/github/digimon/wallpapers/tmp_wallpaper.jpg


---- 2025-09-29 22:15:02.036389
Current day is 2025-09-29
80
HP is 80
XP is 33
Level is 0
Wallpaper set to: /home/mauricio/github/digimon/wallpapers/tmp_wallpaper.jpg


---- 2025-09-29 22:30:01.586083
Current day is 2025-09-29
80
HP is 80
XP is 33
Level is 0
Wallpaper set to: /home/mauricio/github/digimon/wallpapers/tmp_wallpaper.jpg


---- 2025-09-29 22:45:01.370059
Current day is 2025-09-29
80
HP is 80
XP is 33
Level is 0
Wallpaper set to: /home/mauricio/github/digimon/wallpapers/tmp_wallpaper.jpg


---- 2025-09-29 23:00:01.796550
Current day is 2025-09-29
80
HP is 80
XP is 43
Level is 0
Wallpaper set to: /home/mauricio/github/digimon/wallpapers/tmp_wallpaper.jpg


---- 2025-09-29 23:15:01.713668
Current day is 2025-09-29
80
HP is 80
XP is 53
Level is 0
Wallpaper set to: /home/mauricio/github/digimon/wallpapers/tmp_wallpaper.jpg


---- 2025-09-29 23:30:01.266823
Current day is 2025-09-29
80
HP is 80
XP is 58
Level is 0
Wallpaper set to: /home/mauricio/github/digimon/wallpapers/tmp_wallpaper.jpg


---- 2025-09-29 23:45:01.971221
Current day is 2025-09-29
80
HP is 80
XP is 58
Level is 0
Wallpaper set to: /home/mauricio/github/digimon/wallpapers/tmp_wallpaper.jpg


---- 2025-09-30 02:15:02.117295
Current day is 2025-09-29
80
Current day is 2025-09-30
90
HP is 90
XP is 58
Level is 0
Wallpaper set to: /home/mauricio/github/digimon/wallpapers/tmp_wallpaper.jpg


---- 2025-09-30 02:30:01.457848
Current day is 2025-09-29
80
Current day is 2025-09-30
90
HP is 90
XP is 58
Level is 0
Wallpaper set to: /home/mauricio/github/digimon/wallpapers/tmp_wallpaper.jpg


---- 2025-09-30 02:45:02.079174
Current day is 2025-09-29
80
Current day is 2025-09-30
90
HP is 90
XP is 58
Level is 0
Wallpaper set to: /home/mauricio/github/digimon/wallpapers/tmp_wallpaper.jpg


---- 2025-09-30 03:00:01.485309
Current day is 2025-09-29
80
Current day is 2025-09-30
90
HP is 90
XP is 63
Level is 0
Wallpaper set to: /home/mauricio/github/digimon/wallpapers/tmp_wallpaper.jpg


---- 2025-09-30 03:15:01.767380
Current day is 2025-09-29
80
Current day is 2025-09-30
90
HP is 90
XP is 63
Level is 0
Wallpaper set to: /home/mauricio/github/digimon/wallpapers/tmp_wallpaper.jpg


---- 2025-09-30 03:30:01.161139
Current day is 2025-09-29
80
Current day is 2025-09-30
90
HP is 90
XP is 63
Level is 0
Wallpaper set to: /home/mauricio/github/digimon/wallpapers/tmp_wallpaper.jpg


---- 2025-09-30 03:45:01.513413
Current day is 2025-09-29
80
Current day is 2025-09-30
90
HP is 90
XP is 63
Level is 0
Wallpaper set to: /home/mauricio/github/digimon/wallpapers/tmp_wallpaper.jpg


---- 2025-09-30 04:00:02.153953
Traceback (most recent call last):
  File "/home/mauricio/github/digimon/main.py", line 42, in <module>
    conn, cur = connect_to_db()
  File "/home/mauricio/github/digimon/main.py", line 27, in connect_to_db
    conn = psycopg2.connect(
  File "/home/mauricio/.local/lib/python3.10/site-packages/psycopg2/__init__.py", line 122, in connect
    conn = _connect(dsn, connection_factory=connection_factory, **kwasync)
psycopg2.OperationalError: connection to server at "192.168.1.131", port 5432 failed: No route to host
	Is the server running on that host and accepting TCP/IP connections?



---- 2025-10-01 10:00:02.076437
Traceback (most recent call last):
  File "/home/mauricio/github/digimon/main.py", line 42, in <module>
    conn, cur = connect_to_db()
  File "/home/mauricio/github/digimon/main.py", line 27, in connect_to_db
    conn = psycopg2.connect(
  File "/home/mauricio/.local/lib/python3.10/site-packages/psycopg2/__init__.py", line 122, in connect
    conn = _connect(dsn, connection_factory=connection_factory, **kwasync)
psycopg2.OperationalError: connection to server at "192.168.1.131", port 5432 failed: No route to host
	Is the server running on that host and accepting TCP/IP connections?



---- 2025-10-01 10:15:01.322206
Current day is 2025-09-29
80
Current day is 2025-09-30
90
Current day is 2025-10-01
100
HP is 100
XP is 98
Level is 0
Wallpaper set to: /home/mauricio/github/digimon/wallpapers/tmp_wallpaper.jpg


---- 2025-10-02 01:00:02.155402
Current day is 2025-09-29
80
Current day is 2025-09-30
90
Current day is 2025-10-01
100
Current day is 2025-10-02
50
HP is 50
XP is 73
Level is 0
Wallpaper set to: /home/mauricio/github/digimon/wallpapers/tmp_wallpaper.jpg


---- 2025-10-03 00:30:01.546429
Current day is 2025-09-29
80
Current day is 2025-09-30
90
Current day is 2025-10-01
100
Current day is 2025-10-02
50
Current day is 2025-10-03
25
HP is 25
XP is 58
Level is 0
Wallpaper set to: /home/mauricio/github/digimon/wallpapers/tmp_wallpaper.jpg


---- 2025-10-04 10:00:01.261909
Current day is 2025-09-29
80
Current day is 2025-09-30
90
Current day is 2025-10-01
100
Current day is 2025-10-02
50
Current day is 2025-10-03
25
Current day is 2025-10-04
-15
Inserted a new reset row.
Current day is 2025-10-04
100
HP is 100
XP is 0
Level is 0
HP is -15
XP is 128
Level is 0
Wallpaper set to: /home/mauricio/github/digimon/wallpapers/tmp_wallpaper.jpg


---- 2025-10-04 11:00:02.126493
Current day is 2025-10-04
100
HP is 100
XP is 0
Level is 0
Wallpaper set to: /home/mauricio/github/digimon/wallpapers/tmp_wallpaper.jpg


---- 2025-10-04 11:15:01.133678
Current day is 2025-10-04
100
HP is 100
XP is 0
Level is 0
Wallpaper set to: /home/mauricio/github/digimon/wallpapers/tmp_wallpaper.jpg


---- 2025-10-04 11:30:01.230886
Current day is 2025-10-04
100
HP is 100
XP is 0
Level is 0
Wallpaper set to: /home/mauricio/github/digimon/wallpapers/tmp_wallpaper.jpg


---- 2025-10-04 11:45:01.900024
Current day is 2025-10-04
100
HP is 100
XP is 0
Level is 0
Wallpaper set to: /home/mauricio/github/digimon/wallpapers/tmp_wallpaper.jpg


---- 2025-10-04 12:00:01.186092
Current day is 2025-10-04
100
HP is 100
XP is 0
Level is 0
Wallpaper set to: /home/mauricio/github/digimon/wallpapers/tmp_wallpaper.jpg


---- 2025-10-04 12:15:02.007681
Current day is 2025-10-04
100
HP is 100
XP is 0
Level is 0
Wallpaper set to: /home/mauricio/github/digimon/wallpapers/tmp_wallpaper.jpg


---- 2025-10-04 12:30:01.438093
Current day is 2025-10-04
100
HP is 100
XP is 0
Level is 0
Wallpaper set to: /home/mauricio/github/digimon/wallpapers/tmp_wallpaper.jpg


---- 2025-10-04 12:45:01.366004
Current day is 2025-10-04
100
HP is 100
XP is 0
Level is 0
Wallpaper set to: /home/mauricio/github/digimon/wallpapers/tmp_wallpaper.jpg


---- 2025-10-04 13:00:01.368761
Current day is 2025-10-04
100
HP is 100
XP is 0
Level is 0
Wallpaper set to: /home/mauricio/github/digimon/wallpapers/tmp_wallpaper.jpg


---- 2025-10-04 13:15:01.658701
Current day is 2025-10-04
100
HP is 100
XP is 0
Level is 0
Wallpaper set to: /home/mauricio/github/digimon/wallpapers/tmp_wallpaper.jpg


---- 2025-10-04 13:30:01.252064
Current day is 2025-10-04
100
HP is 100
XP is 0
Level is 0
Wallpaper set to: /home/mauricio/github/digimon/wallpapers/tmp_wallpaper.jpg


---- 2025-10-04 13:45:02.093836
Current day is 2025-10-04
100
HP is 100
XP is 0
Level is 0
Wallpaper set to: /home/mauricio/github/digimon/wallpapers/tmp_wallpaper.jpg


---- 2025-10-04 14:00:01.513747
Current day is 2025-10-04
100
HP is 100
XP is 0
Level is 0
Wallpaper set to: /home/mauricio/github/digimon/wallpapers/tmp_wallpaper.jpg


---- 2025-10-04 14:15:01.952871
Current day is 2025-10-04
100
HP is 100
XP is 0
Level is 0
Wallpaper set to: /home/mauricio/github/digimon/wallpapers/tmp_wallpaper.jpg


---- 2025-10-04 14:30:01.467089
Current day is 2025-10-04
100
HP is 100
XP is 0
Level is 0
Wallpaper set to: /home/mauricio/github/digimon/wallpapers/tmp_wallpaper.jpg


---- 2025-10-04 14:45:01.169018
Current day is 2025-10-04
100
HP is 100
XP is 0
Level is 0
Wallpaper set to: /home/mauricio/github/digimon/wallpapers/tmp_wallpaper.jpg


---- 2025-10-04 15:00:01.279424
Current day is 2025-10-04
100
HP is 100
XP is 10
Level is 0
Wallpaper set to: /home/mauricio/github/digimon/wallpapers/tmp_wallpaper.jpg


---- 2025-10-04 15:15:01.920116
Current day is 2025-10-04
100
HP is 100
XP is 10
Level is 0
Wallpaper set to: /home/mauricio/github/digimon/wallpapers/tmp_wallpaper.jpg


---- 2025-10-04 15:30:01.356367
Current day is 2025-10-04
100
HP is 100
XP is 10
Level is 0
Wallpaper set to: /home/mauricio/github/digimon/wallpapers/tmp_wallpaper.jpg


---- 2025-10-04 15:45:01.639011
Current day is 2025-10-04
100
HP is 100
XP is 10
Level is 0
Wallpaper set to: /home/mauricio/github/digimon/wallpapers/tmp_wallpaper.jpg


---- 2025-10-04 16:00:01.176921
Current day is 2025-10-04
100
HP is 100
XP is 10
Level is 0
Wallpaper set to: /home/mauricio/github/digimon/wallpapers/tmp_wallpaper.jpg


---- 2025-10-04 16:15:01.547564
Current day is 2025-10-04
100
HP is 100
XP is 10
Level is 0
Wallpaper set to: /home/mauricio/github/digimon/wallpapers/tmp_wallpaper.jpg


---- 2025-10-04 16:30:02.001551
Current day is 2025-10-04
100
HP is 100
XP is 10
Level is 0
Wallpaper set to: /home/mauricio/github/digimon/wallpapers/tmp_wallpaper.jpg


---- 2025-10-04 16:45:01.607110
Current day is 2025-10-04
100
HP is 100
XP is 10
Level is 0
Wallpaper set to: /home/mauricio/github/digimon/wallpapers/tmp_wallpaper.jpg


---- 2025-10-04 17:00:01.405283
Current day is 2025-10-04
100
HP is 100
XP is 10
Level is 0
Wallpaper set to: /home/mauricio/github/digimon/wallpapers/tmp_wallpaper.jpg


---- 2025-10-04 17:15:01.468941
Current day is 2025-10-04
100
HP is 100
XP is 10
Level is 0
Wallpaper set to: /home/mauricio/github/digimon/wallpapers/tmp_wallpaper.jpg


---- 2025-10-04 17:30:01.465066
Current day is 2025-10-04
100
HP is 100
XP is 10
Level is 0
Wallpaper set to: /home/mauricio/github/digimon/wallpapers/tmp_wallpaper.jpg


---- 2025-10-04 17:45:01.257488
Current day is 2025-10-04
100
HP is 100
XP is 10
Level is 0
Wallpaper set to: /home/mauricio/github/digimon/wallpapers/tmp_wallpaper.jpg


---- 2025-10-04 18:00:01.386114
Current day is 2025-10-04
100
HP is 100
XP is 10
Level is 0
Wallpaper set to: /home/mauricio/github/digimon/wallpapers/tmp_wallpaper.jpg


---- 2025-10-04 18:15:02.050901
Current day is 2025-10-04
100
HP is 100
XP is 10
Level is 0
Wallpaper set to: /home/mauricio/github/digimon/wallpapers/tmp_wallpaper.jpg


---- 2025-10-04 18:30:01.927375
Current day is 2025-10-04
100
HP is 100
XP is 10
Level is 0
Wallpaper set to: /home/mauricio/github/digimon/wallpapers/tmp_wallpaper.jpg


---- 2025-10-04 18:45:01.799320
Current day is 2025-10-04
100
HP is 100
XP is 10
Level is 0
Wallpaper set to: /home/mauricio/github/digimon/wallpapers/tmp_wallpaper.jpg


---- 2025-10-04 19:00:01.445951
Current day is 2025-10-04
100
HP is 100
XP is 10
Level is 0
Wallpaper set to: /home/mauricio/github/digimon/wallpapers/tmp_wallpaper.jpg


---- 2025-10-04 19:15:01.303846
Current day is 2025-10-04
100
HP is 100
XP is 10
Level is 0
Wallpaper set to: /home/mauricio/github/digimon/wallpapers/tmp_wallpaper.jpg


---- 2025-10-04 19:30:01.239932
Current day is 2025-10-04
100
HP is 100
XP is 10
Level is 0
Wallpaper set to: /home/mauricio/github/digimon/wallpapers/tmp_wallpaper.jpg


---- 2025-10-04 19:45:01.352730
Current day is 2025-10-04
100
HP is 100
XP is 10
Level is 0
Wallpaper set to: /home/mauricio/github/digimon/wallpapers/tmp_wallpaper.jpg


---- 2025-10-04 20:00:01.648415
Current day is 2025-10-04
100
HP is 100
XP is 10
Level is 0
Wallpaper set to: /home/mauricio/github/digimon/wallpapers/tmp_wallpaper.jpg


---- 2025-10-04 20:15:01.294476
Current day is 2025-10-04
100
HP is 100
XP is 10
Level is 0
Wallpaper set to: /home/mauricio/github/digimon/wallpapers/tmp_wallpaper.jpg


---- 2025-10-04 20:30:01.642649
Current day is 2025-10-04
100
HP is 100
XP is 10
Level is 0
Wallpaper set to: /home/mauricio/github/digimon/wallpapers/tmp_wallpaper.jpg


---- 2025-10-04 20:45:01.785372
Current day is 2025-10-04
100
HP is 100
XP is 10
Level is 0
Wallpaper set to: /home/mauricio/github/digimon/wallpapers/tmp_wallpaper.jpg


---- 2025-10-04 21:00:01.446207
Current day is 2025-10-04
100
HP is 100
XP is 10
Level is 0
Wallpaper set to: /home/mauricio/github/digimon/wallpapers/tmp_wallpaper.jpg


---- 2025-10-04 21:15:01.557824
Current day is 2025-10-04
100
HP is 100
XP is 10
Level is 0
Wallpaper set to: /home/mauricio/github/digimon/wallpapers/tmp_wallpaper.jpg


---- 2025-10-04 21:30:02.103799
Current day is 2025-10-04
100
HP is 100
XP is 10
Level is 0
Wallpaper set to: /home/mauricio/github/digimon/wallpapers/tmp_wallpaper.jpg


---- 2025-10-04 21:45:01.192607
Current day is 2025-10-04
100
HP is 100
XP is 10
Level is 0
Wallpaper set to: /home/mauricio/github/digimon/wallpapers/tmp_wallpaper.jpg


---- 2025-10-04 22:00:01.858029
Current day is 2025-10-04
100
HP is 100
XP is 10
Level is 0
Wallpaper set to: /home/mauricio/github/digimon/wallpapers/tmp_wallpaper.jpg


---- 2025-10-04 22:15:01.624453
Current day is 2025-10-04
100
HP is 100
XP is 10
Level is 0
Wallpaper set to: /home/mauricio/github/digimon/wallpapers/tmp_wallpaper.jpg


---- 2025-10-04 22:30:01.719823
Current day is 2025-10-04
91
HP is 91
XP is 6
Level is 0
Wallpaper set to: /home/mauricio/github/digimon/wallpapers/tmp_wallpaper.jpg


---- 2025-10-04 22:45:01.865985
Current day is 2025-10-04
91
HP is 91
XP is 6
Level is 0
Wallpaper set to: /home/mauricio/github/digimon/wallpapers/tmp_wallpaper.jpg


---- 2025-10-04 23:00:01.771529
Current day is 2025-10-04
91
HP is 91
XP is 9
Level is 0
Wallpaper set to: /home/mauricio/github/digimon/wallpapers/tmp_wallpaper.jpg


---- 2025-10-04 23:15:01.270103
Current day is 2025-10-04
91
HP is 91
XP is 9
Level is 0
Wallpaper set to: /home/mauricio/github/digimon/wallpapers/tmp_wallpaper.jpg


---- 2025-10-04 23:30:01.965457
Current day is 2025-10-04
91
HP is 91
XP is 9
Level is 0
Wallpaper set to: /home/mauricio/github/digimon/wallpapers/tmp_wallpaper.jpg


---- 2025-10-04 23:45:01.895169
Current day is 2025-10-04
91
HP is 91
XP is 14
Level is 0
Wallpaper set to: /home/mauricio/github/digimon/wallpapers/tmp_wallpaper.jpg


---- 2025-10-05 00:00:01.314401
Current day is 2025-10-04
91
Current day is 2025-10-05
70
HP is 70
XP is -6
Level is 0
Wallpaper set to: /home/mauricio/github/digimon/wallpapers/tmp_wallpaper.jpg


---- 2025-10-05 00:15:01.155218
Current day is 2025-10-04
91
Current day is 2025-10-05
70
HP is 70
XP is 4
Level is 0
Wallpaper set to: /home/mauricio/github/digimon/wallpapers/tmp_wallpaper.jpg


---- 2025-10-05 00:30:01.556701
Current day is 2025-10-04
91
Current day is 2025-10-05
70
HP is 70
XP is 4
Level is 0
Wallpaper set to: /home/mauricio/github/digimon/wallpapers/tmp_wallpaper.jpg


---- 2025-10-05 00:45:01.938318
Current day is 2025-10-04
91
Current day is 2025-10-05
70
HP is 70
XP is 4
Level is 0
Wallpaper set to: /home/mauricio/github/digimon/wallpapers/tmp_wallpaper.jpg


---- 2025-10-05 01:00:02.011474
Current day is 2025-10-04
91
Current day is 2025-10-05
70
HP is 70
XP is 4
Level is 0
Wallpaper set to: /home/mauricio/github/digimon/wallpapers/tmp_wallpaper.jpg


---- 2025-10-05 01:15:01.672270
Current day is 2025-10-04
91
Current day is 2025-10-05
70
HP is 70
XP is 4
Level is 0
Wallpaper set to: /home/mauricio/github/digimon/wallpapers/tmp_wallpaper.jpg


---- 2025-10-05 01:30:02.085497
Current day is 2025-10-04
91
Current day is 2025-10-05
70
HP is 70
XP is 4
Level is 0
Wallpaper set to: /home/mauricio/github/digimon/wallpapers/tmp_wallpaper.jpg


---- 2025-10-05 01:45:01.603910
Current day is 2025-10-04
91
Current day is 2025-10-05
70
HP is 70
XP is 4
Level is 0
Wallpaper set to: /home/mauricio/github/digimon/wallpapers/tmp_wallpaper.jpg


---- 2025-10-05 02:00:01.246301
Current day is 2025-10-04
91
Current day is 2025-10-05
70
HP is 70
XP is 4
Level is 0
Wallpaper set to: /home/mauricio/github/digimon/wallpapers/tmp_wallpaper.jpg


---- 2025-10-05 02:15:01.475971
Current day is 2025-10-04
91
Current day is 2025-10-05
70
HP is 70
XP is 4
Level is 0
Wallpaper set to: /home/mauricio/github/digimon/wallpapers/tmp_wallpaper.jpg


---- 2025-10-05 02:30:01.715989
Current day is 2025-10-04
91
Current day is 2025-10-05
70
HP is 70
XP is 4
Level is 0
Wallpaper set to: /home/mauricio/github/digimon/wallpapers/tmp_wallpaper.jpg


---- 2025-10-05 02:45:01.500421
Current day is 2025-10-04
91
Current day is 2025-10-05
70
HP is 70
XP is 4
Level is 0
Wallpaper set to: /home/mauricio/github/digimon/wallpapers/tmp_wallpaper.jpg


---- 2025-10-05 03:00:01.419106
Current day is 2025-10-04
91
Current day is 2025-10-05
70
HP is 70
XP is 4
Level is 0
Wallpaper set to: /home/mauricio/github/digimon/wallpapers/tmp_wallpaper.jpg


---- 2025-10-05 03:15:01.331904
Current day is 2025-10-04
91
Current day is 2025-10-05
70
HP is 70
XP is 4
Level is 0
Wallpaper set to: /home/mauricio/github/digimon/wallpapers/tmp_wallpaper.jpg


---- 2025-10-05 03:30:01.231960
Current day is 2025-10-04
91
Current day is 2025-10-05
70
HP is 70
XP is 4
Level is 0
Wallpaper set to: /home/mauricio/github/digimon/wallpapers/tmp_wallpaper.jpg


---- 2025-10-05 03:45:01.653570
Current day is 2025-10-04
91
Current day is 2025-10-05
70
HP is 70
XP is 4
Level is 0
Wallpaper set to: /home/mauricio/github/digimon/wallpapers/tmp_wallpaper.jpg


---- 2025-10-05 04:00:01.131426
Current day is 2025-10-04
91
Current day is 2025-10-05
70
HP is 70
XP is 4
Level is 0
Wallpaper set to: /home/mauricio/github/digimon/wallpapers/tmp_wallpaper.jpg


---- 2025-10-05 04:15:02.141517
Traceback (most recent call last):
  File "/home/mauricio/github/digimon/main.py", line 42, in <module>
    conn, cur = connect_to_db()
  File "/home/mauricio/github/digimon/main.py", line 27, in connect_to_db
    conn = psycopg2.connect(
  File "/home/mauricio/.local/lib/python3.10/site-packages/psycopg2/__init__.py", line 122, in connect
    conn = _connect(dsn, connection_factory=connection_factory, **kwasync)
psycopg2.OperationalError: connection to server at "192.168.1.131", port 5432 failed: No route to host
	Is the server running on that host and accepting TCP/IP connections?



---- 2025-10-05 04:30:02.103138
Current day is 2025-10-04
91
Current day is 2025-10-05
70
HP is 70
XP is 4
Level is 0
Wallpaper set to: /home/mauricio/github/digimon/wallpapers/tmp_wallpaper.jpg


---- 2025-10-05 04:45:01.959143
Current day is 2025-10-04
91
Current day is 2025-10-05
70
HP is 70
XP is 4
Level is 0
Wallpaper set to: /home/mauricio/github/digimon/wallpapers/tmp_wallpaper.jpg


---- 2025-10-06 19:45:01.296800
Current day is 2025-10-04
91
Current day is 2025-10-05
70
Current day is 2025-10-06
80
HP is 80
XP is 49
Level is 0
Wallpaper set to: /home/mauricio/github/digimon/wallpapers/tmp_wallpaper.jpg


---- 2025-10-07 13:30:02.060849
Traceback (most recent call last):
  File "/home/mauricio/github/digimon/main.py", line 42, in <module>
    conn, cur = connect_to_db()
  File "/home/mauricio/github/digimon/main.py", line 27, in connect_to_db
    conn = psycopg2.connect(
  File "/home/mauricio/.local/lib/python3.10/site-packages/psycopg2/__init__.py", line 122, in connect
    conn = _connect(dsn, connection_factory=connection_factory, **kwasync)
psycopg2.OperationalError: connection to server at "192.168.1.131", port 5432 failed: No route to host
	Is the server running on that host and accepting TCP/IP connections?



---- 2025-10-08 12:00:01.531198
Current day is 2025-10-04
91
Current day is 2025-10-05
70
Current day is 2025-10-06
80
Current day is 2025-10-07
45
Current day is 2025-10-08
25
HP is 25
XP is 34
Level is 0
Wallpaper set to: /home/mauricio/github/digimon/wallpapers/tmp_wallpaper.jpg


---- 2025-10-08 12:15:02.035011
Current day is 2025-10-04
91
Current day is 2025-10-05
70
Current day is 2025-10-06
80
Current day is 2025-10-07
45
Current day is 2025-10-08
25
HP is 25
XP is 34
Level is 0
Wallpaper set to: /home/mauricio/github/digimon/wallpapers/tmp_wallpaper.jpg


---- 2025-10-08 12:30:01.935849
Current day is 2025-10-04
91
Current day is 2025-10-05
70
Current day is 2025-10-06
80
Current day is 2025-10-07
45
Current day is 2025-10-08
25
HP is 25
XP is 34
Level is 0
Wallpaper set to: /home/mauricio/github/digimon/wallpapers/tmp_wallpaper.jpg


---- 2025-10-08 12:45:02.063036
Current day is 2025-10-04
91
Current day is 2025-10-05
70
Current day is 2025-10-06
80
Current day is 2025-10-07
45
Current day is 2025-10-08
25
HP is 25
XP is 34
Level is 0
Wallpaper set to: /home/mauricio/github/digimon/wallpapers/tmp_wallpaper.jpg


---- 2025-10-08 13:00:02.017060
Current day is 2025-10-04
91
Current day is 2025-10-05
70
Current day is 2025-10-06
80
Current day is 2025-10-07
45
Current day is 2025-10-08
25
HP is 25
XP is 34
Level is 0
Wallpaper set to: /home/mauricio/github/digimon/wallpapers/tmp_wallpaper.jpg


---- 2025-10-08 13:15:01.390698
Current day is 2025-10-04
91
Current day is 2025-10-05
70
Current day is 2025-10-06
80
Current day is 2025-10-07
45
Current day is 2025-10-08
25
HP is 25
XP is 34
Level is 0
Wallpaper set to: /home/mauricio/github/digimon/wallpapers/tmp_wallpaper.jpg


---- 2025-10-08 13:30:01.119079
Current day is 2025-10-04
91
Current day is 2025-10-05
70
Current day is 2025-10-06
80
Current day is 2025-10-07
45
Current day is 2025-10-08
25
HP is 25
XP is 34
Level is 0
Wallpaper set to: /home/mauricio/github/digimon/wallpapers/tmp_wallpaper.jpg


---- 2025-10-08 13:45:01.904063
Current day is 2025-10-04
91
Current day is 2025-10-05
70
Current day is 2025-10-06
80
Current day is 2025-10-07
45
Current day is 2025-10-08
25
HP is 25
XP is 34
Level is 0
Wallpaper set to: /home/mauricio/github/digimon/wallpapers/tmp_wallpaper.jpg


---- 2025-10-08 14:00:02.056466
Traceback (most recent call last):
  File "/home/mauricio/github/digimon/main.py", line 42, in <module>
    conn, cur = connect_to_db()
  File "/home/mauricio/github/digimon/main.py", line 27, in connect_to_db
    conn = psycopg2.connect(
  File "/home/mauricio/.local/lib/python3.10/site-packages/psycopg2/__init__.py", line 122, in connect
    conn = _connect(dsn, connection_factory=connection_factory, **kwasync)
psycopg2.OperationalError: connection to server at "192.168.1.131", port 5432 failed: No route to host
	Is the server running on that host and accepting TCP/IP connections?



---- 2025-10-08 14:15:01.524196
Traceback (most recent call last):
  File "/home/mauricio/github/digimon/main.py", line 42, in <module>
    conn, cur = connect_to_db()
  File "/home/mauricio/github/digimon/main.py", line 27, in connect_to_db
    conn = psycopg2.connect(
  File "/home/mauricio/.local/lib/python3.10/site-packages/psycopg2/__init__.py", line 122, in connect
    conn = _connect(dsn, connection_factory=connection_factory, **kwasync)
psycopg2.OperationalError: connection to server at "192.168.1.131", port 5432 failed: No route to host
	Is the server running on that host and accepting TCP/IP connections?



---- 2025-10-08 14:30:01.777256
Traceback (most recent call last):
  File "/home/mauricio/github/digimon/main.py", line 42, in <module>
    conn, cur = connect_to_db()
  File "/home/mauricio/github/digimon/main.py", line 27, in connect_to_db
    conn = psycopg2.connect(
  File "/home/mauricio/.local/lib/python3.10/site-packages/psycopg2/__init__.py", line 122, in connect
    conn = _connect(dsn, connection_factory=connection_factory, **kwasync)
psycopg2.OperationalError: connection to server at "192.168.1.131", port 5432 failed: No route to host
	Is the server running on that host and accepting TCP/IP connections?



---- 2025-10-08 14:45:01.992749
Traceback (most recent call last):
  File "/home/mauricio/github/digimon/main.py", line 42, in <module>
    conn, cur = connect_to_db()
  File "/home/mauricio/github/digimon/main.py", line 27, in connect_to_db
    conn = psycopg2.connect(
  File "/home/mauricio/.local/lib/python3.10/site-packages/psycopg2/__init__.py", line 122, in connect
    conn = _connect(dsn, connection_factory=connection_factory, **kwasync)
psycopg2.OperationalError: connection to server at "192.168.1.131", port 5432 failed: No route to host
	Is the server running on that host and accepting TCP/IP connections?



---- 2025-10-08 15:00:01.226058
Traceback (most recent call last):
  File "/home/mauricio/github/digimon/main.py", line 42, in <module>
    conn, cur = connect_to_db()
  File "/home/mauricio/github/digimon/main.py", line 27, in connect_to_db
    conn = psycopg2.connect(
  File "/home/mauricio/.local/lib/python3.10/site-packages/psycopg2/__init__.py", line 122, in connect
    conn = _connect(dsn, connection_factory=connection_factory, **kwasync)
psycopg2.OperationalError: connection to server at "192.168.1.131", port 5432 failed: No route to host
	Is the server running on that host and accepting TCP/IP connections?



---- 2025-10-08 15:15:01.486086
Traceback (most recent call last):
  File "/home/mauricio/github/digimon/main.py", line 42, in <module>
    conn, cur = connect_to_db()
  File "/home/mauricio/github/digimon/main.py", line 27, in connect_to_db
    conn = psycopg2.connect(
  File "/home/mauricio/.local/lib/python3.10/site-packages/psycopg2/__init__.py", line 122, in connect
    conn = _connect(dsn, connection_factory=connection_factory, **kwasync)
psycopg2.OperationalError: connection to server at "192.168.1.131", port 5432 failed: No route to host
	Is the server running on that host and accepting TCP/IP connections?



---- 2025-10-08 15:30:01.715945
Traceback (most recent call last):
  File "/home/mauricio/github/digimon/main.py", line 42, in <module>
    conn, cur = connect_to_db()
  File "/home/mauricio/github/digimon/main.py", line 27, in connect_to_db
    conn = psycopg2.connect(
  File "/home/mauricio/.local/lib/python3.10/site-packages/psycopg2/__init__.py", line 122, in connect
    conn = _connect(dsn, connection_factory=connection_factory, **kwasync)
psycopg2.OperationalError: connection to server at "192.168.1.131", port 5432 failed: No route to host
	Is the server running on that host and accepting TCP/IP connections?



---- 2025-10-08 15:45:01.939720
Traceback (most recent call last):
  File "/home/mauricio/github/digimon/main.py", line 42, in <module>
    conn, cur = connect_to_db()
  File "/home/mauricio/github/digimon/main.py", line 27, in connect_to_db
    conn = psycopg2.connect(
  File "/home/mauricio/.local/lib/python3.10/site-packages/psycopg2/__init__.py", line 122, in connect
    conn = _connect(dsn, connection_factory=connection_factory, **kwasync)
psycopg2.OperationalError: connection to server at "192.168.1.131", port 5432 failed: No route to host
	Is the server running on that host and accepting TCP/IP connections?



---- 2025-10-08 16:00:01.160659
Traceback (most recent call last):
  File "/home/mauricio/github/digimon/main.py", line 42, in <module>
    conn, cur = connect_to_db()
  File "/home/mauricio/github/digimon/main.py", line 27, in connect_to_db
    conn = psycopg2.connect(
  File "/home/mauricio/.local/lib/python3.10/site-packages/psycopg2/__init__.py", line 122, in connect
    conn = _connect(dsn, connection_factory=connection_factory, **kwasync)
psycopg2.OperationalError: connection to server at "192.168.1.131", port 5432 failed: No route to host
	Is the server running on that host and accepting TCP/IP connections?



---- 2025-10-08 16:15:01.428300
Traceback (most recent call last):
  File "/home/mauricio/github/digimon/main.py", line 42, in <module>
    conn, cur = connect_to_db()
  File "/home/mauricio/github/digimon/main.py", line 27, in connect_to_db
    conn = psycopg2.connect(
  File "/home/mauricio/.local/lib/python3.10/site-packages/psycopg2/__init__.py", line 122, in connect
    conn = _connect(dsn, connection_factory=connection_factory, **kwasync)
psycopg2.OperationalError: connection to server at "192.168.1.131", port 5432 failed: No route to host
	Is the server running on that host and accepting TCP/IP connections?



---- 2025-10-08 16:30:01.649199
Traceback (most recent call last):
  File "/home/mauricio/github/digimon/main.py", line 42, in <module>
    conn, cur = connect_to_db()
  File "/home/mauricio/github/digimon/main.py", line 27, in connect_to_db
    conn = psycopg2.connect(
  File "/home/mauricio/.local/lib/python3.10/site-packages/psycopg2/__init__.py", line 122, in connect
    conn = _connect(dsn, connection_factory=connection_factory, **kwasync)
psycopg2.OperationalError: connection to server at "192.168.1.131", port 5432 failed: No route to host
	Is the server running on that host and accepting TCP/IP connections?



---- 2025-10-08 16:45:01.864997
Traceback (most recent call last):
  File "/home/mauricio/github/digimon/main.py", line 42, in <module>
    conn, cur = connect_to_db()
  File "/home/mauricio/github/digimon/main.py", line 27, in connect_to_db
    conn = psycopg2.connect(
  File "/home/mauricio/.local/lib/python3.10/site-packages/psycopg2/__init__.py", line 122, in connect
    conn = _connect(dsn, connection_factory=connection_factory, **kwasync)
psycopg2.OperationalError: connection to server at "192.168.1.131", port 5432 failed: No route to host
	Is the server running on that host and accepting TCP/IP connections?



---- 2025-10-08 17:00:02.089232
Traceback (most recent call last):
  File "/home/mauricio/github/digimon/main.py", line 42, in <module>
    conn, cur = connect_to_db()
  File "/home/mauricio/github/digimon/main.py", line 27, in connect_to_db
    conn = psycopg2.connect(
  File "/home/mauricio/.local/lib/python3.10/site-packages/psycopg2/__init__.py", line 122, in connect
    conn = _connect(dsn, connection_factory=connection_factory, **kwasync)
psycopg2.OperationalError: connection to server at "192.168.1.131", port 5432 failed: No route to host
	Is the server running on that host and accepting TCP/IP connections?



---- 2025-10-08 17:15:01.326814
Traceback (most recent call last):
  File "/home/mauricio/github/digimon/main.py", line 42, in <module>
    conn, cur = connect_to_db()
  File "/home/mauricio/github/digimon/main.py", line 27, in connect_to_db
    conn = psycopg2.connect(
  File "/home/mauricio/.local/lib/python3.10/site-packages/psycopg2/__init__.py", line 122, in connect
    conn = _connect(dsn, connection_factory=connection_factory, **kwasync)
psycopg2.OperationalError: connection to server at "192.168.1.131", port 5432 failed: No route to host
	Is the server running on that host and accepting TCP/IP connections?



---- 2025-10-08 17:30:01.588587
Traceback (most recent call last):
  File "/home/mauricio/github/digimon/main.py", line 42, in <module>
    conn, cur = connect_to_db()
  File "/home/mauricio/github/digimon/main.py", line 27, in connect_to_db
    conn = psycopg2.connect(
  File "/home/mauricio/.local/lib/python3.10/site-packages/psycopg2/__init__.py", line 122, in connect
    conn = _connect(dsn, connection_factory=connection_factory, **kwasync)
psycopg2.OperationalError: connection to server at "192.168.1.131", port 5432 failed: No route to host
	Is the server running on that host and accepting TCP/IP connections?



---- 2025-10-08 17:45:01.806836
Traceback (most recent call last):
  File "/home/mauricio/github/digimon/main.py", line 42, in <module>
    conn, cur = connect_to_db()
  File "/home/mauricio/github/digimon/main.py", line 27, in connect_to_db
    conn = psycopg2.connect(
  File "/home/mauricio/.local/lib/python3.10/site-packages/psycopg2/__init__.py", line 122, in connect
    conn = _connect(dsn, connection_factory=connection_factory, **kwasync)
psycopg2.OperationalError: connection to server at "192.168.1.131", port 5432 failed: No route to host
	Is the server running on that host and accepting TCP/IP connections?



---- 2025-10-08 18:00:02.029850
Traceback (most recent call last):
  File "/home/mauricio/github/digimon/main.py", line 42, in <module>
    conn, cur = connect_to_db()
  File "/home/mauricio/github/digimon/main.py", line 27, in connect_to_db
    conn = psycopg2.connect(
  File "/home/mauricio/.local/lib/python3.10/site-packages/psycopg2/__init__.py", line 122, in connect
    conn = _connect(dsn, connection_factory=connection_factory, **kwasync)
psycopg2.OperationalError: connection to server at "192.168.1.131", port 5432 failed: No route to host
	Is the server running on that host and accepting TCP/IP connections?



---- 2025-10-08 18:15:01.252114
Traceback (most recent call last):
  File "/home/mauricio/github/digimon/main.py", line 42, in <module>
    conn, cur = connect_to_db()
  File "/home/mauricio/github/digimon/main.py", line 27, in connect_to_db
    conn = psycopg2.connect(
  File "/home/mauricio/.local/lib/python3.10/site-packages/psycopg2/__init__.py", line 122, in connect
    conn = _connect(dsn, connection_factory=connection_factory, **kwasync)
psycopg2.OperationalError: connection to server at "192.168.1.131", port 5432 failed: No route to host
	Is the server running on that host and accepting TCP/IP connections?



---- 2025-10-08 18:30:01.518650
Traceback (most recent call last):
  File "/home/mauricio/github/digimon/main.py", line 42, in <module>
    conn, cur = connect_to_db()
  File "/home/mauricio/github/digimon/main.py", line 27, in connect_to_db
    conn = psycopg2.connect(
  File "/home/mauricio/.local/lib/python3.10/site-packages/psycopg2/__init__.py", line 122, in connect
    conn = _connect(dsn, connection_factory=connection_factory, **kwasync)
psycopg2.OperationalError: connection to server at "192.168.1.131", port 5432 failed: No route to host
	Is the server running on that host and accepting TCP/IP connections?



---- 2025-10-08 18:45:01.743266
Traceback (most recent call last):
  File "/home/mauricio/github/digimon/main.py", line 42, in <module>
    conn, cur = connect_to_db()
  File "/home/mauricio/github/digimon/main.py", line 27, in connect_to_db
    conn = psycopg2.connect(
  File "/home/mauricio/.local/lib/python3.10/site-packages/psycopg2/__init__.py", line 122, in connect
    conn = _connect(dsn, connection_factory=connection_factory, **kwasync)
psycopg2.OperationalError: connection to server at "192.168.1.131", port 5432 failed: No route to host
	Is the server running on that host and accepting TCP/IP connections?



---- 2025-10-08 19:00:01.963471
Traceback (most recent call last):
  File "/home/mauricio/github/digimon/main.py", line 42, in <module>
    conn, cur = connect_to_db()
  File "/home/mauricio/github/digimon/main.py", line 27, in connect_to_db
    conn = psycopg2.connect(
  File "/home/mauricio/.local/lib/python3.10/site-packages/psycopg2/__init__.py", line 122, in connect
    conn = _connect(dsn, connection_factory=connection_factory, **kwasync)
psycopg2.OperationalError: connection to server at "192.168.1.131", port 5432 failed: No route to host
	Is the server running on that host and accepting TCP/IP connections?



---- 2025-10-08 19:15:01.190253
Traceback (most recent call last):
  File "/home/mauricio/github/digimon/main.py", line 42, in <module>
    conn, cur = connect_to_db()
  File "/home/mauricio/github/digimon/main.py", line 27, in connect_to_db
    conn = psycopg2.connect(
  File "/home/mauricio/.local/lib/python3.10/site-packages/psycopg2/__init__.py", line 122, in connect
    conn = _connect(dsn, connection_factory=connection_factory, **kwasync)
psycopg2.OperationalError: connection to server at "192.168.1.131", port 5432 failed: No route to host
	Is the server running on that host and accepting TCP/IP connections?



---- 2025-10-08 19:30:01.458588
Traceback (most recent call last):
  File "/home/mauricio/github/digimon/main.py", line 42, in <module>
    conn, cur = connect_to_db()
  File "/home/mauricio/github/digimon/main.py", line 27, in connect_to_db
    conn = psycopg2.connect(
  File "/home/mauricio/.local/lib/python3.10/site-packages/psycopg2/__init__.py", line 122, in connect
    conn = _connect(dsn, connection_factory=connection_factory, **kwasync)
psycopg2.OperationalError: connection to server at "192.168.1.131", port 5432 failed: No route to host
	Is the server running on that host and accepting TCP/IP connections?



---- 2025-10-08 19:45:01.682020
Traceback (most recent call last):
  File "/home/mauricio/github/digimon/main.py", line 42, in <module>
    conn, cur = connect_to_db()
  File "/home/mauricio/github/digimon/main.py", line 27, in connect_to_db
    conn = psycopg2.connect(
  File "/home/mauricio/.local/lib/python3.10/site-packages/psycopg2/__init__.py", line 122, in connect
    conn = _connect(dsn, connection_factory=connection_factory, **kwasync)
psycopg2.OperationalError: connection to server at "192.168.1.131", port 5432 failed: No route to host
	Is the server running on that host and accepting TCP/IP connections?



---- 2025-10-08 20:00:01.898973
Traceback (most recent call last):
  File "/home/mauricio/github/digimon/main.py", line 42, in <module>
    conn, cur = connect_to_db()
  File "/home/mauricio/github/digimon/main.py", line 27, in connect_to_db
    conn = psycopg2.connect(
  File "/home/mauricio/.local/lib/python3.10/site-packages/psycopg2/__init__.py", line 122, in connect
    conn = _connect(dsn, connection_factory=connection_factory, **kwasync)
psycopg2.OperationalError: connection to server at "192.168.1.131", port 5432 failed: No route to host
	Is the server running on that host and accepting TCP/IP connections?



---- 2025-10-08 20:15:01.121267
Traceback (most recent call last):
  File "/home/mauricio/github/digimon/main.py", line 42, in <module>
    conn, cur = connect_to_db()
  File "/home/mauricio/github/digimon/main.py", line 27, in connect_to_db
    conn = psycopg2.connect(
  File "/home/mauricio/.local/lib/python3.10/site-packages/psycopg2/__init__.py", line 122, in connect
    conn = _connect(dsn, connection_factory=connection_factory, **kwasync)
psycopg2.OperationalError: connection to server at "192.168.1.131", port 5432 failed: No route to host
	Is the server running on that host and accepting TCP/IP connections?



---- 2025-10-08 20:30:01.351809
Traceback (most recent call last):
  File "/home/mauricio/github/digimon/main.py", line 42, in <module>
    conn, cur = connect_to_db()
  File "/home/mauricio/github/digimon/main.py", line 27, in connect_to_db
    conn = psycopg2.connect(
  File "/home/mauricio/.local/lib/python3.10/site-packages/psycopg2/__init__.py", line 122, in connect
    conn = _connect(dsn, connection_factory=connection_factory, **kwasync)
psycopg2.OperationalError: connection to server at "192.168.1.131", port 5432 failed: No route to host
	Is the server running on that host and accepting TCP/IP connections?



---- 2025-10-08 20:45:01.608140
Traceback (most recent call last):
  File "/home/mauricio/github/digimon/main.py", line 42, in <module>
    conn, cur = connect_to_db()
  File "/home/mauricio/github/digimon/main.py", line 27, in connect_to_db
    conn = psycopg2.connect(
  File "/home/mauricio/.local/lib/python3.10/site-packages/psycopg2/__init__.py", line 122, in connect
    conn = _connect(dsn, connection_factory=connection_factory, **kwasync)
psycopg2.OperationalError: connection to server at "192.168.1.131", port 5432 failed: No route to host
	Is the server running on that host and accepting TCP/IP connections?



---- 2025-10-08 21:00:01.830926
Traceback (most recent call last):
  File "/home/mauricio/github/digimon/main.py", line 42, in <module>
    conn, cur = connect_to_db()
  File "/home/mauricio/github/digimon/main.py", line 27, in connect_to_db
    conn = psycopg2.connect(
  File "/home/mauricio/.local/lib/python3.10/site-packages/psycopg2/__init__.py", line 122, in connect
    conn = _connect(dsn, connection_factory=connection_factory, **kwasync)
psycopg2.OperationalError: connection to server at "192.168.1.131", port 5432 failed: No route to host
	Is the server running on that host and accepting TCP/IP connections?



---- 2025-10-08 21:15:02.053819
Traceback (most recent call last):
  File "/home/mauricio/github/digimon/main.py", line 42, in <module>
    conn, cur = connect_to_db()
  File "/home/mauricio/github/digimon/main.py", line 27, in connect_to_db
    conn = psycopg2.connect(
  File "/home/mauricio/.local/lib/python3.10/site-packages/psycopg2/__init__.py", line 122, in connect
    conn = _connect(dsn, connection_factory=connection_factory, **kwasync)
psycopg2.OperationalError: connection to server at "192.168.1.131", port 5432 failed: No route to host
	Is the server running on that host and accepting TCP/IP connections?



---- 2025-10-08 21:30:01.293313
Traceback (most recent call last):
  File "/home/mauricio/github/digimon/main.py", line 42, in <module>
    conn, cur = connect_to_db()
  File "/home/mauricio/github/digimon/main.py", line 27, in connect_to_db
    conn = psycopg2.connect(
  File "/home/mauricio/.local/lib/python3.10/site-packages/psycopg2/__init__.py", line 122, in connect
    conn = _connect(dsn, connection_factory=connection_factory, **kwasync)
psycopg2.OperationalError: connection to server at "192.168.1.131", port 5432 failed: No route to host
	Is the server running on that host and accepting TCP/IP connections?



---- 2025-10-08 21:45:01.553182
Traceback (most recent call last):
  File "/home/mauricio/github/digimon/main.py", line 42, in <module>
    conn, cur = connect_to_db()
  File "/home/mauricio/github/digimon/main.py", line 27, in connect_to_db
    conn = psycopg2.connect(
  File "/home/mauricio/.local/lib/python3.10/site-packages/psycopg2/__init__.py", line 122, in connect
    conn = _connect(dsn, connection_factory=connection_factory, **kwasync)
psycopg2.OperationalError: connection to server at "192.168.1.131", port 5432 failed: No route to host
	Is the server running on that host and accepting TCP/IP connections?



---- 2025-10-08 22:00:01.767074
Traceback (most recent call last):
  File "/home/mauricio/github/digimon/main.py", line 42, in <module>
    conn, cur = connect_to_db()
  File "/home/mauricio/github/digimon/main.py", line 27, in connect_to_db
    conn = psycopg2.connect(
  File "/home/mauricio/.local/lib/python3.10/site-packages/psycopg2/__init__.py", line 122, in connect
    conn = _connect(dsn, connection_factory=connection_factory, **kwasync)
psycopg2.OperationalError: connection to server at "192.168.1.131", port 5432 failed: No route to host
	Is the server running on that host and accepting TCP/IP connections?



---- 2025-10-10 22:45:01.774158
Current day is 2025-10-04
91
Current day is 2025-10-05
70
Current day is 2025-10-06
80
Current day is 2025-10-07
45
Current day is 2025-10-08
40
Current day is 2025-10-09
50
Current day is 2025-10-10
60
HP is 60
XP is 189
Level is 1
Wallpaper set to: /home/mauricio/github/digimon/wallpapers/tmp_wallpaper.jpg


---- 2025-10-12 13:45:02.092547
Current day is 2025-10-04
91
Current day is 2025-10-05
70
Current day is 2025-10-06
80
Current day is 2025-10-07
45
Current day is 2025-10-08
40
Current day is 2025-10-09
50
Current day is 2025-10-10
60
Current day is 2025-10-11
70
Current day is 2025-10-12
35
HP is 35
XP is 194
Level is 1
Wallpaper set to: /home/mauricio/github/digimon/wallpapers/tmp_wallpaper.jpg


---- 2025-10-12 23:15:01.621388
Current day is 2025-10-04
91
Current day is 2025-10-05
70
Current day is 2025-10-06
80
Current day is 2025-10-07
45
Current day is 2025-10-08
40
Current day is 2025-10-09
50
Current day is 2025-10-10
60
Current day is 2025-10-11
70
Current day is 2025-10-12
35
HP is 35
XP is 234
Level is 1
Wallpaper set to: /home/mauricio/github/digimon/wallpapers/tmp_wallpaper.jpg


---- 2025-10-12 23:30:01.786515
Current day is 2025-10-04
91
Current day is 2025-10-05
70
Current day is 2025-10-06
80
Current day is 2025-10-07
45
Current day is 2025-10-08
40
Current day is 2025-10-09
50
Current day is 2025-10-10
60
Current day is 2025-10-11
70
Current day is 2025-10-12
35
HP is 35
XP is 234
Level is 1
Wallpaper set to: /home/mauricio/github/digimon/wallpapers/tmp_wallpaper.jpg


---- 2025-10-13 22:00:01.586997
Current day is 2025-10-04
91
Current day is 2025-10-05
70
Current day is 2025-10-06
80
Current day is 2025-10-07
45
Current day is 2025-10-08
40
Current day is 2025-10-09
50
Current day is 2025-10-10
60
Current day is 2025-10-11
70
Current day is 2025-10-12
35
Current day is 2025-10-13
45
HP is 45
XP is 259
Level is 1
Wallpaper set to: /home/mauricio/github/digimon/wallpapers/tmp_wallpaper.jpg


---- 2025-10-13 22:15:01.823715
Current day is 2025-10-04
91
Current day is 2025-10-05
70
Current day is 2025-10-06
80
Current day is 2025-10-07
45
Current day is 2025-10-08
40
Current day is 2025-10-09
50
Current day is 2025-10-10
60
Current day is 2025-10-11
70
Current day is 2025-10-12
35
Current day is 2025-10-13
45
HP is 45
XP is 259
Level is 1
Wallpaper set to: /home/mauricio/github/digimon/wallpapers/tmp_wallpaper.jpg


---- 2025-10-13 22:30:01.203726
Current day is 2025-10-04
91
Current day is 2025-10-05
70
Current day is 2025-10-06
80
Current day is 2025-10-07
45
Current day is 2025-10-08
40
Current day is 2025-10-09
50
Current day is 2025-10-10
60
Current day is 2025-10-11
70
Current day is 2025-10-12
35
Current day is 2025-10-13
45
HP is 45
XP is 264
Level is 1
Wallpaper set to: /home/mauricio/github/digimon/wallpapers/tmp_wallpaper.jpg


---- 2025-10-13 22:45:01.500766
Traceback (most recent call last):
  File "/home/mauricio/github/digimon/main.py", line 42, in <module>
    conn, cur = connect_to_db()
  File "/home/mauricio/github/digimon/main.py", line 27, in connect_to_db
    conn = psycopg2.connect(
  File "/home/mauricio/.local/lib/python3.10/site-packages/psycopg2/__init__.py", line 122, in connect
    conn = _connect(dsn, connection_factory=connection_factory, **kwasync)
psycopg2.OperationalError: connection to server at "192.168.1.131", port 5432 failed: No route to host
	Is the server running on that host and accepting TCP/IP connections?



---- 2025-10-13 23:00:01.979599
Traceback (most recent call last):
  File "/home/mauricio/github/digimon/main.py", line 42, in <module>
    conn, cur = connect_to_db()
  File "/home/mauricio/github/digimon/main.py", line 27, in connect_to_db
    conn = psycopg2.connect(
  File "/home/mauricio/.local/lib/python3.10/site-packages/psycopg2/__init__.py", line 122, in connect
    conn = _connect(dsn, connection_factory=connection_factory, **kwasync)
psycopg2.OperationalError: connection to server at "192.168.1.131", port 5432 failed: No route to host
	Is the server running on that host and accepting TCP/IP connections?



---- 2025-10-13 23:15:01.238159
Traceback (most recent call last):
  File "/home/mauricio/github/digimon/main.py", line 42, in <module>
    conn, cur = connect_to_db()
  File "/home/mauricio/github/digimon/main.py", line 27, in connect_to_db
    conn = psycopg2.connect(
  File "/home/mauricio/.local/lib/python3.10/site-packages/psycopg2/__init__.py", line 122, in connect
    conn = _connect(dsn, connection_factory=connection_factory, **kwasync)
psycopg2.OperationalError: connection to server at "192.168.1.131", port 5432 failed: No route to host
	Is the server running on that host and accepting TCP/IP connections?



---- 2025-10-13 23:30:01.449467
Traceback (most recent call last):
  File "/home/mauricio/github/digimon/main.py", line 42, in <module>
    conn, cur = connect_to_db()
  File "/home/mauricio/github/digimon/main.py", line 27, in connect_to_db
    conn = psycopg2.connect(
  File "/home/mauricio/.local/lib/python3.10/site-packages/psycopg2/__init__.py", line 122, in connect
    conn = _connect(dsn, connection_factory=connection_factory, **kwasync)
psycopg2.OperationalError: connection to server at "192.168.1.131", port 5432 failed: No route to host
	Is the server running on that host and accepting TCP/IP connections?



---- 2025-10-13 23:45:01.670422
Traceback (most recent call last):
  File "/home/mauricio/github/digimon/main.py", line 42, in <module>
    conn, cur = connect_to_db()
  File "/home/mauricio/github/digimon/main.py", line 27, in connect_to_db
    conn = psycopg2.connect(
  File "/home/mauricio/.local/lib/python3.10/site-packages/psycopg2/__init__.py", line 122, in connect
    conn = _connect(dsn, connection_factory=connection_factory, **kwasync)
psycopg2.OperationalError: connection to server at "192.168.1.131", port 5432 failed: No route to host
	Is the server running on that host and accepting TCP/IP connections?



---- 2025-10-14 00:00:01.913511
Traceback (most recent call last):
  File "/home/mauricio/github/digimon/main.py", line 42, in <module>
    conn, cur = connect_to_db()
  File "/home/mauricio/github/digimon/main.py", line 27, in connect_to_db
    conn = psycopg2.connect(
  File "/home/mauricio/.local/lib/python3.10/site-packages/psycopg2/__init__.py", line 122, in connect
    conn = _connect(dsn, connection_factory=connection_factory, **kwasync)
psycopg2.OperationalError: connection to server at "192.168.1.131", port 5432 failed: No route to host
	Is the server running on that host and accepting TCP/IP connections?



---- 2025-10-14 00:15:01.189420
Traceback (most recent call last):
  File "/home/mauricio/github/digimon/main.py", line 42, in <module>
    conn, cur = connect_to_db()
  File "/home/mauricio/github/digimon/main.py", line 27, in connect_to_db
    conn = psycopg2.connect(
  File "/home/mauricio/.local/lib/python3.10/site-packages/psycopg2/__init__.py", line 122, in connect
    conn = _connect(dsn, connection_factory=connection_factory, **kwasync)
psycopg2.OperationalError: connection to server at "192.168.1.131", port 5432 failed: No route to host
	Is the server running on that host and accepting TCP/IP connections?



---- 2025-10-14 00:30:01.454409
Traceback (most recent call last):
  File "/home/mauricio/github/digimon/main.py", line 42, in <module>
    conn, cur = connect_to_db()
  File "/home/mauricio/github/digimon/main.py", line 27, in connect_to_db
    conn = psycopg2.connect(
  File "/home/mauricio/.local/lib/python3.10/site-packages/psycopg2/__init__.py", line 122, in connect
    conn = _connect(dsn, connection_factory=connection_factory, **kwasync)
psycopg2.OperationalError: connection to server at "192.168.1.131", port 5432 failed: No route to host
	Is the server running on that host and accepting TCP/IP connections?



---- 2025-10-14 00:45:01.661549
Traceback (most recent call last):
  File "/home/mauricio/github/digimon/main.py", line 42, in <module>
    conn, cur = connect_to_db()
  File "/home/mauricio/github/digimon/main.py", line 27, in connect_to_db
    conn = psycopg2.connect(
  File "/home/mauricio/.local/lib/python3.10/site-packages/psycopg2/__init__.py", line 122, in connect
    conn = _connect(dsn, connection_factory=connection_factory, **kwasync)
psycopg2.OperationalError: connection to server at "192.168.1.131", port 5432 failed: No route to host
	Is the server running on that host and accepting TCP/IP connections?



---- 2025-10-14 01:00:01.886218
Traceback (most recent call last):
  File "/home/mauricio/github/digimon/main.py", line 42, in <module>
    conn, cur = connect_to_db()
  File "/home/mauricio/github/digimon/main.py", line 27, in connect_to_db
    conn = psycopg2.connect(
  File "/home/mauricio/.local/lib/python3.10/site-packages/psycopg2/__init__.py", line 122, in connect
    conn = _connect(dsn, connection_factory=connection_factory, **kwasync)
psycopg2.OperationalError: connection to server at "192.168.1.131", port 5432 failed: No route to host
	Is the server running on that host and accepting TCP/IP connections?



---- 2025-10-14 01:15:02.108315
Traceback (most recent call last):
  File "/home/mauricio/github/digimon/main.py", line 42, in <module>
    conn, cur = connect_to_db()
  File "/home/mauricio/github/digimon/main.py", line 27, in connect_to_db
    conn = psycopg2.connect(
  File "/home/mauricio/.local/lib/python3.10/site-packages/psycopg2/__init__.py", line 122, in connect
    conn = _connect(dsn, connection_factory=connection_factory, **kwasync)
psycopg2.OperationalError: connection to server at "192.168.1.131", port 5432 failed: No route to host
	Is the server running on that host and accepting TCP/IP connections?



---- 2025-10-14 01:30:01.356449
Traceback (most recent call last):
  File "/home/mauricio/github/digimon/main.py", line 42, in <module>
    conn, cur = connect_to_db()
  File "/home/mauricio/github/digimon/main.py", line 27, in connect_to_db
    conn = psycopg2.connect(
  File "/home/mauricio/.local/lib/python3.10/site-packages/psycopg2/__init__.py", line 122, in connect
    conn = _connect(dsn, connection_factory=connection_factory, **kwasync)
psycopg2.OperationalError: connection to server at "192.168.1.131", port 5432 failed: No route to host
	Is the server running on that host and accepting TCP/IP connections?



---- 2025-10-14 01:45:01.607570
Traceback (most recent call last):
  File "/home/mauricio/github/digimon/main.py", line 42, in <module>
    conn, cur = connect_to_db()
  File "/home/mauricio/github/digimon/main.py", line 27, in connect_to_db
    conn = psycopg2.connect(
  File "/home/mauricio/.local/lib/python3.10/site-packages/psycopg2/__init__.py", line 122, in connect
    conn = _connect(dsn, connection_factory=connection_factory, **kwasync)
psycopg2.OperationalError: connection to server at "192.168.1.131", port 5432 failed: No route to host
	Is the server running on that host and accepting TCP/IP connections?



---- 2025-10-14 02:00:01.822793
Traceback (most recent call last):
  File "/home/mauricio/github/digimon/main.py", line 42, in <module>
    conn, cur = connect_to_db()
  File "/home/mauricio/github/digimon/main.py", line 27, in connect_to_db
    conn = psycopg2.connect(
  File "/home/mauricio/.local/lib/python3.10/site-packages/psycopg2/__init__.py", line 122, in connect
    conn = _connect(dsn, connection_factory=connection_factory, **kwasync)
psycopg2.OperationalError: connection to server at "192.168.1.131", port 5432 failed: No route to host
	Is the server running on that host and accepting TCP/IP connections?



---- 2025-10-14 02:15:02.052716
Traceback (most recent call last):
  File "/home/mauricio/github/digimon/main.py", line 42, in <module>
    conn, cur = connect_to_db()
  File "/home/mauricio/github/digimon/main.py", line 27, in connect_to_db
    conn = psycopg2.connect(
  File "/home/mauricio/.local/lib/python3.10/site-packages/psycopg2/__init__.py", line 122, in connect
    conn = _connect(dsn, connection_factory=connection_factory, **kwasync)
psycopg2.OperationalError: connection to server at "192.168.1.131", port 5432 failed: No route to host
	Is the server running on that host and accepting TCP/IP connections?



---- 2025-10-14 02:30:01.288483
Traceback (most recent call last):
  File "/home/mauricio/github/digimon/main.py", line 42, in <module>
    conn, cur = connect_to_db()
  File "/home/mauricio/github/digimon/main.py", line 27, in connect_to_db
    conn = psycopg2.connect(
  File "/home/mauricio/.local/lib/python3.10/site-packages/psycopg2/__init__.py", line 122, in connect
    conn = _connect(dsn, connection_factory=connection_factory, **kwasync)
psycopg2.OperationalError: connection to server at "192.168.1.131", port 5432 failed: No route to host
	Is the server running on that host and accepting TCP/IP connections?



---- 2025-10-14 02:45:01.535220
Traceback (most recent call last):
  File "/home/mauricio/github/digimon/main.py", line 42, in <module>
    conn, cur = connect_to_db()
  File "/home/mauricio/github/digimon/main.py", line 27, in connect_to_db
    conn = psycopg2.connect(
  File "/home/mauricio/.local/lib/python3.10/site-packages/psycopg2/__init__.py", line 122, in connect
    conn = _connect(dsn, connection_factory=connection_factory, **kwasync)
psycopg2.OperationalError: connection to server at "192.168.1.131", port 5432 failed: No route to host
	Is the server running on that host and accepting TCP/IP connections?



---- 2025-10-14 03:00:01.755562
Traceback (most recent call last):
  File "/home/mauricio/github/digimon/main.py", line 42, in <module>
    conn, cur = connect_to_db()
  File "/home/mauricio/github/digimon/main.py", line 27, in connect_to_db
    conn = psycopg2.connect(
  File "/home/mauricio/.local/lib/python3.10/site-packages/psycopg2/__init__.py", line 122, in connect
    conn = _connect(dsn, connection_factory=connection_factory, **kwasync)
psycopg2.OperationalError: connection to server at "192.168.1.131", port 5432 failed: No route to host
	Is the server running on that host and accepting TCP/IP connections?



---- 2025-10-14 03:15:01.998314
Traceback (most recent call last):
  File "/home/mauricio/github/digimon/main.py", line 42, in <module>
    conn, cur = connect_to_db()
  File "/home/mauricio/github/digimon/main.py", line 27, in connect_to_db
    conn = psycopg2.connect(
  File "/home/mauricio/.local/lib/python3.10/site-packages/psycopg2/__init__.py", line 122, in connect
    conn = _connect(dsn, connection_factory=connection_factory, **kwasync)
psycopg2.OperationalError: connection to server at "192.168.1.131", port 5432 failed: No route to host
	Is the server running on that host and accepting TCP/IP connections?



---- 2025-10-14 03:30:01.212196
Traceback (most recent call last):
  File "/home/mauricio/github/digimon/main.py", line 42, in <module>
    conn, cur = connect_to_db()
  File "/home/mauricio/github/digimon/main.py", line 27, in connect_to_db
    conn = psycopg2.connect(
  File "/home/mauricio/.local/lib/python3.10/site-packages/psycopg2/__init__.py", line 122, in connect
    conn = _connect(dsn, connection_factory=connection_factory, **kwasync)
psycopg2.OperationalError: connection to server at "192.168.1.131", port 5432 failed: No route to host
	Is the server running on that host and accepting TCP/IP connections?



---- 2025-10-14 03:45:01.476700
Traceback (most recent call last):
  File "/home/mauricio/github/digimon/main.py", line 42, in <module>
    conn, cur = connect_to_db()
  File "/home/mauricio/github/digimon/main.py", line 27, in connect_to_db
    conn = psycopg2.connect(
  File "/home/mauricio/.local/lib/python3.10/site-packages/psycopg2/__init__.py", line 122, in connect
    conn = _connect(dsn, connection_factory=connection_factory, **kwasync)
psycopg2.OperationalError: connection to server at "192.168.1.131", port 5432 failed: No route to host
	Is the server running on that host and accepting TCP/IP connections?



---- 2025-10-14 04:00:01.702770
Traceback (most recent call last):
  File "/home/mauricio/github/digimon/main.py", line 42, in <module>
    conn, cur = connect_to_db()
  File "/home/mauricio/github/digimon/main.py", line 27, in connect_to_db
    conn = psycopg2.connect(
  File "/home/mauricio/.local/lib/python3.10/site-packages/psycopg2/__init__.py", line 122, in connect
    conn = _connect(dsn, connection_factory=connection_factory, **kwasync)
psycopg2.OperationalError: connection to server at "192.168.1.131", port 5432 failed: No route to host
	Is the server running on that host and accepting TCP/IP connections?



---- 2025-10-14 04:15:01.918137
Traceback (most recent call last):
  File "/home/mauricio/github/digimon/main.py", line 42, in <module>
    conn, cur = connect_to_db()
  File "/home/mauricio/github/digimon/main.py", line 27, in connect_to_db
    conn = psycopg2.connect(
  File "/home/mauricio/.local/lib/python3.10/site-packages/psycopg2/__init__.py", line 122, in connect
    conn = _connect(dsn, connection_factory=connection_factory, **kwasync)
psycopg2.OperationalError: connection to server at "192.168.1.131", port 5432 failed: No route to host
	Is the server running on that host and accepting TCP/IP connections?



---- 2025-10-14 04:30:01.147918
Traceback (most recent call last):
  File "/home/mauricio/github/digimon/main.py", line 42, in <module>
    conn, cur = connect_to_db()
  File "/home/mauricio/github/digimon/main.py", line 27, in connect_to_db
    conn = psycopg2.connect(
  File "/home/mauricio/.local/lib/python3.10/site-packages/psycopg2/__init__.py", line 122, in connect
    conn = _connect(dsn, connection_factory=connection_factory, **kwasync)
psycopg2.OperationalError: connection to server at "192.168.1.131", port 5432 failed: No route to host
	Is the server running on that host and accepting TCP/IP connections?



---- 2025-10-14 04:45:01.410919
Traceback (most recent call last):
  File "/home/mauricio/github/digimon/main.py", line 42, in <module>
    conn, cur = connect_to_db()
  File "/home/mauricio/github/digimon/main.py", line 27, in connect_to_db
    conn = psycopg2.connect(
  File "/home/mauricio/.local/lib/python3.10/site-packages/psycopg2/__init__.py", line 122, in connect
    conn = _connect(dsn, connection_factory=connection_factory, **kwasync)
psycopg2.OperationalError: connection to server at "192.168.1.131", port 5432 failed: No route to host
	Is the server running on that host and accepting TCP/IP connections?



---- 2025-10-14 05:00:01.636497
Traceback (most recent call last):
  File "/home/mauricio/github/digimon/main.py", line 42, in <module>
    conn, cur = connect_to_db()
  File "/home/mauricio/github/digimon/main.py", line 27, in connect_to_db
    conn = psycopg2.connect(
  File "/home/mauricio/.local/lib/python3.10/site-packages/psycopg2/__init__.py", line 122, in connect
    conn = _connect(dsn, connection_factory=connection_factory, **kwasync)
psycopg2.OperationalError: connection to server at "192.168.1.131", port 5432 failed: No route to host
	Is the server running on that host and accepting TCP/IP connections?



---- 2025-10-14 05:15:01.857152
Traceback (most recent call last):
  File "/home/mauricio/github/digimon/main.py", line 42, in <module>
    conn, cur = connect_to_db()
  File "/home/mauricio/github/digimon/main.py", line 27, in connect_to_db
    conn = psycopg2.connect(
  File "/home/mauricio/.local/lib/python3.10/site-packages/psycopg2/__init__.py", line 122, in connect
    conn = _connect(dsn, connection_factory=connection_factory, **kwasync)
psycopg2.OperationalError: connection to server at "192.168.1.131", port 5432 failed: No route to host
	Is the server running on that host and accepting TCP/IP connections?



---- 2025-10-14 05:30:02.094243
Traceback (most recent call last):
  File "/home/mauricio/github/digimon/main.py", line 42, in <module>
    conn, cur = connect_to_db()
  File "/home/mauricio/github/digimon/main.py", line 27, in connect_to_db
    conn = psycopg2.connect(
  File "/home/mauricio/.local/lib/python3.10/site-packages/psycopg2/__init__.py", line 122, in connect
    conn = _connect(dsn, connection_factory=connection_factory, **kwasync)
psycopg2.OperationalError: connection to server at "192.168.1.131", port 5432 failed: No route to host
	Is the server running on that host and accepting TCP/IP connections?



---- 2025-10-14 05:45:01.311443
Traceback (most recent call last):
  File "/home/mauricio/github/digimon/main.py", line 42, in <module>
    conn, cur = connect_to_db()
  File "/home/mauricio/github/digimon/main.py", line 27, in connect_to_db
    conn = psycopg2.connect(
  File "/home/mauricio/.local/lib/python3.10/site-packages/psycopg2/__init__.py", line 122, in connect
    conn = _connect(dsn, connection_factory=connection_factory, **kwasync)
psycopg2.OperationalError: connection to server at "192.168.1.131", port 5432 failed: No route to host
	Is the server running on that host and accepting TCP/IP connections?



---- 2025-10-14 06:00:01.567530
Traceback (most recent call last):
  File "/home/mauricio/github/digimon/main.py", line 42, in <module>
    conn, cur = connect_to_db()
  File "/home/mauricio/github/digimon/main.py", line 27, in connect_to_db
    conn = psycopg2.connect(
  File "/home/mauricio/.local/lib/python3.10/site-packages/psycopg2/__init__.py", line 122, in connect
    conn = _connect(dsn, connection_factory=connection_factory, **kwasync)
psycopg2.OperationalError: connection to server at "192.168.1.131", port 5432 failed: No route to host
	Is the server running on that host and accepting TCP/IP connections?



---- 2025-10-14 06:15:01.788415
Traceback (most recent call last):
  File "/home/mauricio/github/digimon/main.py", line 42, in <module>
    conn, cur = connect_to_db()
  File "/home/mauricio/github/digimon/main.py", line 27, in connect_to_db
    conn = psycopg2.connect(
  File "/home/mauricio/.local/lib/python3.10/site-packages/psycopg2/__init__.py", line 122, in connect
    conn = _connect(dsn, connection_factory=connection_factory, **kwasync)
psycopg2.OperationalError: connection to server at "192.168.1.131", port 5432 failed: No route to host
	Is the server running on that host and accepting TCP/IP connections?



---- 2025-10-14 06:30:02.033739
Traceback (most recent call last):
  File "/home/mauricio/github/digimon/main.py", line 42, in <module>
    conn, cur = connect_to_db()
  File "/home/mauricio/github/digimon/main.py", line 27, in connect_to_db
    conn = psycopg2.connect(
  File "/home/mauricio/.local/lib/python3.10/site-packages/psycopg2/__init__.py", line 122, in connect
    conn = _connect(dsn, connection_factory=connection_factory, **kwasync)
psycopg2.OperationalError: connection to server at "192.168.1.131", port 5432 failed: No route to host
	Is the server running on that host and accepting TCP/IP connections?



---- 2025-10-14 06:45:01.244382
Traceback (most recent call last):
  File "/home/mauricio/github/digimon/main.py", line 42, in <module>
    conn, cur = connect_to_db()
  File "/home/mauricio/github/digimon/main.py", line 27, in connect_to_db
    conn = psycopg2.connect(
  File "/home/mauricio/.local/lib/python3.10/site-packages/psycopg2/__init__.py", line 122, in connect
    conn = _connect(dsn, connection_factory=connection_factory, **kwasync)
psycopg2.OperationalError: connection to server at "192.168.1.131", port 5432 failed: No route to host
	Is the server running on that host and accepting TCP/IP connections?



---- 2025-10-14 07:00:01.515250
Traceback (most recent call last):
  File "/home/mauricio/github/digimon/main.py", line 42, in <module>
    conn, cur = connect_to_db()
  File "/home/mauricio/github/digimon/main.py", line 27, in connect_to_db
    conn = psycopg2.connect(
  File "/home/mauricio/.local/lib/python3.10/site-packages/psycopg2/__init__.py", line 122, in connect
    conn = _connect(dsn, connection_factory=connection_factory, **kwasync)
psycopg2.OperationalError: connection to server at "192.168.1.131", port 5432 failed: No route to host
	Is the server running on that host and accepting TCP/IP connections?



---- 2025-10-14 07:15:01.724495
Traceback (most recent call last):
  File "/home/mauricio/github/digimon/main.py", line 42, in <module>
    conn, cur = connect_to_db()
  File "/home/mauricio/github/digimon/main.py", line 27, in connect_to_db
    conn = psycopg2.connect(
  File "/home/mauricio/.local/lib/python3.10/site-packages/psycopg2/__init__.py", line 122, in connect
    conn = _connect(dsn, connection_factory=connection_factory, **kwasync)
psycopg2.OperationalError: connection to server at "192.168.1.131", port 5432 failed: No route to host
	Is the server running on that host and accepting TCP/IP connections?



---- 2025-10-14 07:30:01.960253
Traceback (most recent call last):
  File "/home/mauricio/github/digimon/main.py", line 42, in <module>
    conn, cur = connect_to_db()
  File "/home/mauricio/github/digimon/main.py", line 27, in connect_to_db
    conn = psycopg2.connect(
  File "/home/mauricio/.local/lib/python3.10/site-packages/psycopg2/__init__.py", line 122, in connect
    conn = _connect(dsn, connection_factory=connection_factory, **kwasync)
psycopg2.OperationalError: connection to server at "192.168.1.131", port 5432 failed: No route to host
	Is the server running on that host and accepting TCP/IP connections?



---- 2025-10-14 07:45:01.178693
Traceback (most recent call last):
  File "/home/mauricio/github/digimon/main.py", line 42, in <module>
    conn, cur = connect_to_db()
  File "/home/mauricio/github/digimon/main.py", line 27, in connect_to_db
    conn = psycopg2.connect(
  File "/home/mauricio/.local/lib/python3.10/site-packages/psycopg2/__init__.py", line 122, in connect
    conn = _connect(dsn, connection_factory=connection_factory, **kwasync)
psycopg2.OperationalError: connection to server at "192.168.1.131", port 5432 failed: No route to host
	Is the server running on that host and accepting TCP/IP connections?



---- 2025-10-14 08:00:01.447438
Traceback (most recent call last):
  File "/home/mauricio/github/digimon/main.py", line 42, in <module>
    conn, cur = connect_to_db()
  File "/home/mauricio/github/digimon/main.py", line 27, in connect_to_db
    conn = psycopg2.connect(
  File "/home/mauricio/.local/lib/python3.10/site-packages/psycopg2/__init__.py", line 122, in connect
    conn = _connect(dsn, connection_factory=connection_factory, **kwasync)
psycopg2.OperationalError: connection to server at "192.168.1.131", port 5432 failed: No route to host
	Is the server running on that host and accepting TCP/IP connections?



---- 2025-10-14 08:15:01.660203
Traceback (most recent call last):
  File "/home/mauricio/github/digimon/main.py", line 42, in <module>
    conn, cur = connect_to_db()
  File "/home/mauricio/github/digimon/main.py", line 27, in connect_to_db
    conn = psycopg2.connect(
  File "/home/mauricio/.local/lib/python3.10/site-packages/psycopg2/__init__.py", line 122, in connect
    conn = _connect(dsn, connection_factory=connection_factory, **kwasync)
psycopg2.OperationalError: connection to server at "192.168.1.131", port 5432 failed: No route to host
	Is the server running on that host and accepting TCP/IP connections?



---- 2025-10-14 08:30:01.900683
Traceback (most recent call last):
  File "/home/mauricio/github/digimon/main.py", line 42, in <module>
    conn, cur = connect_to_db()
  File "/home/mauricio/github/digimon/main.py", line 27, in connect_to_db
    conn = psycopg2.connect(
  File "/home/mauricio/.local/lib/python3.10/site-packages/psycopg2/__init__.py", line 122, in connect
    conn = _connect(dsn, connection_factory=connection_factory, **kwasync)
psycopg2.OperationalError: connection to server at "192.168.1.131", port 5432 failed: No route to host
	Is the server running on that host and accepting TCP/IP connections?



---- 2025-10-14 08:45:02.118725
Traceback (most recent call last):
  File "/home/mauricio/github/digimon/main.py", line 42, in <module>
    conn, cur = connect_to_db()
  File "/home/mauricio/github/digimon/main.py", line 27, in connect_to_db
    conn = psycopg2.connect(
  File "/home/mauricio/.local/lib/python3.10/site-packages/psycopg2/__init__.py", line 122, in connect
    conn = _connect(dsn, connection_factory=connection_factory, **kwasync)
psycopg2.OperationalError: connection to server at "192.168.1.131", port 5432 failed: No route to host
	Is the server running on that host and accepting TCP/IP connections?



---- 2025-10-15 23:30:01.908643
Traceback (most recent call last):
  File "/home/mauricio/github/digimon/main.py", line 42, in <module>
    conn, cur = connect_to_db()
  File "/home/mauricio/github/digimon/main.py", line 27, in connect_to_db
    conn = psycopg2.connect(
  File "/home/mauricio/.local/lib/python3.10/site-packages/psycopg2/__init__.py", line 122, in connect
    conn = _connect(dsn, connection_factory=connection_factory, **kwasync)
psycopg2.OperationalError: connection to server at "192.168.1.131", port 5432 failed: No route to host
	Is the server running on that host and accepting TCP/IP connections?



---- 2025-10-21 20:15:01.646736
Current day is 2025-10-21
100
HP is 100
XP is 0
Level is 0
Wallpaper set to: /home/mauricio/github/digimon/wallpapers/tmp_wallpaper.jpg


---- 2025-10-23 15:00:01.287349
Traceback (most recent call last):
  File "/home/mauricio/github/digimon/main.py", line 42, in <module>
    conn, cur = connect_to_db()
  File "/home/mauricio/github/digimon/main.py", line 27, in connect_to_db
    conn = psycopg2.connect(
  File "/home/mauricio/.local/lib/python3.10/site-packages/psycopg2/__init__.py", line 122, in connect
    conn = _connect(dsn, connection_factory=connection_factory, **kwasync)
psycopg2.OperationalError: connection to server at "192.168.1.131", port 5432 failed: No route to host
	Is the server running on that host and accepting TCP/IP connections?



---- 2025-10-23 15:15:01.552837
Current day is 2025-10-23
100
HP is 100
XP is 0
Level is 0
Wallpaper set to: /home/mauricio/github/digimon/wallpapers/tmp_wallpaper.jpg


---- 2025-10-23 15:30:01.160781
Current day is 2025-10-23
100
HP is 100
XP is 0
Level is 0
Wallpaper set to: /home/mauricio/github/digimon/wallpapers/tmp_wallpaper.jpg


---- 2025-10-23 15:45:02.087908
Current day is 2025-10-23
100
HP is 100
XP is 0
Level is 0
Wallpaper set to: /home/mauricio/github/digimon/wallpapers/tmp_wallpaper.jpg


---- 2025-10-23 16:00:01.549088
Current day is 2025-10-23
100
HP is 100
XP is 0
Level is 0
Wallpaper set to: /home/mauricio/github/digimon/wallpapers/tmp_wallpaper.jpg


---- 2025-10-23 16:15:01.434172
Current day is 2025-10-23
100
HP is 100
XP is 0
Level is 0
Wallpaper set to: /home/mauricio/github/digimon/wallpapers/tmp_wallpaper.jpg


---- 2025-10-23 16:30:01.549076
Current day is 2025-10-23
100
HP is 100
XP is 0
Level is 0
Wallpaper set to: /home/mauricio/github/digimon/wallpapers/tmp_wallpaper.jpg


---- 2025-10-23 16:45:01.214056
Current day is 2025-10-23
100
HP is 100
XP is 0
Level is 0
Wallpaper set to: /home/mauricio/github/digimon/wallpapers/tmp_wallpaper.jpg


---- 2025-10-23 17:00:01.738400
Current day is 2025-10-23
100
HP is 100
XP is 0
Level is 0
Wallpaper set to: /home/mauricio/github/digimon/wallpapers/tmp_wallpaper.jpg


---- 2025-10-23 17:15:01.977926
Current day is 2025-10-23
100
HP is 100
XP is 0
Level is 0
Wallpaper set to: /home/mauricio/github/digimon/wallpapers/tmp_wallpaper.jpg


---- 2025-10-23 17:30:01.949586
Current day is 2025-10-23
100
HP is 100
XP is 0
Level is 0
Wallpaper set to: /home/mauricio/github/digimon/wallpapers/tmp_wallpaper.jpg


---- 2025-10-23 17:45:01.475837
Current day is 2025-10-23
100
HP is 100
XP is 0
Level is 0
Wallpaper set to: /home/mauricio/github/digimon/wallpapers/tmp_wallpaper.jpg


---- 2025-10-23 18:00:01.321164
Current day is 2025-10-23
100
HP is 100
XP is 0
Level is 0
Wallpaper set to: /home/mauricio/github/digimon/wallpapers/tmp_wallpaper.jpg


---- 2025-10-23 18:15:02.063117
Current day is 2025-10-23
100
HP is 100
XP is 0
Level is 0
Wallpaper set to: /home/mauricio/github/digimon/wallpapers/tmp_wallpaper.jpg


---- 2025-10-23 18:30:01.273737
Current day is 2025-10-23
100
HP is 100
XP is 0
Level is 0
Wallpaper set to: /home/mauricio/github/digimon/wallpapers/tmp_wallpaper.jpg


---- 2025-10-23 18:45:01.279075
Current day is 2025-10-23
100
HP is 100
XP is 0
Level is 0
Wallpaper set to: /home/mauricio/github/digimon/wallpapers/tmp_wallpaper.jpg


---- 2025-10-23 19:00:01.619065
Current day is 2025-10-23
100
HP is 100
XP is 0
Level is 0
Wallpaper set to: /home/mauricio/github/digimon/wallpapers/tmp_wallpaper.jpg


---- 2025-10-23 19:15:01.883805
Current day is 2025-10-23
100
HP is 100
XP is 0
Level is 0
Wallpaper set to: /home/mauricio/github/digimon/wallpapers/tmp_wallpaper.jpg


---- 2025-10-23 19:30:01.423807
Current day is 2025-10-23
100
HP is 100
XP is 0
Level is 0
Wallpaper set to: /home/mauricio/github/digimon/wallpapers/tmp_wallpaper.jpg


---- 2025-10-23 19:45:01.170338
Current day is 2025-10-23
100
HP is 100
XP is 0
Level is 0
Wallpaper set to: /home/mauricio/github/digimon/wallpapers/tmp_wallpaper.jpg


---- 2025-10-23 21:15:01.396741
Current day is 2025-10-23
100
HP is 100
XP is 10
Level is 0
Wallpaper set to: /home/mauricio/github/digimon/wallpapers/tmp_wallpaper.jpg


---- 2025-10-23 21:30:01.680139
Current day is 2025-10-23
100
HP is 100
XP is 10
Level is 0
Wallpaper set to: /home/mauricio/github/digimon/wallpapers/tmp_wallpaper.jpg


---- 2025-10-23 21:45:01.439659
Current day is 2025-10-23
100
HP is 100
XP is 10
Level is 0
Wallpaper set to: /home/mauricio/github/digimon/wallpapers/tmp_wallpaper.jpg


---- 2025-10-23 22:00:01.632673
Current day is 2025-10-23
100
HP is 100
XP is 10
Level is 0
Wallpaper set to: /home/mauricio/github/digimon/wallpapers/tmp_wallpaper.jpg


---- 2025-10-23 22:15:01.418673
Current day is 2025-10-23
100
HP is 100
XP is 10
Level is 0
Wallpaper set to: /home/mauricio/github/digimon/wallpapers/tmp_wallpaper.jpg


---- 2025-10-23 22:30:01.416863
Current day is 2025-10-23
100
HP is 100
XP is 10
Level is 0
Wallpaper set to: /home/mauricio/github/digimon/wallpapers/tmp_wallpaper.jpg


---- 2025-10-23 22:45:02.039216
Current day is 2025-10-23
100
HP is 100
XP is 10
Level is 0
Wallpaper set to: /home/mauricio/github/digimon/wallpapers/tmp_wallpaper.jpg


---- 2025-10-23 23:00:01.859724
Current day is 2025-10-23
100
HP is 100
XP is 10
Level is 0
Wallpaper set to: /home/mauricio/github/digimon/wallpapers/tmp_wallpaper.jpg


---- 2025-10-23 23:15:01.645101
Current day is 2025-10-23
100
HP is 100
XP is 10
Level is 0
Wallpaper set to: /home/mauricio/github/digimon/wallpapers/tmp_wallpaper.jpg


---- 2025-10-23 23:30:01.480089
Current day is 2025-10-23
100
HP is 100
XP is 10
Level is 0
Wallpaper set to: /home/mauricio/github/digimon/wallpapers/tmp_wallpaper.jpg


---- 2025-10-23 23:45:01.450954
Current day is 2025-10-23
100
HP is 100
XP is 20
Level is 0
Wallpaper set to: /home/mauricio/github/digimon/wallpapers/tmp_wallpaper.jpg


---- 2025-10-24 00:00:01.480950
Current day is 2025-10-23
100
Current day is 2025-10-24
40
HP is 40
XP is -40
Level is 0
Wallpaper set to: /home/mauricio/github/digimon/wallpapers/tmp_wallpaper.jpg


---- 2025-10-24 00:15:01.980120
Current day is 2025-10-23
100
Current day is 2025-10-24
40
HP is 40
XP is -40
Level is 0
Wallpaper set to: /home/mauricio/github/digimon/wallpapers/tmp_wallpaper.jpg


---- 2025-10-24 00:30:02.041785
Current day is 2025-10-23
100
Current day is 2025-10-24
40
HP is 40
XP is -40
Level is 0
Wallpaper set to: /home/mauricio/github/digimon/wallpapers/tmp_wallpaper.jpg


---- 2025-10-24 00:45:01.747042
Current day is 2025-10-23
100
Current day is 2025-10-24
40
HP is 40
XP is -40
Level is 0
Wallpaper set to: /home/mauricio/github/digimon/wallpapers/tmp_wallpaper.jpg


---- 2025-10-24 01:00:01.991817
Current day is 2025-10-23
100
Current day is 2025-10-24
40
HP is 40
XP is -40
Level is 0
Wallpaper set to: /home/mauricio/github/digimon/wallpapers/tmp_wallpaper.jpg


---- 2025-10-24 01:15:01.157707
Current day is 2025-10-23
100
Current day is 2025-10-24
25
HP is 25
XP is -55
Level is 0
Wallpaper set to: /home/mauricio/github/digimon/wallpapers/tmp_wallpaper.jpg


---- 2025-10-24 01:30:01.541470
Current day is 2025-10-23
100
Current day is 2025-10-24
25
HP is 25
XP is -55
Level is 0
Wallpaper set to: /home/mauricio/github/digimon/wallpapers/tmp_wallpaper.jpg


---- 2025-10-24 01:45:01.658656
Current day is 2025-10-23
100
Current day is 2025-10-24
25
HP is 25
XP is -55
Level is 0
Wallpaper set to: /home/mauricio/github/digimon/wallpapers/tmp_wallpaper.jpg


---- 2025-10-24 02:00:01.373060
Current day is 2025-10-23
100
Current day is 2025-10-24
25
HP is 25
XP is -55
Level is 0
Wallpaper set to: /home/mauricio/github/digimon/wallpapers/tmp_wallpaper.jpg


---- 2025-10-24 02:15:01.541280
Current day is 2025-10-23
100
Current day is 2025-10-24
25
HP is 25
XP is -55
Level is 0
Wallpaper set to: /home/mauricio/github/digimon/wallpapers/tmp_wallpaper.jpg


---- 2025-10-24 02:30:01.996744
Current day is 2025-10-23
100
Current day is 2025-10-24
25
HP is 25
XP is -55
Level is 0
Wallpaper set to: /home/mauricio/github/digimon/wallpapers/tmp_wallpaper.jpg


---- 2025-10-24 02:45:01.534971
Current day is 2025-10-23
100
Current day is 2025-10-24
25
HP is 25
XP is -55
Level is 0
Wallpaper set to: /home/mauricio/github/digimon/wallpapers/tmp_wallpaper.jpg


---- 2025-10-24 03:00:01.871482
Current day is 2025-10-23
100
Current day is 2025-10-24
25
HP is 25
XP is -55
Level is 0
Wallpaper set to: /home/mauricio/github/digimon/wallpapers/tmp_wallpaper.jpg


---- 2025-10-24 03:15:01.677030
Current day is 2025-10-23
100
Current day is 2025-10-24
25
HP is 25
XP is -55
Level is 0
Wallpaper set to: /home/mauricio/github/digimon/wallpapers/tmp_wallpaper.jpg


---- 2025-10-24 03:30:02.054961
Current day is 2025-10-23
100
Current day is 2025-10-24
25
HP is 25
XP is -55
Level is 0
Wallpaper set to: /home/mauricio/github/digimon/wallpapers/tmp_wallpaper.jpg


---- 2025-10-24 03:45:01.858022
Current day is 2025-10-23
100
Current day is 2025-10-24
25
HP is 25
XP is -55
Level is 0
Wallpaper set to: /home/mauricio/github/digimon/wallpapers/tmp_wallpaper.jpg


---- 2025-10-24 04:00:01.951856
Current day is 2025-10-23
100
Current day is 2025-10-24
25
HP is 25
XP is -50
Level is 0
Wallpaper set to: /home/mauricio/github/digimon/wallpapers/tmp_wallpaper.jpg


---- 2025-10-24 04:15:02.009834
Current day is 2025-10-23
100
Current day is 2025-10-24
25
HP is 25
XP is -50
Level is 0
Wallpaper set to: /home/mauricio/github/digimon/wallpapers/tmp_wallpaper.jpg


---- 2025-10-24 04:30:01.975853
Current day is 2025-10-23
100
Current day is 2025-10-24
25
HP is 25
XP is -50
Level is 0
Wallpaper set to: /home/mauricio/github/digimon/wallpapers/tmp_wallpaper.jpg


---- 2025-10-24 04:45:01.698594
Current day is 2025-10-23
100
Current day is 2025-10-24
25
HP is 25
XP is -50
Level is 0
Wallpaper set to: /home/mauricio/github/digimon/wallpapers/tmp_wallpaper.jpg


---- 2025-10-24 05:00:01.818060
Current day is 2025-10-23
100
Current day is 2025-10-24
25
HP is 25
XP is -50
Level is 0
Wallpaper set to: /home/mauricio/github/digimon/wallpapers/tmp_wallpaper.jpg


---- 2025-10-24 05:15:01.756704
Current day is 2025-10-23
100
Current day is 2025-10-24
25
HP is 25
XP is -50
Level is 0
Wallpaper set to: /home/mauricio/github/digimon/wallpapers/tmp_wallpaper.jpg


---- 2025-10-24 05:30:02.024664
Current day is 2025-10-23
100
Current day is 2025-10-24
25
HP is 25
XP is -50
Level is 0
Wallpaper set to: /home/mauricio/github/digimon/wallpapers/tmp_wallpaper.jpg


---- 2025-10-24 05:45:01.203960
Current day is 2025-10-23
100
Current day is 2025-10-24
25
HP is 25
XP is -50
Level is 0
Wallpaper set to: /home/mauricio/github/digimon/wallpapers/tmp_wallpaper.jpg


---- 2025-10-24 06:00:01.777141
Current day is 2025-10-23
100
Current day is 2025-10-24
25
HP is 25
XP is -50
Level is 0
Wallpaper set to: /home/mauricio/github/digimon/wallpapers/tmp_wallpaper.jpg


---- 2025-10-24 06:15:01.675567
Current day is 2025-10-23
100
Current day is 2025-10-24
25
HP is 25
XP is -50
Level is 0
Wallpaper set to: /home/mauricio/github/digimon/wallpapers/tmp_wallpaper.jpg


---- 2025-10-24 06:30:01.849944
Current day is 2025-10-23
100
Current day is 2025-10-24
25
HP is 25
XP is -50
Level is 0
Wallpaper set to: /home/mauricio/github/digimon/wallpapers/tmp_wallpaper.jpg


---- 2025-10-24 06:45:01.635087
Current day is 2025-10-23
100
Current day is 2025-10-24
25
HP is 25
XP is -50
Level is 0
Wallpaper set to: /home/mauricio/github/digimon/wallpapers/tmp_wallpaper.jpg


---- 2025-10-24 07:00:01.483682
Current day is 2025-10-23
100
Current day is 2025-10-24
25
HP is 25
XP is -50
Level is 0
Wallpaper set to: /home/mauricio/github/digimon/wallpapers/tmp_wallpaper.jpg


---- 2025-10-24 07:15:02.040755
Current day is 2025-10-23
100
Current day is 2025-10-24
25
HP is 25
XP is -50
Level is 0
Wallpaper set to: /home/mauricio/github/digimon/wallpapers/tmp_wallpaper.jpg


---- 2025-10-24 07:30:01.391309
Current day is 2025-10-23
100
Current day is 2025-10-24
25
HP is 25
XP is -50
Level is 0
Wallpaper set to: /home/mauricio/github/digimon/wallpapers/tmp_wallpaper.jpg


---- 2025-10-24 07:45:01.978192
Current day is 2025-10-23
100
Current day is 2025-10-24
25
HP is 25
XP is -50
Level is 0
Wallpaper set to: /home/mauricio/github/digimon/wallpapers/tmp_wallpaper.jpg


---- 2025-10-24 08:00:01.729315
Current day is 2025-10-23
100
Current day is 2025-10-24
25
HP is 25
XP is -50
Level is 0
Wallpaper set to: /home/mauricio/github/digimon/wallpapers/tmp_wallpaper.jpg


---- 2025-10-24 08:15:01.490417
Current day is 2025-10-23
100
Current day is 2025-10-24
25
HP is 25
XP is -50
Level is 0
Wallpaper set to: /home/mauricio/github/digimon/wallpapers/tmp_wallpaper.jpg


---- 2025-10-24 08:30:02.087957
Current day is 2025-10-23
100
Current day is 2025-10-24
25
HP is 25
XP is -50
Level is 0
Wallpaper set to: /home/mauricio/github/digimon/wallpapers/tmp_wallpaper.jpg


---- 2025-10-24 08:45:01.729191
Current day is 2025-10-23
100
Current day is 2025-10-24
25
HP is 25
XP is -50
Level is 0
Wallpaper set to: /home/mauricio/github/digimon/wallpapers/tmp_wallpaper.jpg


---- 2025-10-24 09:00:01.205320
Current day is 2025-10-23
100
Current day is 2025-10-24
25
HP is 25
XP is -50
Level is 0
Wallpaper set to: /home/mauricio/github/digimon/wallpapers/tmp_wallpaper.jpg


---- 2025-10-24 09:15:01.700610
Current day is 2025-10-23
100
Current day is 2025-10-24
25
HP is 25
XP is -50
Level is 0
Wallpaper set to: /home/mauricio/github/digimon/wallpapers/tmp_wallpaper.jpg


---- 2025-10-24 09:30:01.150183
Current day is 2025-10-23
100
Current day is 2025-10-24
25
HP is 25
XP is -50
Level is 0
Wallpaper set to: /home/mauricio/github/digimon/wallpapers/tmp_wallpaper.jpg


---- 2025-10-24 09:45:01.432648
Current day is 2025-10-23
100
Current day is 2025-10-24
25
HP is 25
XP is -50
Level is 0
Wallpaper set to: /home/mauricio/github/digimon/wallpapers/tmp_wallpaper.jpg


---- 2025-10-24 10:00:01.468108
Current day is 2025-10-23
100
Current day is 2025-10-24
25
HP is 25
XP is -50
Level is 0
Wallpaper set to: /home/mauricio/github/digimon/wallpapers/tmp_wallpaper.jpg


---- 2025-10-24 10:15:01.607602
Current day is 2025-10-23
100
Current day is 2025-10-24
25
HP is 25
XP is -50
Level is 0
Wallpaper set to: /home/mauricio/github/digimon/wallpapers/tmp_wallpaper.jpg


---- 2025-10-24 10:30:01.610177
Current day is 2025-10-23
100
Current day is 2025-10-24
25
HP is 25
XP is -50
Level is 0
Wallpaper set to: /home/mauricio/github/digimon/wallpapers/tmp_wallpaper.jpg


---- 2025-10-24 10:45:01.464048
Current day is 2025-10-23
100
Current day is 2025-10-24
25
HP is 25
XP is -50
Level is 0
Wallpaper set to: /home/mauricio/github/digimon/wallpapers/tmp_wallpaper.jpg


---- 2025-10-24 11:00:02.096811
Current day is 2025-10-23
100
Current day is 2025-10-24
25
HP is 25
XP is -50
Level is 0
Wallpaper set to: /home/mauricio/github/digimon/wallpapers/tmp_wallpaper.jpg


---- 2025-10-24 11:15:01.614897
Current day is 2025-10-23
100
Current day is 2025-10-24
25
HP is 25
XP is -50
Level is 0
Wallpaper set to: /home/mauricio/github/digimon/wallpapers/tmp_wallpaper.jpg


---- 2025-10-24 11:30:01.172706
Current day is 2025-10-23
100
Current day is 2025-10-24
25
HP is 25
XP is -50
Level is 0
Wallpaper set to: /home/mauricio/github/digimon/wallpapers/tmp_wallpaper.jpg


---- 2025-10-24 11:45:01.216779
Current day is 2025-10-23
100
Current day is 2025-10-24
25
HP is 25
XP is -50
Level is 0
Wallpaper set to: /home/mauricio/github/digimon/wallpapers/tmp_wallpaper.jpg


---- 2025-10-24 12:00:01.247466
Current day is 2025-10-23
100
Current day is 2025-10-24
25
HP is 25
XP is -50
Level is 0
Wallpaper set to: /home/mauricio/github/digimon/wallpapers/tmp_wallpaper.jpg


---- 2025-10-24 12:15:01.759157
Current day is 2025-10-23
100
Current day is 2025-10-24
25
HP is 25
XP is -50
Level is 0
Wallpaper set to: /home/mauricio/github/digimon/wallpapers/tmp_wallpaper.jpg


---- 2025-10-24 12:30:01.831550
Current day is 2025-10-23
100
Current day is 2025-10-24
25
HP is 25
XP is -50
Level is 0
Wallpaper set to: /home/mauricio/github/digimon/wallpapers/tmp_wallpaper.jpg


---- 2025-10-24 12:45:01.739284
Current day is 2025-10-23
100
Current day is 2025-10-24
25
HP is 25
XP is -50
Level is 0
Wallpaper set to: /home/mauricio/github/digimon/wallpapers/tmp_wallpaper.jpg


---- 2025-10-24 13:00:01.851607
Current day is 2025-10-23
100
Current day is 2025-10-24
25
HP is 25
XP is -50
Level is 0
Wallpaper set to: /home/mauricio/github/digimon/wallpapers/tmp_wallpaper.jpg


---- 2025-10-24 13:15:01.386909
Current day is 2025-10-23
100
Current day is 2025-10-24
25
HP is 25
XP is -50
Level is 0
Wallpaper set to: /home/mauricio/github/digimon/wallpapers/tmp_wallpaper.jpg


---- 2025-10-24 13:30:01.993808
Current day is 2025-10-23
100
Current day is 2025-10-24
25
HP is 25
XP is -50
Level is 0
Wallpaper set to: /home/mauricio/github/digimon/wallpapers/tmp_wallpaper.jpg


---- 2025-10-24 13:45:01.187276
Current day is 2025-10-23
100
Current day is 2025-10-24
25
HP is 25
XP is -50
Level is 0
Wallpaper set to: /home/mauricio/github/digimon/wallpapers/tmp_wallpaper.jpg


---- 2025-10-24 14:00:01.767579
Current day is 2025-10-23
100
Current day is 2025-10-24
25
HP is 25
XP is -50
Level is 0
Wallpaper set to: /home/mauricio/github/digimon/wallpapers/tmp_wallpaper.jpg


---- 2025-10-24 14:15:01.846170
Current day is 2025-10-23
100
Current day is 2025-10-24
25
HP is 25
XP is -50
Level is 0
Wallpaper set to: /home/mauricio/github/digimon/wallpapers/tmp_wallpaper.jpg


---- 2025-10-24 14:30:01.865612
Current day is 2025-10-23
100
Current day is 2025-10-24
25
HP is 25
XP is -50
Level is 0
Wallpaper set to: /home/mauricio/github/digimon/wallpapers/tmp_wallpaper.jpg


---- 2025-10-24 14:45:01.339324
Current day is 2025-10-23
100
Current day is 2025-10-24
25
HP is 25
XP is -50
Level is 0
Wallpaper set to: /home/mauricio/github/digimon/wallpapers/tmp_wallpaper.jpg


---- 2025-10-24 15:00:01.829589
Current day is 2025-10-23
100
Current day is 2025-10-24
25
HP is 25
XP is -50
Level is 0
Wallpaper set to: /home/mauricio/github/digimon/wallpapers/tmp_wallpaper.jpg


---- 2025-10-24 15:15:01.193772
Current day is 2025-10-23
100
Current day is 2025-10-24
25
HP is 25
XP is -50
Level is 0
Wallpaper set to: /home/mauricio/github/digimon/wallpapers/tmp_wallpaper.jpg


---- 2025-10-24 15:30:01.335294
Current day is 2025-10-23
100
Current day is 2025-10-24
25
HP is 25
XP is -50
Level is 0
Wallpaper set to: /home/mauricio/github/digimon/wallpapers/tmp_wallpaper.jpg


---- 2025-10-24 15:45:01.979672
Current day is 2025-10-23
100
Current day is 2025-10-24
25
HP is 25
XP is -50
Level is 0
Wallpaper set to: /home/mauricio/github/digimon/wallpapers/tmp_wallpaper.jpg


---- 2025-10-24 19:15:01.394832
Traceback (most recent call last):
  File "/home/mauricio/github/digimon/main.py", line 42, in <module>
    conn, cur = connect_to_db()
  File "/home/mauricio/github/digimon/main.py", line 27, in connect_to_db
    conn = psycopg2.connect(
  File "/home/mauricio/.local/lib/python3.10/site-packages/psycopg2/__init__.py", line 122, in connect
    conn = _connect(dsn, connection_factory=connection_factory, **kwasync)
psycopg2.OperationalError: connection to server at "192.168.1.131", port 5432 failed: No route to host
	Is the server running on that host and accepting TCP/IP connections?



---- 2025-10-24 19:30:01.684989
Traceback (most recent call last):
  File "/home/mauricio/github/digimon/main.py", line 42, in <module>
    conn, cur = connect_to_db()
  File "/home/mauricio/github/digimon/main.py", line 27, in connect_to_db
    conn = psycopg2.connect(
  File "/home/mauricio/.local/lib/python3.10/site-packages/psycopg2/__init__.py", line 122, in connect
    conn = _connect(dsn, connection_factory=connection_factory, **kwasync)
psycopg2.OperationalError: connection to server at "192.168.1.131", port 5432 failed: No route to host
	Is the server running on that host and accepting TCP/IP connections?



---- 2025-10-24 19:45:01.933920
Traceback (most recent call last):
  File "/home/mauricio/github/digimon/main.py", line 42, in <module>
    conn, cur = connect_to_db()
  File "/home/mauricio/github/digimon/main.py", line 27, in connect_to_db
    conn = psycopg2.connect(
  File "/home/mauricio/.local/lib/python3.10/site-packages/psycopg2/__init__.py", line 122, in connect
    conn = _connect(dsn, connection_factory=connection_factory, **kwasync)
psycopg2.OperationalError: connection to server at "192.168.1.131", port 5432 failed: No route to host
	Is the server running on that host and accepting TCP/IP connections?



---- 2025-10-24 20:00:01.161779
Traceback (most recent call last):
  File "/home/mauricio/github/digimon/main.py", line 42, in <module>
    conn, cur = connect_to_db()
  File "/home/mauricio/github/digimon/main.py", line 27, in connect_to_db
    conn = psycopg2.connect(
  File "/home/mauricio/.local/lib/python3.10/site-packages/psycopg2/__init__.py", line 122, in connect
    conn = _connect(dsn, connection_factory=connection_factory, **kwasync)
psycopg2.OperationalError: connection to server at "192.168.1.131", port 5432 failed: No route to host
	Is the server running on that host and accepting TCP/IP connections?



---- 2025-10-24 20:15:01.433346
Traceback (most recent call last):
  File "/home/mauricio/github/digimon/main.py", line 42, in <module>
    conn, cur = connect_to_db()
  File "/home/mauricio/github/digimon/main.py", line 27, in connect_to_db
    conn = psycopg2.connect(
  File "/home/mauricio/.local/lib/python3.10/site-packages/psycopg2/__init__.py", line 122, in connect
    conn = _connect(dsn, connection_factory=connection_factory, **kwasync)
psycopg2.OperationalError: connection to server at "192.168.1.131", port 5432 failed: No route to host
	Is the server running on that host and accepting TCP/IP connections?



---- 2025-10-24 20:30:01.651170
Traceback (most recent call last):
  File "/home/mauricio/github/digimon/main.py", line 42, in <module>
    conn, cur = connect_to_db()
  File "/home/mauricio/github/digimon/main.py", line 27, in connect_to_db
    conn = psycopg2.connect(
  File "/home/mauricio/.local/lib/python3.10/site-packages/psycopg2/__init__.py", line 122, in connect
    conn = _connect(dsn, connection_factory=connection_factory, **kwasync)
psycopg2.OperationalError: connection to server at "192.168.1.131", port 5432 failed: No route to host
	Is the server running on that host and accepting TCP/IP connections?



---- 2025-10-24 20:45:01.865838
Traceback (most recent call last):
  File "/home/mauricio/github/digimon/main.py", line 42, in <module>
    conn, cur = connect_to_db()
  File "/home/mauricio/github/digimon/main.py", line 27, in connect_to_db
    conn = psycopg2.connect(
  File "/home/mauricio/.local/lib/python3.10/site-packages/psycopg2/__init__.py", line 122, in connect
    conn = _connect(dsn, connection_factory=connection_factory, **kwasync)
psycopg2.OperationalError: connection to server at "192.168.1.131", port 5432 failed: No route to host
	Is the server running on that host and accepting TCP/IP connections?



---- 2025-10-24 21:00:02.097694
Traceback (most recent call last):
  File "/home/mauricio/github/digimon/main.py", line 42, in <module>
    conn, cur = connect_to_db()
  File "/home/mauricio/github/digimon/main.py", line 27, in connect_to_db
    conn = psycopg2.connect(
  File "/home/mauricio/.local/lib/python3.10/site-packages/psycopg2/__init__.py", line 122, in connect
    conn = _connect(dsn, connection_factory=connection_factory, **kwasync)
psycopg2.OperationalError: connection to server at "192.168.1.131", port 5432 failed: No route to host
	Is the server running on that host and accepting TCP/IP connections?



---- 2025-10-24 21:15:01.318060
Traceback (most recent call last):
  File "/home/mauricio/github/digimon/main.py", line 42, in <module>
    conn, cur = connect_to_db()
  File "/home/mauricio/github/digimon/main.py", line 27, in connect_to_db
    conn = psycopg2.connect(
  File "/home/mauricio/.local/lib/python3.10/site-packages/psycopg2/__init__.py", line 122, in connect
    conn = _connect(dsn, connection_factory=connection_factory, **kwasync)
psycopg2.OperationalError: connection to server at "192.168.1.131", port 5432 failed: No route to host
	Is the server running on that host and accepting TCP/IP connections?



---- 2025-10-24 21:30:01.592946
Traceback (most recent call last):
  File "/home/mauricio/github/digimon/main.py", line 42, in <module>
    conn, cur = connect_to_db()
  File "/home/mauricio/github/digimon/main.py", line 27, in connect_to_db
    conn = psycopg2.connect(
  File "/home/mauricio/.local/lib/python3.10/site-packages/psycopg2/__init__.py", line 122, in connect
    conn = _connect(dsn, connection_factory=connection_factory, **kwasync)
psycopg2.OperationalError: connection to server at "192.168.1.131", port 5432 failed: No route to host
	Is the server running on that host and accepting TCP/IP connections?



---- 2025-10-24 21:45:01.810555
Traceback (most recent call last):
  File "/home/mauricio/github/digimon/main.py", line 42, in <module>
    conn, cur = connect_to_db()
  File "/home/mauricio/github/digimon/main.py", line 27, in connect_to_db
    conn = psycopg2.connect(
  File "/home/mauricio/.local/lib/python3.10/site-packages/psycopg2/__init__.py", line 122, in connect
    conn = _connect(dsn, connection_factory=connection_factory, **kwasync)
psycopg2.OperationalError: connection to server at "192.168.1.131", port 5432 failed: No route to host
	Is the server running on that host and accepting TCP/IP connections?



---- 2025-10-24 22:00:02.033707
Traceback (most recent call last):
  File "/home/mauricio/github/digimon/main.py", line 42, in <module>
    conn, cur = connect_to_db()
  File "/home/mauricio/github/digimon/main.py", line 27, in connect_to_db
    conn = psycopg2.connect(
  File "/home/mauricio/.local/lib/python3.10/site-packages/psycopg2/__init__.py", line 122, in connect
    conn = _connect(dsn, connection_factory=connection_factory, **kwasync)
psycopg2.OperationalError: connection to server at "192.168.1.131", port 5432 failed: No route to host
	Is the server running on that host and accepting TCP/IP connections?



---- 2025-10-24 22:15:01.249854
Traceback (most recent call last):
  File "/home/mauricio/github/digimon/main.py", line 42, in <module>
    conn, cur = connect_to_db()
  File "/home/mauricio/github/digimon/main.py", line 27, in connect_to_db
    conn = psycopg2.connect(
  File "/home/mauricio/.local/lib/python3.10/site-packages/psycopg2/__init__.py", line 122, in connect
    conn = _connect(dsn, connection_factory=connection_factory, **kwasync)
psycopg2.OperationalError: connection to server at "192.168.1.131", port 5432 failed: No route to host
	Is the server running on that host and accepting TCP/IP connections?



---- 2025-10-24 22:30:01.459806
Traceback (most recent call last):
  File "/home/mauricio/github/digimon/main.py", line 42, in <module>
    conn, cur = connect_to_db()
  File "/home/mauricio/github/digimon/main.py", line 27, in connect_to_db
    conn = psycopg2.connect(
  File "/home/mauricio/.local/lib/python3.10/site-packages/psycopg2/__init__.py", line 122, in connect
    conn = _connect(dsn, connection_factory=connection_factory, **kwasync)
psycopg2.OperationalError: connection to server at "192.168.1.131", port 5432 failed: No route to host
	Is the server running on that host and accepting TCP/IP connections?



---- 2025-10-24 22:45:01.677500
Traceback (most recent call last):
  File "/home/mauricio/github/digimon/main.py", line 42, in <module>
    conn, cur = connect_to_db()
  File "/home/mauricio/github/digimon/main.py", line 27, in connect_to_db
    conn = psycopg2.connect(
  File "/home/mauricio/.local/lib/python3.10/site-packages/psycopg2/__init__.py", line 122, in connect
    conn = _connect(dsn, connection_factory=connection_factory, **kwasync)
psycopg2.OperationalError: connection to server at "192.168.1.131", port 5432 failed: No route to host
	Is the server running on that host and accepting TCP/IP connections?



---- 2025-10-24 23:00:01.897964
Traceback (most recent call last):
  File "/home/mauricio/github/digimon/main.py", line 42, in <module>
    conn, cur = connect_to_db()
  File "/home/mauricio/github/digimon/main.py", line 27, in connect_to_db
    conn = psycopg2.connect(
  File "/home/mauricio/.local/lib/python3.10/site-packages/psycopg2/__init__.py", line 122, in connect
    conn = _connect(dsn, connection_factory=connection_factory, **kwasync)
psycopg2.OperationalError: connection to server at "192.168.1.131", port 5432 failed: No route to host
	Is the server running on that host and accepting TCP/IP connections?



---- 2025-10-24 23:15:01.120700
Traceback (most recent call last):
  File "/home/mauricio/github/digimon/main.py", line 42, in <module>
    conn, cur = connect_to_db()
  File "/home/mauricio/github/digimon/main.py", line 27, in connect_to_db
    conn = psycopg2.connect(
  File "/home/mauricio/.local/lib/python3.10/site-packages/psycopg2/__init__.py", line 122, in connect
    conn = _connect(dsn, connection_factory=connection_factory, **kwasync)
psycopg2.OperationalError: connection to server at "192.168.1.131", port 5432 failed: No route to host
	Is the server running on that host and accepting TCP/IP connections?



---- 2025-10-24 23:30:01.329563
Traceback (most recent call last):
  File "/home/mauricio/github/digimon/main.py", line 42, in <module>
    conn, cur = connect_to_db()
  File "/home/mauricio/github/digimon/main.py", line 27, in connect_to_db
    conn = psycopg2.connect(
  File "/home/mauricio/.local/lib/python3.10/site-packages/psycopg2/__init__.py", line 122, in connect
    conn = _connect(dsn, connection_factory=connection_factory, **kwasync)
psycopg2.OperationalError: connection to server at "192.168.1.131", port 5432 failed: No route to host
	Is the server running on that host and accepting TCP/IP connections?



---- 2025-10-24 23:45:01.554265
Traceback (most recent call last):
  File "/home/mauricio/github/digimon/main.py", line 42, in <module>
    conn, cur = connect_to_db()
  File "/home/mauricio/github/digimon/main.py", line 27, in connect_to_db
    conn = psycopg2.connect(
  File "/home/mauricio/.local/lib/python3.10/site-packages/psycopg2/__init__.py", line 122, in connect
    conn = _connect(dsn, connection_factory=connection_factory, **kwasync)
psycopg2.OperationalError: connection to server at "192.168.1.131", port 5432 failed: No route to host
	Is the server running on that host and accepting TCP/IP connections?



---- 2025-10-25 00:00:01.771425
Traceback (most recent call last):
  File "/home/mauricio/github/digimon/main.py", line 42, in <module>
    conn, cur = connect_to_db()
  File "/home/mauricio/github/digimon/main.py", line 27, in connect_to_db
    conn = psycopg2.connect(
  File "/home/mauricio/.local/lib/python3.10/site-packages/psycopg2/__init__.py", line 122, in connect
    conn = _connect(dsn, connection_factory=connection_factory, **kwasync)
psycopg2.OperationalError: connection to server at "192.168.1.131", port 5432 failed: No route to host
	Is the server running on that host and accepting TCP/IP connections?



---- 2025-10-25 00:15:02.020933
Traceback (most recent call last):
  File "/home/mauricio/github/digimon/main.py", line 42, in <module>
    conn, cur = connect_to_db()
  File "/home/mauricio/github/digimon/main.py", line 27, in connect_to_db
    conn = psycopg2.connect(
  File "/home/mauricio/.local/lib/python3.10/site-packages/psycopg2/__init__.py", line 122, in connect
    conn = _connect(dsn, connection_factory=connection_factory, **kwasync)
psycopg2.OperationalError: connection to server at "192.168.1.131", port 5432 failed: No route to host
	Is the server running on that host and accepting TCP/IP connections?



---- 2025-10-25 00:30:01.311344
Traceback (most recent call last):
  File "/home/mauricio/github/digimon/main.py", line 42, in <module>
    conn, cur = connect_to_db()
  File "/home/mauricio/github/digimon/main.py", line 27, in connect_to_db
    conn = psycopg2.connect(
  File "/home/mauricio/.local/lib/python3.10/site-packages/psycopg2/__init__.py", line 122, in connect
    conn = _connect(dsn, connection_factory=connection_factory, **kwasync)
psycopg2.OperationalError: connection to server at "192.168.1.131", port 5432 failed: No route to host
	Is the server running on that host and accepting TCP/IP connections?



---- 2025-10-25 00:45:01.577658
Traceback (most recent call last):
  File "/home/mauricio/github/digimon/main.py", line 42, in <module>
    conn, cur = connect_to_db()
  File "/home/mauricio/github/digimon/main.py", line 27, in connect_to_db
    conn = psycopg2.connect(
  File "/home/mauricio/.local/lib/python3.10/site-packages/psycopg2/__init__.py", line 122, in connect
    conn = _connect(dsn, connection_factory=connection_factory, **kwasync)
psycopg2.OperationalError: connection to server at "192.168.1.131", port 5432 failed: No route to host
	Is the server running on that host and accepting TCP/IP connections?



---- 2025-10-25 14:45:01.739512
Traceback (most recent call last):
  File "/home/mauricio/github/digimon/main.py", line 42, in <module>
    conn, cur = connect_to_db()
  File "/home/mauricio/github/digimon/main.py", line 27, in connect_to_db
    conn = psycopg2.connect(
  File "/home/mauricio/.local/lib/python3.10/site-packages/psycopg2/__init__.py", line 122, in connect
    conn = _connect(dsn, connection_factory=connection_factory, **kwasync)
psycopg2.OperationalError: connection to server at "192.168.1.131", port 5432 failed: No route to host
	Is the server running on that host and accepting TCP/IP connections?



---- 2025-10-25 15:00:01.970477
Traceback (most recent call last):
  File "/home/mauricio/github/digimon/main.py", line 42, in <module>
    conn, cur = connect_to_db()
  File "/home/mauricio/github/digimon/main.py", line 27, in connect_to_db
    conn = psycopg2.connect(
  File "/home/mauricio/.local/lib/python3.10/site-packages/psycopg2/__init__.py", line 122, in connect
    conn = _connect(dsn, connection_factory=connection_factory, **kwasync)
psycopg2.OperationalError: connection to server at "192.168.1.131", port 5432 failed: No route to host
	Is the server running on that host and accepting TCP/IP connections?



---- 2025-10-25 15:15:01.199539
Traceback (most recent call last):
  File "/home/mauricio/github/digimon/main.py", line 42, in <module>
    conn, cur = connect_to_db()
  File "/home/mauricio/github/digimon/main.py", line 27, in connect_to_db
    conn = psycopg2.connect(
  File "/home/mauricio/.local/lib/python3.10/site-packages/psycopg2/__init__.py", line 122, in connect
    conn = _connect(dsn, connection_factory=connection_factory, **kwasync)
psycopg2.OperationalError: connection to server at "192.168.1.131", port 5432 failed: No route to host
	Is the server running on that host and accepting TCP/IP connections?



---- 2025-10-26 14:30:01.436565
Traceback (most recent call last):
  File "/home/mauricio/github/digimon/main.py", line 42, in <module>
    conn, cur = connect_to_db()
  File "/home/mauricio/github/digimon/main.py", line 27, in connect_to_db
    conn = psycopg2.connect(
  File "/home/mauricio/.local/lib/python3.10/site-packages/psycopg2/__init__.py", line 122, in connect
    conn = _connect(dsn, connection_factory=connection_factory, **kwasync)
psycopg2.OperationalError: connection to server at "192.168.1.131", port 5432 failed: No route to host
	Is the server running on that host and accepting TCP/IP connections?



---- 2025-10-26 14:45:01.722052
Traceback (most recent call last):
  File "/home/mauricio/github/digimon/main.py", line 42, in <module>
    conn, cur = connect_to_db()
  File "/home/mauricio/github/digimon/main.py", line 27, in connect_to_db
    conn = psycopg2.connect(
  File "/home/mauricio/.local/lib/python3.10/site-packages/psycopg2/__init__.py", line 122, in connect
    conn = _connect(dsn, connection_factory=connection_factory, **kwasync)
psycopg2.OperationalError: connection to server at "192.168.1.131", port 5432 failed: No route to host
	Is the server running on that host and accepting TCP/IP connections?



---- 2025-10-26 15:00:01.983126
Traceback (most recent call last):
  File "/home/mauricio/github/digimon/main.py", line 42, in <module>
    conn, cur = connect_to_db()
  File "/home/mauricio/github/digimon/main.py", line 27, in connect_to_db
    conn = psycopg2.connect(
  File "/home/mauricio/.local/lib/python3.10/site-packages/psycopg2/__init__.py", line 122, in connect
    conn = _connect(dsn, connection_factory=connection_factory, **kwasync)
psycopg2.OperationalError: connection to server at "192.168.1.131", port 5432 failed: No route to host
	Is the server running on that host and accepting TCP/IP connections?



---- 2025-10-26 15:15:01.192455
Traceback (most recent call last):
  File "/home/mauricio/github/digimon/main.py", line 42, in <module>
    conn, cur = connect_to_db()
  File "/home/mauricio/github/digimon/main.py", line 27, in connect_to_db
    conn = psycopg2.connect(
  File "/home/mauricio/.local/lib/python3.10/site-packages/psycopg2/__init__.py", line 122, in connect
    conn = _connect(dsn, connection_factory=connection_factory, **kwasync)
psycopg2.OperationalError: connection to server at "192.168.1.131", port 5432 failed: No route to host
	Is the server running on that host and accepting TCP/IP connections?



---- 2025-10-26 15:30:01.467711
Traceback (most recent call last):
  File "/home/mauricio/github/digimon/main.py", line 42, in <module>
    conn, cur = connect_to_db()
  File "/home/mauricio/github/digimon/main.py", line 27, in connect_to_db
    conn = psycopg2.connect(
  File "/home/mauricio/.local/lib/python3.10/site-packages/psycopg2/__init__.py", line 122, in connect
    conn = _connect(dsn, connection_factory=connection_factory, **kwasync)
psycopg2.OperationalError: connection to server at "192.168.1.131", port 5432 failed: No route to host
	Is the server running on that host and accepting TCP/IP connections?



---- 2025-10-26 15:45:01.672566
Traceback (most recent call last):
  File "/home/mauricio/github/digimon/main.py", line 42, in <module>
    conn, cur = connect_to_db()
  File "/home/mauricio/github/digimon/main.py", line 27, in connect_to_db
    conn = psycopg2.connect(
  File "/home/mauricio/.local/lib/python3.10/site-packages/psycopg2/__init__.py", line 122, in connect
    conn = _connect(dsn, connection_factory=connection_factory, **kwasync)
psycopg2.OperationalError: connection to server at "192.168.1.131", port 5432 failed: No route to host
	Is the server running on that host and accepting TCP/IP connections?



---- 2025-10-26 16:00:01.899543
Traceback (most recent call last):
  File "/home/mauricio/github/digimon/main.py", line 42, in <module>
    conn, cur = connect_to_db()
  File "/home/mauricio/github/digimon/main.py", line 27, in connect_to_db
    conn = psycopg2.connect(
  File "/home/mauricio/.local/lib/python3.10/site-packages/psycopg2/__init__.py", line 122, in connect
    conn = _connect(dsn, connection_factory=connection_factory, **kwasync)
psycopg2.OperationalError: connection to server at "192.168.1.131", port 5432 failed: No route to host
	Is the server running on that host and accepting TCP/IP connections?



---- 2025-10-26 16:15:01.119916
Traceback (most recent call last):
  File "/home/mauricio/github/digimon/main.py", line 42, in <module>
    conn, cur = connect_to_db()
  File "/home/mauricio/github/digimon/main.py", line 27, in connect_to_db
    conn = psycopg2.connect(
  File "/home/mauricio/.local/lib/python3.10/site-packages/psycopg2/__init__.py", line 122, in connect
    conn = _connect(dsn, connection_factory=connection_factory, **kwasync)
psycopg2.OperationalError: connection to server at "192.168.1.131", port 5432 failed: No route to host
	Is the server running on that host and accepting TCP/IP connections?



---- 2025-10-26 16:30:01.345539
Traceback (most recent call last):
  File "/home/mauricio/github/digimon/main.py", line 42, in <module>
    conn, cur = connect_to_db()
  File "/home/mauricio/github/digimon/main.py", line 27, in connect_to_db
    conn = psycopg2.connect(
  File "/home/mauricio/.local/lib/python3.10/site-packages/psycopg2/__init__.py", line 122, in connect
    conn = _connect(dsn, connection_factory=connection_factory, **kwasync)
psycopg2.OperationalError: connection to server at "192.168.1.131", port 5432 failed: No route to host
	Is the server running on that host and accepting TCP/IP connections?



---- 2025-10-26 16:45:01.568204
Traceback (most recent call last):
  File "/home/mauricio/github/digimon/main.py", line 42, in <module>
    conn, cur = connect_to_db()
  File "/home/mauricio/github/digimon/main.py", line 27, in connect_to_db
    conn = psycopg2.connect(
  File "/home/mauricio/.local/lib/python3.10/site-packages/psycopg2/__init__.py", line 122, in connect
    conn = _connect(dsn, connection_factory=connection_factory, **kwasync)
psycopg2.OperationalError: connection to server at "192.168.1.131", port 5432 failed: No route to host
	Is the server running on that host and accepting TCP/IP connections?



---- 2025-10-26 17:00:01.782548
Traceback (most recent call last):
  File "/home/mauricio/github/digimon/main.py", line 42, in <module>
    conn, cur = connect_to_db()
  File "/home/mauricio/github/digimon/main.py", line 27, in connect_to_db
    conn = psycopg2.connect(
  File "/home/mauricio/.local/lib/python3.10/site-packages/psycopg2/__init__.py", line 122, in connect
    conn = _connect(dsn, connection_factory=connection_factory, **kwasync)
psycopg2.OperationalError: connection to server at "192.168.1.131", port 5432 failed: No route to host
	Is the server running on that host and accepting TCP/IP connections?



---- 2025-10-26 17:15:02.000752
Traceback (most recent call last):
  File "/home/mauricio/github/digimon/main.py", line 42, in <module>
    conn, cur = connect_to_db()
  File "/home/mauricio/github/digimon/main.py", line 27, in connect_to_db
    conn = psycopg2.connect(
  File "/home/mauricio/.local/lib/python3.10/site-packages/psycopg2/__init__.py", line 122, in connect
    conn = _connect(dsn, connection_factory=connection_factory, **kwasync)
psycopg2.OperationalError: connection to server at "192.168.1.131", port 5432 failed: No route to host
	Is the server running on that host and accepting TCP/IP connections?



---- 2025-10-26 17:30:01.241338
Traceback (most recent call last):
  File "/home/mauricio/github/digimon/main.py", line 42, in <module>
    conn, cur = connect_to_db()
  File "/home/mauricio/github/digimon/main.py", line 27, in connect_to_db
    conn = psycopg2.connect(
  File "/home/mauricio/.local/lib/python3.10/site-packages/psycopg2/__init__.py", line 122, in connect
    conn = _connect(dsn, connection_factory=connection_factory, **kwasync)
psycopg2.OperationalError: connection to server at "192.168.1.131", port 5432 failed: No route to host
	Is the server running on that host and accepting TCP/IP connections?



---- 2025-10-26 17:45:01.487824
Traceback (most recent call last):
  File "/home/mauricio/github/digimon/main.py", line 42, in <module>
    conn, cur = connect_to_db()
  File "/home/mauricio/github/digimon/main.py", line 27, in connect_to_db
    conn = psycopg2.connect(
  File "/home/mauricio/.local/lib/python3.10/site-packages/psycopg2/__init__.py", line 122, in connect
    conn = _connect(dsn, connection_factory=connection_factory, **kwasync)
psycopg2.OperationalError: connection to server at "192.168.1.131", port 5432 failed: No route to host
	Is the server running on that host and accepting TCP/IP connections?



---- 2025-10-26 18:00:01.704721
Traceback (most recent call last):
  File "/home/mauricio/github/digimon/main.py", line 42, in <module>
    conn, cur = connect_to_db()
  File "/home/mauricio/github/digimon/main.py", line 27, in connect_to_db
    conn = psycopg2.connect(
  File "/home/mauricio/.local/lib/python3.10/site-packages/psycopg2/__init__.py", line 122, in connect
    conn = _connect(dsn, connection_factory=connection_factory, **kwasync)
psycopg2.OperationalError: connection to server at "192.168.1.131", port 5432 failed: No route to host
	Is the server running on that host and accepting TCP/IP connections?



---- 2025-10-26 18:15:01.930745
Traceback (most recent call last):
  File "/home/mauricio/github/digimon/main.py", line 42, in <module>
    conn, cur = connect_to_db()
  File "/home/mauricio/github/digimon/main.py", line 27, in connect_to_db
    conn = psycopg2.connect(
  File "/home/mauricio/.local/lib/python3.10/site-packages/psycopg2/__init__.py", line 122, in connect
    conn = _connect(dsn, connection_factory=connection_factory, **kwasync)
psycopg2.OperationalError: connection to server at "192.168.1.131", port 5432 failed: No route to host
	Is the server running on that host and accepting TCP/IP connections?



---- 2025-10-26 18:30:01.169230
Traceback (most recent call last):
  File "/home/mauricio/github/digimon/main.py", line 42, in <module>
    conn, cur = connect_to_db()
  File "/home/mauricio/github/digimon/main.py", line 27, in connect_to_db
    conn = psycopg2.connect(
  File "/home/mauricio/.local/lib/python3.10/site-packages/psycopg2/__init__.py", line 122, in connect
    conn = _connect(dsn, connection_factory=connection_factory, **kwasync)
psycopg2.OperationalError: connection to server at "192.168.1.131", port 5432 failed: No route to host
	Is the server running on that host and accepting TCP/IP connections?



---- 2025-10-26 18:45:01.438085
Traceback (most recent call last):
  File "/home/mauricio/github/digimon/main.py", line 42, in <module>
    conn, cur = connect_to_db()
  File "/home/mauricio/github/digimon/main.py", line 27, in connect_to_db
    conn = psycopg2.connect(
  File "/home/mauricio/.local/lib/python3.10/site-packages/psycopg2/__init__.py", line 122, in connect
    conn = _connect(dsn, connection_factory=connection_factory, **kwasync)
psycopg2.OperationalError: connection to server at "192.168.1.131", port 5432 failed: No route to host
	Is the server running on that host and accepting TCP/IP connections?



---- 2025-10-26 19:00:01.640330
Traceback (most recent call last):
  File "/home/mauricio/github/digimon/main.py", line 42, in <module>
    conn, cur = connect_to_db()
  File "/home/mauricio/github/digimon/main.py", line 27, in connect_to_db
    conn = psycopg2.connect(
  File "/home/mauricio/.local/lib/python3.10/site-packages/psycopg2/__init__.py", line 122, in connect
    conn = _connect(dsn, connection_factory=connection_factory, **kwasync)
psycopg2.OperationalError: connection to server at "192.168.1.131", port 5432 failed: No route to host
	Is the server running on that host and accepting TCP/IP connections?



---- 2025-10-26 19:15:01.864138
Traceback (most recent call last):
  File "/home/mauricio/github/digimon/main.py", line 42, in <module>
    conn, cur = connect_to_db()
  File "/home/mauricio/github/digimon/main.py", line 27, in connect_to_db
    conn = psycopg2.connect(
  File "/home/mauricio/.local/lib/python3.10/site-packages/psycopg2/__init__.py", line 122, in connect
    conn = _connect(dsn, connection_factory=connection_factory, **kwasync)
psycopg2.OperationalError: connection to server at "192.168.1.131", port 5432 failed: No route to host
	Is the server running on that host and accepting TCP/IP connections?



---- 2025-10-26 19:30:02.104970
Traceback (most recent call last):
  File "/home/mauricio/github/digimon/main.py", line 42, in <module>
    conn, cur = connect_to_db()
  File "/home/mauricio/github/digimon/main.py", line 27, in connect_to_db
    conn = psycopg2.connect(
  File "/home/mauricio/.local/lib/python3.10/site-packages/psycopg2/__init__.py", line 122, in connect
    conn = _connect(dsn, connection_factory=connection_factory, **kwasync)
psycopg2.OperationalError: connection to server at "192.168.1.131", port 5432 failed: No route to host
	Is the server running on that host and accepting TCP/IP connections?



---- 2025-10-26 19:45:01.316151
Traceback (most recent call last):
  File "/home/mauricio/github/digimon/main.py", line 42, in <module>
    conn, cur = connect_to_db()
  File "/home/mauricio/github/digimon/main.py", line 27, in connect_to_db
    conn = psycopg2.connect(
  File "/home/mauricio/.local/lib/python3.10/site-packages/psycopg2/__init__.py", line 122, in connect
    conn = _connect(dsn, connection_factory=connection_factory, **kwasync)
psycopg2.OperationalError: connection to server at "192.168.1.131", port 5432 failed: No route to host
	Is the server running on that host and accepting TCP/IP connections?



---- 2025-10-26 20:00:01.580325
Traceback (most recent call last):
  File "/home/mauricio/github/digimon/main.py", line 42, in <module>
    conn, cur = connect_to_db()
  File "/home/mauricio/github/digimon/main.py", line 27, in connect_to_db
    conn = psycopg2.connect(
  File "/home/mauricio/.local/lib/python3.10/site-packages/psycopg2/__init__.py", line 122, in connect
    conn = _connect(dsn, connection_factory=connection_factory, **kwasync)
psycopg2.OperationalError: connection to server at "192.168.1.131", port 5432 failed: No route to host
	Is the server running on that host and accepting TCP/IP connections?



---- 2025-10-26 20:15:01.802611
Traceback (most recent call last):
  File "/home/mauricio/github/digimon/main.py", line 42, in <module>
    conn, cur = connect_to_db()
  File "/home/mauricio/github/digimon/main.py", line 27, in connect_to_db
    conn = psycopg2.connect(
  File "/home/mauricio/.local/lib/python3.10/site-packages/psycopg2/__init__.py", line 122, in connect
    conn = _connect(dsn, connection_factory=connection_factory, **kwasync)
psycopg2.OperationalError: connection to server at "192.168.1.131", port 5432 failed: No route to host
	Is the server running on that host and accepting TCP/IP connections?



---- 2025-10-26 20:30:02.048433
Traceback (most recent call last):
  File "/home/mauricio/github/digimon/main.py", line 42, in <module>
    conn, cur = connect_to_db()
  File "/home/mauricio/github/digimon/main.py", line 27, in connect_to_db
    conn = psycopg2.connect(
  File "/home/mauricio/.local/lib/python3.10/site-packages/psycopg2/__init__.py", line 122, in connect
    conn = _connect(dsn, connection_factory=connection_factory, **kwasync)
psycopg2.OperationalError: connection to server at "192.168.1.131", port 5432 failed: No route to host
	Is the server running on that host and accepting TCP/IP connections?



---- 2025-10-26 20:45:01.249296
Traceback (most recent call last):
  File "/home/mauricio/github/digimon/main.py", line 42, in <module>
    conn, cur = connect_to_db()
  File "/home/mauricio/github/digimon/main.py", line 27, in connect_to_db
    conn = psycopg2.connect(
  File "/home/mauricio/.local/lib/python3.10/site-packages/psycopg2/__init__.py", line 122, in connect
    conn = _connect(dsn, connection_factory=connection_factory, **kwasync)
psycopg2.OperationalError: connection to server at "192.168.1.131", port 5432 failed: No route to host
	Is the server running on that host and accepting TCP/IP connections?



---- 2025-10-26 21:00:01.448678
Traceback (most recent call last):
  File "/home/mauricio/github/digimon/main.py", line 42, in <module>
    conn, cur = connect_to_db()
  File "/home/mauricio/github/digimon/main.py", line 27, in connect_to_db
    conn = psycopg2.connect(
  File "/home/mauricio/.local/lib/python3.10/site-packages/psycopg2/__init__.py", line 122, in connect
    conn = _connect(dsn, connection_factory=connection_factory, **kwasync)
psycopg2.OperationalError: connection to server at "192.168.1.131", port 5432 failed: No route to host
	Is the server running on that host and accepting TCP/IP connections?



---- 2025-10-26 21:15:01.675800
Traceback (most recent call last):
  File "/home/mauricio/github/digimon/main.py", line 42, in <module>
    conn, cur = connect_to_db()
  File "/home/mauricio/github/digimon/main.py", line 27, in connect_to_db
    conn = psycopg2.connect(
  File "/home/mauricio/.local/lib/python3.10/site-packages/psycopg2/__init__.py", line 122, in connect
    conn = _connect(dsn, connection_factory=connection_factory, **kwasync)
psycopg2.OperationalError: connection to server at "192.168.1.131", port 5432 failed: No route to host
	Is the server running on that host and accepting TCP/IP connections?



---- 2025-10-26 21:30:01.911796
Traceback (most recent call last):
  File "/home/mauricio/github/digimon/main.py", line 42, in <module>
    conn, cur = connect_to_db()
  File "/home/mauricio/github/digimon/main.py", line 27, in connect_to_db
    conn = psycopg2.connect(
  File "/home/mauricio/.local/lib/python3.10/site-packages/psycopg2/__init__.py", line 122, in connect
    conn = _connect(dsn, connection_factory=connection_factory, **kwasync)
psycopg2.OperationalError: connection to server at "192.168.1.131", port 5432 failed: No route to host
	Is the server running on that host and accepting TCP/IP connections?



---- 2025-10-26 21:45:01.122919
Traceback (most recent call last):
  File "/home/mauricio/github/digimon/main.py", line 42, in <module>
    conn, cur = connect_to_db()
  File "/home/mauricio/github/digimon/main.py", line 27, in connect_to_db
    conn = psycopg2.connect(
  File "/home/mauricio/.local/lib/python3.10/site-packages/psycopg2/__init__.py", line 122, in connect
    conn = _connect(dsn, connection_factory=connection_factory, **kwasync)
psycopg2.OperationalError: connection to server at "192.168.1.131", port 5432 failed: No route to host
	Is the server running on that host and accepting TCP/IP connections?



---- 2025-10-26 22:00:01.321103
Traceback (most recent call last):
  File "/home/mauricio/github/digimon/main.py", line 42, in <module>
    conn, cur = connect_to_db()
  File "/home/mauricio/github/digimon/main.py", line 27, in connect_to_db
    conn = psycopg2.connect(
  File "/home/mauricio/.local/lib/python3.10/site-packages/psycopg2/__init__.py", line 122, in connect
    conn = _connect(dsn, connection_factory=connection_factory, **kwasync)
psycopg2.OperationalError: connection to server at "192.168.1.131", port 5432 failed: No route to host
	Is the server running on that host and accepting TCP/IP connections?



---- 2025-10-26 22:15:01.549584
Traceback (most recent call last):
  File "/home/mauricio/github/digimon/main.py", line 42, in <module>
    conn, cur = connect_to_db()
  File "/home/mauricio/github/digimon/main.py", line 27, in connect_to_db
    conn = psycopg2.connect(
  File "/home/mauricio/.local/lib/python3.10/site-packages/psycopg2/__init__.py", line 122, in connect
    conn = _connect(dsn, connection_factory=connection_factory, **kwasync)
psycopg2.OperationalError: connection to server at "192.168.1.131", port 5432 failed: No route to host
	Is the server running on that host and accepting TCP/IP connections?



---- 2025-10-26 22:30:01.781596
Traceback (most recent call last):
  File "/home/mauricio/github/digimon/main.py", line 42, in <module>
    conn, cur = connect_to_db()
  File "/home/mauricio/github/digimon/main.py", line 27, in connect_to_db
    conn = psycopg2.connect(
  File "/home/mauricio/.local/lib/python3.10/site-packages/psycopg2/__init__.py", line 122, in connect
    conn = _connect(dsn, connection_factory=connection_factory, **kwasync)
psycopg2.OperationalError: connection to server at "192.168.1.131", port 5432 failed: No route to host
	Is the server running on that host and accepting TCP/IP connections?



---- 2025-10-26 22:45:01.996589
Traceback (most recent call last):
  File "/home/mauricio/github/digimon/main.py", line 42, in <module>
    conn, cur = connect_to_db()
  File "/home/mauricio/github/digimon/main.py", line 27, in connect_to_db
    conn = psycopg2.connect(
  File "/home/mauricio/.local/lib/python3.10/site-packages/psycopg2/__init__.py", line 122, in connect
    conn = _connect(dsn, connection_factory=connection_factory, **kwasync)
psycopg2.OperationalError: connection to server at "192.168.1.131", port 5432 failed: No route to host
	Is the server running on that host and accepting TCP/IP connections?



---- 2025-10-26 23:00:01.220529
Traceback (most recent call last):
  File "/home/mauricio/github/digimon/main.py", line 42, in <module>
    conn, cur = connect_to_db()
  File "/home/mauricio/github/digimon/main.py", line 27, in connect_to_db
    conn = psycopg2.connect(
  File "/home/mauricio/.local/lib/python3.10/site-packages/psycopg2/__init__.py", line 122, in connect
    conn = _connect(dsn, connection_factory=connection_factory, **kwasync)
psycopg2.OperationalError: connection to server at "192.168.1.131", port 5432 failed: No route to host
	Is the server running on that host and accepting TCP/IP connections?



---- 2025-10-26 23:15:01.481173
Traceback (most recent call last):
  File "/home/mauricio/github/digimon/main.py", line 42, in <module>
    conn, cur = connect_to_db()
  File "/home/mauricio/github/digimon/main.py", line 27, in connect_to_db
    conn = psycopg2.connect(
  File "/home/mauricio/.local/lib/python3.10/site-packages/psycopg2/__init__.py", line 122, in connect
    conn = _connect(dsn, connection_factory=connection_factory, **kwasync)
psycopg2.OperationalError: connection to server at "192.168.1.131", port 5432 failed: No route to host
	Is the server running on that host and accepting TCP/IP connections?



---- 2025-10-26 23:30:01.716319
Traceback (most recent call last):
  File "/home/mauricio/github/digimon/main.py", line 42, in <module>
    conn, cur = connect_to_db()
  File "/home/mauricio/github/digimon/main.py", line 27, in connect_to_db
    conn = psycopg2.connect(
  File "/home/mauricio/.local/lib/python3.10/site-packages/psycopg2/__init__.py", line 122, in connect
    conn = _connect(dsn, connection_factory=connection_factory, **kwasync)
psycopg2.OperationalError: connection to server at "192.168.1.131", port 5432 failed: No route to host
	Is the server running on that host and accepting TCP/IP connections?



---- 2025-10-26 23:45:01.931183
Traceback (most recent call last):
  File "/home/mauricio/github/digimon/main.py", line 42, in <module>
    conn, cur = connect_to_db()
  File "/home/mauricio/github/digimon/main.py", line 27, in connect_to_db
    conn = psycopg2.connect(
  File "/home/mauricio/.local/lib/python3.10/site-packages/psycopg2/__init__.py", line 122, in connect
    conn = _connect(dsn, connection_factory=connection_factory, **kwasync)
psycopg2.OperationalError: connection to server at "192.168.1.131", port 5432 failed: No route to host
	Is the server running on that host and accepting TCP/IP connections?



---- 2025-10-27 00:00:01.177360
Traceback (most recent call last):
  File "/home/mauricio/github/digimon/main.py", line 42, in <module>
    conn, cur = connect_to_db()
  File "/home/mauricio/github/digimon/main.py", line 27, in connect_to_db
    conn = psycopg2.connect(
  File "/home/mauricio/.local/lib/python3.10/site-packages/psycopg2/__init__.py", line 122, in connect
    conn = _connect(dsn, connection_factory=connection_factory, **kwasync)
psycopg2.OperationalError: connection to server at "192.168.1.131", port 5432 failed: No route to host
	Is the server running on that host and accepting TCP/IP connections?



---- 2025-10-27 00:15:01.436348
Traceback (most recent call last):
  File "/home/mauricio/github/digimon/main.py", line 42, in <module>
    conn, cur = connect_to_db()
  File "/home/mauricio/github/digimon/main.py", line 27, in connect_to_db
    conn = psycopg2.connect(
  File "/home/mauricio/.local/lib/python3.10/site-packages/psycopg2/__init__.py", line 122, in connect
    conn = _connect(dsn, connection_factory=connection_factory, **kwasync)
psycopg2.OperationalError: connection to server at "192.168.1.131", port 5432 failed: No route to host
	Is the server running on that host and accepting TCP/IP connections?



---- 2025-10-27 00:30:01.650538
Traceback (most recent call last):
  File "/home/mauricio/github/digimon/main.py", line 42, in <module>
    conn, cur = connect_to_db()
  File "/home/mauricio/github/digimon/main.py", line 27, in connect_to_db
    conn = psycopg2.connect(
  File "/home/mauricio/.local/lib/python3.10/site-packages/psycopg2/__init__.py", line 122, in connect
    conn = _connect(dsn, connection_factory=connection_factory, **kwasync)
psycopg2.OperationalError: connection to server at "192.168.1.131", port 5432 failed: No route to host
	Is the server running on that host and accepting TCP/IP connections?



---- 2025-10-27 00:45:01.863706
Traceback (most recent call last):
  File "/home/mauricio/github/digimon/main.py", line 42, in <module>
    conn, cur = connect_to_db()
  File "/home/mauricio/github/digimon/main.py", line 27, in connect_to_db
    conn = psycopg2.connect(
  File "/home/mauricio/.local/lib/python3.10/site-packages/psycopg2/__init__.py", line 122, in connect
    conn = _connect(dsn, connection_factory=connection_factory, **kwasync)
psycopg2.OperationalError: connection to server at "192.168.1.131", port 5432 failed: No route to host
	Is the server running on that host and accepting TCP/IP connections?



---- 2025-10-27 01:00:02.088233
Traceback (most recent call last):
  File "/home/mauricio/github/digimon/main.py", line 42, in <module>
    conn, cur = connect_to_db()
  File "/home/mauricio/github/digimon/main.py", line 27, in connect_to_db
    conn = psycopg2.connect(
  File "/home/mauricio/.local/lib/python3.10/site-packages/psycopg2/__init__.py", line 122, in connect
    conn = _connect(dsn, connection_factory=connection_factory, **kwasync)
psycopg2.OperationalError: connection to server at "192.168.1.131", port 5432 failed: No route to host
	Is the server running on that host and accepting TCP/IP connections?



---- 2025-10-27 01:15:01.319866
Traceback (most recent call last):
  File "/home/mauricio/github/digimon/main.py", line 42, in <module>
    conn, cur = connect_to_db()
  File "/home/mauricio/github/digimon/main.py", line 27, in connect_to_db
    conn = psycopg2.connect(
  File "/home/mauricio/.local/lib/python3.10/site-packages/psycopg2/__init__.py", line 122, in connect
    conn = _connect(dsn, connection_factory=connection_factory, **kwasync)
psycopg2.OperationalError: connection to server at "192.168.1.131", port 5432 failed: No route to host
	Is the server running on that host and accepting TCP/IP connections?



---- 2025-10-27 01:30:01.589142
Traceback (most recent call last):
  File "/home/mauricio/github/digimon/main.py", line 42, in <module>
    conn, cur = connect_to_db()
  File "/home/mauricio/github/digimon/main.py", line 27, in connect_to_db
    conn = psycopg2.connect(
  File "/home/mauricio/.local/lib/python3.10/site-packages/psycopg2/__init__.py", line 122, in connect
    conn = _connect(dsn, connection_factory=connection_factory, **kwasync)
psycopg2.OperationalError: connection to server at "192.168.1.131", port 5432 failed: No route to host
	Is the server running on that host and accepting TCP/IP connections?



---- 2025-10-27 01:45:01.813387
Traceback (most recent call last):
  File "/home/mauricio/github/digimon/main.py", line 42, in <module>
    conn, cur = connect_to_db()
  File "/home/mauricio/github/digimon/main.py", line 27, in connect_to_db
    conn = psycopg2.connect(
  File "/home/mauricio/.local/lib/python3.10/site-packages/psycopg2/__init__.py", line 122, in connect
    conn = _connect(dsn, connection_factory=connection_factory, **kwasync)
psycopg2.OperationalError: connection to server at "192.168.1.131", port 5432 failed: No route to host
	Is the server running on that host and accepting TCP/IP connections?



---- 2025-10-27 02:00:02.032970
Traceback (most recent call last):
  File "/home/mauricio/github/digimon/main.py", line 42, in <module>
    conn, cur = connect_to_db()
  File "/home/mauricio/github/digimon/main.py", line 27, in connect_to_db
    conn = psycopg2.connect(
  File "/home/mauricio/.local/lib/python3.10/site-packages/psycopg2/__init__.py", line 122, in connect
    conn = _connect(dsn, connection_factory=connection_factory, **kwasync)
psycopg2.OperationalError: connection to server at "192.168.1.131", port 5432 failed: No route to host
	Is the server running on that host and accepting TCP/IP connections?



---- 2025-10-27 02:15:01.268657
Traceback (most recent call last):
  File "/home/mauricio/github/digimon/main.py", line 42, in <module>
    conn, cur = connect_to_db()
  File "/home/mauricio/github/digimon/main.py", line 27, in connect_to_db
    conn = psycopg2.connect(
  File "/home/mauricio/.local/lib/python3.10/site-packages/psycopg2/__init__.py", line 122, in connect
    conn = _connect(dsn, connection_factory=connection_factory, **kwasync)
psycopg2.OperationalError: connection to server at "192.168.1.131", port 5432 failed: No route to host
	Is the server running on that host and accepting TCP/IP connections?



---- 2025-10-27 02:30:01.524347
Traceback (most recent call last):
  File "/home/mauricio/github/digimon/main.py", line 42, in <module>
    conn, cur = connect_to_db()
  File "/home/mauricio/github/digimon/main.py", line 27, in connect_to_db
    conn = psycopg2.connect(
  File "/home/mauricio/.local/lib/python3.10/site-packages/psycopg2/__init__.py", line 122, in connect
    conn = _connect(dsn, connection_factory=connection_factory, **kwasync)
psycopg2.OperationalError: connection to server at "192.168.1.131", port 5432 failed: No route to host
	Is the server running on that host and accepting TCP/IP connections?



---- 2025-10-27 02:45:01.737155
Traceback (most recent call last):
  File "/home/mauricio/github/digimon/main.py", line 42, in <module>
    conn, cur = connect_to_db()
  File "/home/mauricio/github/digimon/main.py", line 27, in connect_to_db
    conn = psycopg2.connect(
  File "/home/mauricio/.local/lib/python3.10/site-packages/psycopg2/__init__.py", line 122, in connect
    conn = _connect(dsn, connection_factory=connection_factory, **kwasync)
psycopg2.OperationalError: connection to server at "192.168.1.131", port 5432 failed: No route to host
	Is the server running on that host and accepting TCP/IP connections?



---- 2025-10-27 03:00:01.959718
Traceback (most recent call last):
  File "/home/mauricio/github/digimon/main.py", line 42, in <module>
    conn, cur = connect_to_db()
  File "/home/mauricio/github/digimon/main.py", line 27, in connect_to_db
    conn = psycopg2.connect(
  File "/home/mauricio/.local/lib/python3.10/site-packages/psycopg2/__init__.py", line 122, in connect
    conn = _connect(dsn, connection_factory=connection_factory, **kwasync)
psycopg2.OperationalError: connection to server at "192.168.1.131", port 5432 failed: No route to host
	Is the server running on that host and accepting TCP/IP connections?



---- 2025-10-27 03:15:01.204777
Traceback (most recent call last):
  File "/home/mauricio/github/digimon/main.py", line 42, in <module>
    conn, cur = connect_to_db()
  File "/home/mauricio/github/digimon/main.py", line 27, in connect_to_db
    conn = psycopg2.connect(
  File "/home/mauricio/.local/lib/python3.10/site-packages/psycopg2/__init__.py", line 122, in connect
    conn = _connect(dsn, connection_factory=connection_factory, **kwasync)
psycopg2.OperationalError: connection to server at "192.168.1.131", port 5432 failed: No route to host
	Is the server running on that host and accepting TCP/IP connections?



---- 2025-10-27 03:30:01.464616
Traceback (most recent call last):
  File "/home/mauricio/github/digimon/main.py", line 42, in <module>
    conn, cur = connect_to_db()
  File "/home/mauricio/github/digimon/main.py", line 27, in connect_to_db
    conn = psycopg2.connect(
  File "/home/mauricio/.local/lib/python3.10/site-packages/psycopg2/__init__.py", line 122, in connect
    conn = _connect(dsn, connection_factory=connection_factory, **kwasync)
psycopg2.OperationalError: connection to server at "192.168.1.131", port 5432 failed: No route to host
	Is the server running on that host and accepting TCP/IP connections?



---- 2025-10-27 03:45:01.672005
Traceback (most recent call last):
  File "/home/mauricio/github/digimon/main.py", line 42, in <module>
    conn, cur = connect_to_db()
  File "/home/mauricio/github/digimon/main.py", line 27, in connect_to_db
    conn = psycopg2.connect(
  File "/home/mauricio/.local/lib/python3.10/site-packages/psycopg2/__init__.py", line 122, in connect
    conn = _connect(dsn, connection_factory=connection_factory, **kwasync)
psycopg2.OperationalError: connection to server at "192.168.1.131", port 5432 failed: No route to host
	Is the server running on that host and accepting TCP/IP connections?



---- 2025-10-27 04:00:01.906980
Traceback (most recent call last):
  File "/home/mauricio/github/digimon/main.py", line 42, in <module>
    conn, cur = connect_to_db()
  File "/home/mauricio/github/digimon/main.py", line 27, in connect_to_db
    conn = psycopg2.connect(
  File "/home/mauricio/.local/lib/python3.10/site-packages/psycopg2/__init__.py", line 122, in connect
    conn = _connect(dsn, connection_factory=connection_factory, **kwasync)
psycopg2.OperationalError: connection to server at "192.168.1.131", port 5432 failed: No route to host
	Is the server running on that host and accepting TCP/IP connections?



---- 2025-10-27 04:15:01.131305
Traceback (most recent call last):
  File "/home/mauricio/github/digimon/main.py", line 42, in <module>
    conn, cur = connect_to_db()
  File "/home/mauricio/github/digimon/main.py", line 27, in connect_to_db
    conn = psycopg2.connect(
  File "/home/mauricio/.local/lib/python3.10/site-packages/psycopg2/__init__.py", line 122, in connect
    conn = _connect(dsn, connection_factory=connection_factory, **kwasync)
psycopg2.OperationalError: connection to server at "192.168.1.131", port 5432 failed: No route to host
	Is the server running on that host and accepting TCP/IP connections?



---- 2025-10-27 04:30:01.405826
Traceback (most recent call last):
  File "/home/mauricio/github/digimon/main.py", line 42, in <module>
    conn, cur = connect_to_db()
  File "/home/mauricio/github/digimon/main.py", line 27, in connect_to_db
    conn = psycopg2.connect(
  File "/home/mauricio/.local/lib/python3.10/site-packages/psycopg2/__init__.py", line 122, in connect
    conn = _connect(dsn, connection_factory=connection_factory, **kwasync)
psycopg2.OperationalError: connection to server at "192.168.1.131", port 5432 failed: No route to host
	Is the server running on that host and accepting TCP/IP connections?



---- 2025-10-27 04:45:01.613261
Traceback (most recent call last):
  File "/home/mauricio/github/digimon/main.py", line 42, in <module>
    conn, cur = connect_to_db()
  File "/home/mauricio/github/digimon/main.py", line 27, in connect_to_db
    conn = psycopg2.connect(
  File "/home/mauricio/.local/lib/python3.10/site-packages/psycopg2/__init__.py", line 122, in connect
    conn = _connect(dsn, connection_factory=connection_factory, **kwasync)
psycopg2.OperationalError: connection to server at "192.168.1.131", port 5432 failed: No route to host
	Is the server running on that host and accepting TCP/IP connections?



---- 2025-10-27 05:00:01.839568
Traceback (most recent call last):
  File "/home/mauricio/github/digimon/main.py", line 42, in <module>
    conn, cur = connect_to_db()
  File "/home/mauricio/github/digimon/main.py", line 27, in connect_to_db
    conn = psycopg2.connect(
  File "/home/mauricio/.local/lib/python3.10/site-packages/psycopg2/__init__.py", line 122, in connect
    conn = _connect(dsn, connection_factory=connection_factory, **kwasync)
psycopg2.OperationalError: connection to server at "192.168.1.131", port 5432 failed: No route to host
	Is the server running on that host and accepting TCP/IP connections?



---- 2025-10-27 05:15:02.065573
Traceback (most recent call last):
  File "/home/mauricio/github/digimon/main.py", line 42, in <module>
    conn, cur = connect_to_db()
  File "/home/mauricio/github/digimon/main.py", line 27, in connect_to_db
    conn = psycopg2.connect(
  File "/home/mauricio/.local/lib/python3.10/site-packages/psycopg2/__init__.py", line 122, in connect
    conn = _connect(dsn, connection_factory=connection_factory, **kwasync)
psycopg2.OperationalError: connection to server at "192.168.1.131", port 5432 failed: No route to host
	Is the server running on that host and accepting TCP/IP connections?



---- 2025-10-27 05:30:01.290585
Traceback (most recent call last):
  File "/home/mauricio/github/digimon/main.py", line 42, in <module>
    conn, cur = connect_to_db()
  File "/home/mauricio/github/digimon/main.py", line 27, in connect_to_db
    conn = psycopg2.connect(
  File "/home/mauricio/.local/lib/python3.10/site-packages/psycopg2/__init__.py", line 122, in connect
    conn = _connect(dsn, connection_factory=connection_factory, **kwasync)
psycopg2.OperationalError: connection to server at "192.168.1.131", port 5432 failed: No route to host
	Is the server running on that host and accepting TCP/IP connections?



---- 2025-10-27 05:45:01.551618
Traceback (most recent call last):
  File "/home/mauricio/github/digimon/main.py", line 42, in <module>
    conn, cur = connect_to_db()
  File "/home/mauricio/github/digimon/main.py", line 27, in connect_to_db
    conn = psycopg2.connect(
  File "/home/mauricio/.local/lib/python3.10/site-packages/psycopg2/__init__.py", line 122, in connect
    conn = _connect(dsn, connection_factory=connection_factory, **kwasync)
psycopg2.OperationalError: connection to server at "192.168.1.131", port 5432 failed: No route to host
	Is the server running on that host and accepting TCP/IP connections?



---- 2025-10-27 06:00:01.773468
Traceback (most recent call last):
  File "/home/mauricio/github/digimon/main.py", line 42, in <module>
    conn, cur = connect_to_db()
  File "/home/mauricio/github/digimon/main.py", line 27, in connect_to_db
    conn = psycopg2.connect(
  File "/home/mauricio/.local/lib/python3.10/site-packages/psycopg2/__init__.py", line 122, in connect
    conn = _connect(dsn, connection_factory=connection_factory, **kwasync)
psycopg2.OperationalError: connection to server at "192.168.1.131", port 5432 failed: No route to host
	Is the server running on that host and accepting TCP/IP connections?



---- 2025-10-27 06:15:01.993524
Traceback (most recent call last):
  File "/home/mauricio/github/digimon/main.py", line 42, in <module>
    conn, cur = connect_to_db()
  File "/home/mauricio/github/digimon/main.py", line 27, in connect_to_db
    conn = psycopg2.connect(
  File "/home/mauricio/.local/lib/python3.10/site-packages/psycopg2/__init__.py", line 122, in connect
    conn = _connect(dsn, connection_factory=connection_factory, **kwasync)
psycopg2.OperationalError: connection to server at "192.168.1.131", port 5432 failed: No route to host
	Is the server running on that host and accepting TCP/IP connections?



---- 2025-10-27 06:30:01.241689
Traceback (most recent call last):
  File "/home/mauricio/github/digimon/main.py", line 42, in <module>
    conn, cur = connect_to_db()
  File "/home/mauricio/github/digimon/main.py", line 27, in connect_to_db
    conn = psycopg2.connect(
  File "/home/mauricio/.local/lib/python3.10/site-packages/psycopg2/__init__.py", line 122, in connect
    conn = _connect(dsn, connection_factory=connection_factory, **kwasync)
psycopg2.OperationalError: connection to server at "192.168.1.131", port 5432 failed: No route to host
	Is the server running on that host and accepting TCP/IP connections?



---- 2025-10-27 06:45:01.483591
Traceback (most recent call last):
  File "/home/mauricio/github/digimon/main.py", line 42, in <module>
    conn, cur = connect_to_db()
  File "/home/mauricio/github/digimon/main.py", line 27, in connect_to_db
    conn = psycopg2.connect(
  File "/home/mauricio/.local/lib/python3.10/site-packages/psycopg2/__init__.py", line 122, in connect
    conn = _connect(dsn, connection_factory=connection_factory, **kwasync)
psycopg2.OperationalError: connection to server at "192.168.1.131", port 5432 failed: No route to host
	Is the server running on that host and accepting TCP/IP connections?



---- 2025-10-27 07:00:01.708411
Traceback (most recent call last):
  File "/home/mauricio/github/digimon/main.py", line 42, in <module>
    conn, cur = connect_to_db()
  File "/home/mauricio/github/digimon/main.py", line 27, in connect_to_db
    conn = psycopg2.connect(
  File "/home/mauricio/.local/lib/python3.10/site-packages/psycopg2/__init__.py", line 122, in connect
    conn = _connect(dsn, connection_factory=connection_factory, **kwasync)
psycopg2.OperationalError: connection to server at "192.168.1.131", port 5432 failed: No route to host
	Is the server running on that host and accepting TCP/IP connections?



---- 2025-10-27 07:15:01.938372
Traceback (most recent call last):
  File "/home/mauricio/github/digimon/main.py", line 42, in <module>
    conn, cur = connect_to_db()
  File "/home/mauricio/github/digimon/main.py", line 27, in connect_to_db
    conn = psycopg2.connect(
  File "/home/mauricio/.local/lib/python3.10/site-packages/psycopg2/__init__.py", line 122, in connect
    conn = _connect(dsn, connection_factory=connection_factory, **kwasync)
psycopg2.OperationalError: connection to server at "192.168.1.131", port 5432 failed: No route to host
	Is the server running on that host and accepting TCP/IP connections?



---- 2025-10-27 07:30:01.168992
Traceback (most recent call last):
  File "/home/mauricio/github/digimon/main.py", line 42, in <module>
    conn, cur = connect_to_db()
  File "/home/mauricio/github/digimon/main.py", line 27, in connect_to_db
    conn = psycopg2.connect(
  File "/home/mauricio/.local/lib/python3.10/site-packages/psycopg2/__init__.py", line 122, in connect
    conn = _connect(dsn, connection_factory=connection_factory, **kwasync)
psycopg2.OperationalError: connection to server at "192.168.1.131", port 5432 failed: No route to host
	Is the server running on that host and accepting TCP/IP connections?



---- 2025-10-27 07:45:01.418212
Traceback (most recent call last):
  File "/home/mauricio/github/digimon/main.py", line 42, in <module>
    conn, cur = connect_to_db()
  File "/home/mauricio/github/digimon/main.py", line 27, in connect_to_db
    conn = psycopg2.connect(
  File "/home/mauricio/.local/lib/python3.10/site-packages/psycopg2/__init__.py", line 122, in connect
    conn = _connect(dsn, connection_factory=connection_factory, **kwasync)
psycopg2.OperationalError: connection to server at "192.168.1.131", port 5432 failed: No route to host
	Is the server running on that host and accepting TCP/IP connections?



---- 2025-10-27 08:00:01.648100
Traceback (most recent call last):
  File "/home/mauricio/github/digimon/main.py", line 42, in <module>
    conn, cur = connect_to_db()
  File "/home/mauricio/github/digimon/main.py", line 27, in connect_to_db
    conn = psycopg2.connect(
  File "/home/mauricio/.local/lib/python3.10/site-packages/psycopg2/__init__.py", line 122, in connect
    conn = _connect(dsn, connection_factory=connection_factory, **kwasync)
psycopg2.OperationalError: connection to server at "192.168.1.131", port 5432 failed: No route to host
	Is the server running on that host and accepting TCP/IP connections?



---- 2025-10-27 08:15:01.864159
Traceback (most recent call last):
  File "/home/mauricio/github/digimon/main.py", line 42, in <module>
    conn, cur = connect_to_db()
  File "/home/mauricio/github/digimon/main.py", line 27, in connect_to_db
    conn = psycopg2.connect(
  File "/home/mauricio/.local/lib/python3.10/site-packages/psycopg2/__init__.py", line 122, in connect
    conn = _connect(dsn, connection_factory=connection_factory, **kwasync)
psycopg2.OperationalError: connection to server at "192.168.1.131", port 5432 failed: No route to host
	Is the server running on that host and accepting TCP/IP connections?



---- 2025-10-27 08:30:02.105600
Traceback (most recent call last):
  File "/home/mauricio/github/digimon/main.py", line 42, in <module>
    conn, cur = connect_to_db()
  File "/home/mauricio/github/digimon/main.py", line 27, in connect_to_db
    conn = psycopg2.connect(
  File "/home/mauricio/.local/lib/python3.10/site-packages/psycopg2/__init__.py", line 122, in connect
    conn = _connect(dsn, connection_factory=connection_factory, **kwasync)
psycopg2.OperationalError: connection to server at "192.168.1.131", port 5432 failed: No route to host
	Is the server running on that host and accepting TCP/IP connections?



---- 2025-10-27 08:45:01.313629
Traceback (most recent call last):
  File "/home/mauricio/github/digimon/main.py", line 42, in <module>
    conn, cur = connect_to_db()
  File "/home/mauricio/github/digimon/main.py", line 27, in connect_to_db
    conn = psycopg2.connect(
  File "/home/mauricio/.local/lib/python3.10/site-packages/psycopg2/__init__.py", line 122, in connect
    conn = _connect(dsn, connection_factory=connection_factory, **kwasync)
psycopg2.OperationalError: connection to server at "192.168.1.131", port 5432 failed: No route to host
	Is the server running on that host and accepting TCP/IP connections?



---- 2025-10-27 09:00:01.515461
Traceback (most recent call last):
  File "/home/mauricio/github/digimon/main.py", line 42, in <module>
    conn, cur = connect_to_db()
  File "/home/mauricio/github/digimon/main.py", line 27, in connect_to_db
    conn = psycopg2.connect(
  File "/home/mauricio/.local/lib/python3.10/site-packages/psycopg2/__init__.py", line 122, in connect
    conn = _connect(dsn, connection_factory=connection_factory, **kwasync)
psycopg2.OperationalError: connection to server at "192.168.1.131", port 5432 failed: No route to host
	Is the server running on that host and accepting TCP/IP connections?



---- 2025-10-27 09:15:01.738991
Traceback (most recent call last):
  File "/home/mauricio/github/digimon/main.py", line 42, in <module>
    conn, cur = connect_to_db()
  File "/home/mauricio/github/digimon/main.py", line 27, in connect_to_db
    conn = psycopg2.connect(
  File "/home/mauricio/.local/lib/python3.10/site-packages/psycopg2/__init__.py", line 122, in connect
    conn = _connect(dsn, connection_factory=connection_factory, **kwasync)
psycopg2.OperationalError: connection to server at "192.168.1.131", port 5432 failed: No route to host
	Is the server running on that host and accepting TCP/IP connections?



---- 2025-10-27 09:30:01.976351
Traceback (most recent call last):
  File "/home/mauricio/github/digimon/main.py", line 42, in <module>
    conn, cur = connect_to_db()
  File "/home/mauricio/github/digimon/main.py", line 27, in connect_to_db
    conn = psycopg2.connect(
  File "/home/mauricio/.local/lib/python3.10/site-packages/psycopg2/__init__.py", line 122, in connect
    conn = _connect(dsn, connection_factory=connection_factory, **kwasync)
psycopg2.OperationalError: connection to server at "192.168.1.131", port 5432 failed: No route to host
	Is the server running on that host and accepting TCP/IP connections?



---- 2025-10-27 09:45:01.191504
Traceback (most recent call last):
  File "/home/mauricio/github/digimon/main.py", line 42, in <module>
    conn, cur = connect_to_db()
  File "/home/mauricio/github/digimon/main.py", line 27, in connect_to_db
    conn = psycopg2.connect(
  File "/home/mauricio/.local/lib/python3.10/site-packages/psycopg2/__init__.py", line 122, in connect
    conn = _connect(dsn, connection_factory=connection_factory, **kwasync)
psycopg2.OperationalError: connection to server at "192.168.1.131", port 5432 failed: No route to host
	Is the server running on that host and accepting TCP/IP connections?



---- 2025-10-27 10:00:01.459658
Traceback (most recent call last):
  File "/home/mauricio/github/digimon/main.py", line 42, in <module>
    conn, cur = connect_to_db()
  File "/home/mauricio/github/digimon/main.py", line 27, in connect_to_db
    conn = psycopg2.connect(
  File "/home/mauricio/.local/lib/python3.10/site-packages/psycopg2/__init__.py", line 122, in connect
    conn = _connect(dsn, connection_factory=connection_factory, **kwasync)
psycopg2.OperationalError: connection to server at "192.168.1.131", port 5432 failed: No route to host
	Is the server running on that host and accepting TCP/IP connections?



---- 2025-10-27 10:15:01.681104
Traceback (most recent call last):
  File "/home/mauricio/github/digimon/main.py", line 42, in <module>
    conn, cur = connect_to_db()
  File "/home/mauricio/github/digimon/main.py", line 27, in connect_to_db
    conn = psycopg2.connect(
  File "/home/mauricio/.local/lib/python3.10/site-packages/psycopg2/__init__.py", line 122, in connect
    conn = _connect(dsn, connection_factory=connection_factory, **kwasync)
psycopg2.OperationalError: connection to server at "192.168.1.131", port 5432 failed: No route to host
	Is the server running on that host and accepting TCP/IP connections?



---- 2025-10-27 10:30:01.919347
Traceback (most recent call last):
  File "/home/mauricio/github/digimon/main.py", line 42, in <module>
    conn, cur = connect_to_db()
  File "/home/mauricio/github/digimon/main.py", line 27, in connect_to_db
    conn = psycopg2.connect(
  File "/home/mauricio/.local/lib/python3.10/site-packages/psycopg2/__init__.py", line 122, in connect
    conn = _connect(dsn, connection_factory=connection_factory, **kwasync)
psycopg2.OperationalError: connection to server at "192.168.1.131", port 5432 failed: No route to host
	Is the server running on that host and accepting TCP/IP connections?



---- 2025-10-27 10:45:01.121898
Traceback (most recent call last):
  File "/home/mauricio/github/digimon/main.py", line 42, in <module>
    conn, cur = connect_to_db()
  File "/home/mauricio/github/digimon/main.py", line 27, in connect_to_db
    conn = psycopg2.connect(
  File "/home/mauricio/.local/lib/python3.10/site-packages/psycopg2/__init__.py", line 122, in connect
    conn = _connect(dsn, connection_factory=connection_factory, **kwasync)
psycopg2.OperationalError: connection to server at "192.168.1.131", port 5432 failed: No route to host
	Is the server running on that host and accepting TCP/IP connections?



---- 2025-10-27 19:45:01.520664
Traceback (most recent call last):
  File "/home/mauricio/github/digimon/main.py", line 42, in <module>
    conn, cur = connect_to_db()
  File "/home/mauricio/github/digimon/main.py", line 27, in connect_to_db
    conn = psycopg2.connect(
  File "/home/mauricio/.local/lib/python3.10/site-packages/psycopg2/__init__.py", line 122, in connect
    conn = _connect(dsn, connection_factory=connection_factory, **kwasync)
psycopg2.OperationalError: connection to server at "192.168.1.131", port 5432 failed: No route to host
	Is the server running on that host and accepting TCP/IP connections?



---- 2025-10-27 20:00:01.795211
Traceback (most recent call last):
  File "/home/mauricio/github/digimon/main.py", line 42, in <module>
    conn, cur = connect_to_db()
  File "/home/mauricio/github/digimon/main.py", line 27, in connect_to_db
    conn = psycopg2.connect(
  File "/home/mauricio/.local/lib/python3.10/site-packages/psycopg2/__init__.py", line 122, in connect
    conn = _connect(dsn, connection_factory=connection_factory, **kwasync)
psycopg2.OperationalError: connection to server at "192.168.1.131", port 5432 failed: No route to host
	Is the server running on that host and accepting TCP/IP connections?



---- 2025-10-27 22:15:01.350502
Traceback (most recent call last):
  File "/home/mauricio/github/digimon/main.py", line 42, in <module>
    conn, cur = connect_to_db()
  File "/home/mauricio/github/digimon/main.py", line 27, in connect_to_db
    conn = psycopg2.connect(
  File "/home/mauricio/.local/lib/python3.10/site-packages/psycopg2/__init__.py", line 122, in connect
    conn = _connect(dsn, connection_factory=connection_factory, **kwasync)
psycopg2.OperationalError: connection to server at "192.168.1.131", port 5432 failed: No route to host
	Is the server running on that host and accepting TCP/IP connections?



---- 2025-10-27 22:30:01.636889
Traceback (most recent call last):
  File "/home/mauricio/github/digimon/main.py", line 42, in <module>
    conn, cur = connect_to_db()
  File "/home/mauricio/github/digimon/main.py", line 27, in connect_to_db
    conn = psycopg2.connect(
  File "/home/mauricio/.local/lib/python3.10/site-packages/psycopg2/__init__.py", line 122, in connect
    conn = _connect(dsn, connection_factory=connection_factory, **kwasync)
psycopg2.OperationalError: connection to server at "192.168.1.131", port 5432 failed: No route to host
	Is the server running on that host and accepting TCP/IP connections?



---- 2025-10-27 22:45:01.893608
Traceback (most recent call last):
  File "/home/mauricio/github/digimon/main.py", line 42, in <module>
    conn, cur = connect_to_db()
  File "/home/mauricio/github/digimon/main.py", line 27, in connect_to_db
    conn = psycopg2.connect(
  File "/home/mauricio/.local/lib/python3.10/site-packages/psycopg2/__init__.py", line 122, in connect
    conn = _connect(dsn, connection_factory=connection_factory, **kwasync)
psycopg2.OperationalError: connection to server at "192.168.1.131", port 5432 failed: No route to host
	Is the server running on that host and accepting TCP/IP connections?



---- 2025-10-27 23:00:02.122097
Traceback (most recent call last):
  File "/home/mauricio/github/digimon/main.py", line 42, in <module>
    conn, cur = connect_to_db()
  File "/home/mauricio/github/digimon/main.py", line 27, in connect_to_db
    conn = psycopg2.connect(
  File "/home/mauricio/.local/lib/python3.10/site-packages/psycopg2/__init__.py", line 122, in connect
    conn = _connect(dsn, connection_factory=connection_factory, **kwasync)
psycopg2.OperationalError: connection to server at "192.168.1.131", port 5432 failed: No route to host
	Is the server running on that host and accepting TCP/IP connections?



---- 2025-10-27 23:15:01.334275
Traceback (most recent call last):
  File "/home/mauricio/github/digimon/main.py", line 42, in <module>
    conn, cur = connect_to_db()
  File "/home/mauricio/github/digimon/main.py", line 27, in connect_to_db
    conn = psycopg2.connect(
  File "/home/mauricio/.local/lib/python3.10/site-packages/psycopg2/__init__.py", line 122, in connect
    conn = _connect(dsn, connection_factory=connection_factory, **kwasync)
psycopg2.OperationalError: connection to server at "192.168.1.131", port 5432 failed: No route to host
	Is the server running on that host and accepting TCP/IP connections?



---- 2025-10-27 23:30:01.548680
Traceback (most recent call last):
  File "/home/mauricio/github/digimon/main.py", line 42, in <module>
    conn, cur = connect_to_db()
  File "/home/mauricio/github/digimon/main.py", line 27, in connect_to_db
    conn = psycopg2.connect(
  File "/home/mauricio/.local/lib/python3.10/site-packages/psycopg2/__init__.py", line 122, in connect
    conn = _connect(dsn, connection_factory=connection_factory, **kwasync)
psycopg2.OperationalError: connection to server at "192.168.1.131", port 5432 failed: No route to host
	Is the server running on that host and accepting TCP/IP connections?



---- 2025-10-27 23:45:01.762295
Traceback (most recent call last):
  File "/home/mauricio/github/digimon/main.py", line 42, in <module>
    conn, cur = connect_to_db()
  File "/home/mauricio/github/digimon/main.py", line 27, in connect_to_db
    conn = psycopg2.connect(
  File "/home/mauricio/.local/lib/python3.10/site-packages/psycopg2/__init__.py", line 122, in connect
    conn = _connect(dsn, connection_factory=connection_factory, **kwasync)
psycopg2.OperationalError: connection to server at "192.168.1.131", port 5432 failed: No route to host
	Is the server running on that host and accepting TCP/IP connections?



---- 2025-10-28 00:00:01.999687
Traceback (most recent call last):
  File "/home/mauricio/github/digimon/main.py", line 42, in <module>
    conn, cur = connect_to_db()
  File "/home/mauricio/github/digimon/main.py", line 27, in connect_to_db
    conn = psycopg2.connect(
  File "/home/mauricio/.local/lib/python3.10/site-packages/psycopg2/__init__.py", line 122, in connect
    conn = _connect(dsn, connection_factory=connection_factory, **kwasync)
psycopg2.OperationalError: connection to server at "192.168.1.131", port 5432 failed: No route to host
	Is the server running on that host and accepting TCP/IP connections?



---- 2025-10-28 00:15:01.207808
Traceback (most recent call last):
  File "/home/mauricio/github/digimon/main.py", line 42, in <module>
    conn, cur = connect_to_db()
  File "/home/mauricio/github/digimon/main.py", line 27, in connect_to_db
    conn = psycopg2.connect(
  File "/home/mauricio/.local/lib/python3.10/site-packages/psycopg2/__init__.py", line 122, in connect
    conn = _connect(dsn, connection_factory=connection_factory, **kwasync)
psycopg2.OperationalError: connection to server at "192.168.1.131", port 5432 failed: No route to host
	Is the server running on that host and accepting TCP/IP connections?



---- 2025-10-28 00:30:01.437920
Traceback (most recent call last):
  File "/home/mauricio/github/digimon/main.py", line 42, in <module>
    conn, cur = connect_to_db()
  File "/home/mauricio/github/digimon/main.py", line 27, in connect_to_db
    conn = psycopg2.connect(
  File "/home/mauricio/.local/lib/python3.10/site-packages/psycopg2/__init__.py", line 122, in connect
    conn = _connect(dsn, connection_factory=connection_factory, **kwasync)
psycopg2.OperationalError: connection to server at "192.168.1.131", port 5432 failed: No route to host
	Is the server running on that host and accepting TCP/IP connections?



---- 2025-10-29 00:00:01.366890
Traceback (most recent call last):
  File "/home/mauricio/github/digimon/main.py", line 42, in <module>
    conn, cur = connect_to_db()
  File "/home/mauricio/github/digimon/main.py", line 27, in connect_to_db
    conn = psycopg2.connect(
  File "/home/mauricio/.local/lib/python3.10/site-packages/psycopg2/__init__.py", line 122, in connect
    conn = _connect(dsn, connection_factory=connection_factory, **kwasync)
psycopg2.OperationalError: connection to server at "192.168.1.131", port 5432 failed: No route to host
	Is the server running on that host and accepting TCP/IP connections?



---- 2025-10-29 00:15:01.627836
Traceback (most recent call last):
  File "/home/mauricio/github/digimon/main.py", line 42, in <module>
    conn, cur = connect_to_db()
  File "/home/mauricio/github/digimon/main.py", line 27, in connect_to_db
    conn = psycopg2.connect(
  File "/home/mauricio/.local/lib/python3.10/site-packages/psycopg2/__init__.py", line 122, in connect
    conn = _connect(dsn, connection_factory=connection_factory, **kwasync)
psycopg2.OperationalError: connection to server at "192.168.1.131", port 5432 failed: No route to host
	Is the server running on that host and accepting TCP/IP connections?



---- 2025-10-29 00:30:01.920067
Traceback (most recent call last):
  File "/home/mauricio/github/digimon/main.py", line 42, in <module>
    conn, cur = connect_to_db()
  File "/home/mauricio/github/digimon/main.py", line 27, in connect_to_db
    conn = psycopg2.connect(
  File "/home/mauricio/.local/lib/python3.10/site-packages/psycopg2/__init__.py", line 122, in connect
    conn = _connect(dsn, connection_factory=connection_factory, **kwasync)
psycopg2.OperationalError: connection to server at "192.168.1.131", port 5432 failed: No route to host
	Is the server running on that host and accepting TCP/IP connections?



---- 2025-10-29 00:45:01.166772
Traceback (most recent call last):
  File "/home/mauricio/github/digimon/main.py", line 42, in <module>
    conn, cur = connect_to_db()
  File "/home/mauricio/github/digimon/main.py", line 27, in connect_to_db
    conn = psycopg2.connect(
  File "/home/mauricio/.local/lib/python3.10/site-packages/psycopg2/__init__.py", line 122, in connect
    conn = _connect(dsn, connection_factory=connection_factory, **kwasync)
psycopg2.OperationalError: connection to server at "192.168.1.131", port 5432 failed: No route to host
	Is the server running on that host and accepting TCP/IP connections?



---- 2025-10-29 01:00:01.399950
Traceback (most recent call last):
  File "/home/mauricio/github/digimon/main.py", line 42, in <module>
    conn, cur = connect_to_db()
  File "/home/mauricio/github/digimon/main.py", line 27, in connect_to_db
    conn = psycopg2.connect(
  File "/home/mauricio/.local/lib/python3.10/site-packages/psycopg2/__init__.py", line 122, in connect
    conn = _connect(dsn, connection_factory=connection_factory, **kwasync)
psycopg2.OperationalError: connection to server at "192.168.1.131", port 5432 failed: No route to host
	Is the server running on that host and accepting TCP/IP connections?



---- 2025-10-29 01:15:01.612623
Traceback (most recent call last):
  File "/home/mauricio/github/digimon/main.py", line 42, in <module>
    conn, cur = connect_to_db()
  File "/home/mauricio/github/digimon/main.py", line 27, in connect_to_db
    conn = psycopg2.connect(
  File "/home/mauricio/.local/lib/python3.10/site-packages/psycopg2/__init__.py", line 122, in connect
    conn = _connect(dsn, connection_factory=connection_factory, **kwasync)
psycopg2.OperationalError: connection to server at "192.168.1.131", port 5432 failed: No route to host
	Is the server running on that host and accepting TCP/IP connections?



---- 2025-10-29 01:45:01.498007
Traceback (most recent call last):
  File "/home/mauricio/github/digimon/main.py", line 42, in <module>
    conn, cur = connect_to_db()
  File "/home/mauricio/github/digimon/main.py", line 27, in connect_to_db
    conn = psycopg2.connect(
  File "/home/mauricio/.local/lib/python3.10/site-packages/psycopg2/__init__.py", line 122, in connect
    conn = _connect(dsn, connection_factory=connection_factory, **kwasync)
psycopg2.OperationalError: connection to server at "192.168.1.131", port 5432 failed: No route to host
	Is the server running on that host and accepting TCP/IP connections?



---- 2025-10-30 01:00:01.350906
Traceback (most recent call last):
  File "/home/mauricio/github/digimon/main.py", line 42, in <module>
    conn, cur = connect_to_db()
  File "/home/mauricio/github/digimon/main.py", line 27, in connect_to_db
    conn = psycopg2.connect(
  File "/home/mauricio/.local/lib/python3.10/site-packages/psycopg2/__init__.py", line 122, in connect
    conn = _connect(dsn, connection_factory=connection_factory, **kwasync)
psycopg2.OperationalError: connection to server at "192.168.1.131", port 5432 failed: No route to host
	Is the server running on that host and accepting TCP/IP connections?



---- 2025-10-30 01:15:01.626618
Traceback (most recent call last):
  File "/home/mauricio/github/digimon/main.py", line 42, in <module>
    conn, cur = connect_to_db()
  File "/home/mauricio/github/digimon/main.py", line 27, in connect_to_db
    conn = psycopg2.connect(
  File "/home/mauricio/.local/lib/python3.10/site-packages/psycopg2/__init__.py", line 122, in connect
    conn = _connect(dsn, connection_factory=connection_factory, **kwasync)
psycopg2.OperationalError: connection to server at "192.168.1.131", port 5432 failed: No route to host
	Is the server running on that host and accepting TCP/IP connections?



---- 2025-10-30 01:30:01.839156
Current day is 2025-10-30
100
HP is 100
XP is 0
Level is 0
Wallpaper set to: /home/mauricio/github/digimon/wallpapers/tmp_wallpaper.jpg


---- 2025-10-30 01:45:01.884018
Current day is 2025-10-30
100
HP is 100
XP is 0
Level is 0
Wallpaper set to: /home/mauricio/github/digimon/wallpapers/tmp_wallpaper.jpg


---- 2025-10-30 02:00:01.233783
Current day is 2025-10-30
100
HP is 100
XP is 0
Level is 0
Wallpaper set to: /home/mauricio/github/digimon/wallpapers/tmp_wallpaper.jpg


---- 2025-10-30 02:15:01.940409
Current day is 2025-10-30
100
HP is 100
XP is 0
Level is 0
Wallpaper set to: /home/mauricio/github/digimon/wallpapers/tmp_wallpaper.jpg


---- 2025-10-30 02:30:01.738193
Current day is 2025-10-30
100
HP is 100
XP is 0
Level is 0
Wallpaper set to: /home/mauricio/github/digimon/wallpapers/tmp_wallpaper.jpg


---- 2025-10-30 18:30:01.347445
Traceback (most recent call last):
  File "/home/mauricio/github/digimon/main.py", line 42, in <module>
    conn, cur = connect_to_db()
  File "/home/mauricio/github/digimon/main.py", line 27, in connect_to_db
    conn = psycopg2.connect(
  File "/home/mauricio/.local/lib/python3.10/site-packages/psycopg2/__init__.py", line 122, in connect
    conn = _connect(dsn, connection_factory=connection_factory, **kwasync)
psycopg2.OperationalError: connection to server at "192.168.1.131", port 5432 failed: No route to host
	Is the server running on that host and accepting TCP/IP connections?



---- 2025-10-30 18:45:01.606106
Traceback (most recent call last):
  File "/home/mauricio/github/digimon/main.py", line 42, in <module>
    conn, cur = connect_to_db()
  File "/home/mauricio/github/digimon/main.py", line 27, in connect_to_db
    conn = psycopg2.connect(
  File "/home/mauricio/.local/lib/python3.10/site-packages/psycopg2/__init__.py", line 122, in connect
    conn = _connect(dsn, connection_factory=connection_factory, **kwasync)
psycopg2.OperationalError: connection to server at "192.168.1.131", port 5432 failed: No route to host
	Is the server running on that host and accepting TCP/IP connections?



---- 2025-10-30 19:00:01.886048
Traceback (most recent call last):
  File "/home/mauricio/github/digimon/main.py", line 42, in <module>
    conn, cur = connect_to_db()
  File "/home/mauricio/github/digimon/main.py", line 27, in connect_to_db
    conn = psycopg2.connect(
  File "/home/mauricio/.local/lib/python3.10/site-packages/psycopg2/__init__.py", line 122, in connect
    conn = _connect(dsn, connection_factory=connection_factory, **kwasync)
psycopg2.OperationalError: connection to server at "192.168.1.131", port 5432 failed: No route to host
	Is the server running on that host and accepting TCP/IP connections?



---- 2025-10-30 19:15:01.168921
Traceback (most recent call last):
  File "/home/mauricio/github/digimon/main.py", line 42, in <module>
    conn, cur = connect_to_db()
  File "/home/mauricio/github/digimon/main.py", line 27, in connect_to_db
    conn = psycopg2.connect(
  File "/home/mauricio/.local/lib/python3.10/site-packages/psycopg2/__init__.py", line 122, in connect
    conn = _connect(dsn, connection_factory=connection_factory, **kwasync)
psycopg2.OperationalError: connection to server at "192.168.1.131", port 5432 failed: No route to host
	Is the server running on that host and accepting TCP/IP connections?



---- 2025-10-30 19:30:01.468832
Traceback (most recent call last):
  File "/home/mauricio/github/digimon/main.py", line 42, in <module>
    conn, cur = connect_to_db()
  File "/home/mauricio/github/digimon/main.py", line 27, in connect_to_db
    conn = psycopg2.connect(
  File "/home/mauricio/.local/lib/python3.10/site-packages/psycopg2/__init__.py", line 122, in connect
    conn = _connect(dsn, connection_factory=connection_factory, **kwasync)
psycopg2.OperationalError: connection to server at "192.168.1.131", port 5432 failed: No route to host
	Is the server running on that host and accepting TCP/IP connections?



---- 2025-10-30 19:45:01.729670
Traceback (most recent call last):
  File "/home/mauricio/github/digimon/main.py", line 42, in <module>
    conn, cur = connect_to_db()
  File "/home/mauricio/github/digimon/main.py", line 27, in connect_to_db
    conn = psycopg2.connect(
  File "/home/mauricio/.local/lib/python3.10/site-packages/psycopg2/__init__.py", line 122, in connect
    conn = _connect(dsn, connection_factory=connection_factory, **kwasync)
psycopg2.OperationalError: connection to server at "192.168.1.131", port 5432 failed: No route to host
	Is the server running on that host and accepting TCP/IP connections?



---- 2025-10-30 22:30:01.353697
Traceback (most recent call last):
  File "/home/mauricio/github/digimon/main.py", line 42, in <module>
    conn, cur = connect_to_db()
  File "/home/mauricio/github/digimon/main.py", line 27, in connect_to_db
    conn = psycopg2.connect(
  File "/home/mauricio/.local/lib/python3.10/site-packages/psycopg2/__init__.py", line 122, in connect
    conn = _connect(dsn, connection_factory=connection_factory, **kwasync)
psycopg2.OperationalError: connection to server at "192.168.1.131", port 5432 failed: No route to host
	Is the server running on that host and accepting TCP/IP connections?



---- 2025-10-30 22:45:01.644149
Traceback (most recent call last):
  File "/home/mauricio/github/digimon/main.py", line 42, in <module>
    conn, cur = connect_to_db()
  File "/home/mauricio/github/digimon/main.py", line 27, in connect_to_db
    conn = psycopg2.connect(
  File "/home/mauricio/.local/lib/python3.10/site-packages/psycopg2/__init__.py", line 122, in connect
    conn = _connect(dsn, connection_factory=connection_factory, **kwasync)
psycopg2.OperationalError: connection to server at "192.168.1.131", port 5432 failed: No route to host
	Is the server running on that host and accepting TCP/IP connections?



---- 2025-10-30 23:00:01.920333
Traceback (most recent call last):
  File "/home/mauricio/github/digimon/main.py", line 42, in <module>
    conn, cur = connect_to_db()
  File "/home/mauricio/github/digimon/main.py", line 27, in connect_to_db
    conn = psycopg2.connect(
  File "/home/mauricio/.local/lib/python3.10/site-packages/psycopg2/__init__.py", line 122, in connect
    conn = _connect(dsn, connection_factory=connection_factory, **kwasync)
psycopg2.OperationalError: connection to server at "192.168.1.131", port 5432 failed: No route to host
	Is the server running on that host and accepting TCP/IP connections?



---- 2025-10-30 23:15:01.220306
Traceback (most recent call last):
  File "/home/mauricio/github/digimon/main.py", line 42, in <module>
    conn, cur = connect_to_db()
  File "/home/mauricio/github/digimon/main.py", line 27, in connect_to_db
    conn = psycopg2.connect(
  File "/home/mauricio/.local/lib/python3.10/site-packages/psycopg2/__init__.py", line 122, in connect
    conn = _connect(dsn, connection_factory=connection_factory, **kwasync)
psycopg2.OperationalError: connection to server at "192.168.1.131", port 5432 failed: No route to host
	Is the server running on that host and accepting TCP/IP connections?



---- 2025-10-30 23:30:01.492757
Traceback (most recent call last):
  File "/home/mauricio/github/digimon/main.py", line 42, in <module>
    conn, cur = connect_to_db()
  File "/home/mauricio/github/digimon/main.py", line 27, in connect_to_db
    conn = psycopg2.connect(
  File "/home/mauricio/.local/lib/python3.10/site-packages/psycopg2/__init__.py", line 122, in connect
    conn = _connect(dsn, connection_factory=connection_factory, **kwasync)
psycopg2.OperationalError: connection to server at "192.168.1.131", port 5432 failed: No route to host
	Is the server running on that host and accepting TCP/IP connections?



---- 2025-10-30 23:45:01.729046
Traceback (most recent call last):
  File "/home/mauricio/github/digimon/main.py", line 42, in <module>
    conn, cur = connect_to_db()
  File "/home/mauricio/github/digimon/main.py", line 27, in connect_to_db
    conn = psycopg2.connect(
  File "/home/mauricio/.local/lib/python3.10/site-packages/psycopg2/__init__.py", line 122, in connect
    conn = _connect(dsn, connection_factory=connection_factory, **kwasync)
psycopg2.OperationalError: connection to server at "192.168.1.131", port 5432 failed: No route to host
	Is the server running on that host and accepting TCP/IP connections?



---- 2025-10-31 00:00:01.973765
Traceback (most recent call last):
  File "/home/mauricio/github/digimon/main.py", line 42, in <module>
    conn, cur = connect_to_db()
  File "/home/mauricio/github/digimon/main.py", line 27, in connect_to_db
    conn = psycopg2.connect(
  File "/home/mauricio/.local/lib/python3.10/site-packages/psycopg2/__init__.py", line 122, in connect
    conn = _connect(dsn, connection_factory=connection_factory, **kwasync)
psycopg2.OperationalError: connection to server at "192.168.1.131", port 5432 failed: No route to host
	Is the server running on that host and accepting TCP/IP connections?



---- 2025-10-31 00:15:01.204717
Traceback (most recent call last):
  File "/home/mauricio/github/digimon/main.py", line 42, in <module>
    conn, cur = connect_to_db()
  File "/home/mauricio/github/digimon/main.py", line 27, in connect_to_db
    conn = psycopg2.connect(
  File "/home/mauricio/.local/lib/python3.10/site-packages/psycopg2/__init__.py", line 122, in connect
    conn = _connect(dsn, connection_factory=connection_factory, **kwasync)
psycopg2.OperationalError: connection to server at "192.168.1.131", port 5432 failed: No route to host
	Is the server running on that host and accepting TCP/IP connections?



---- 2025-10-31 00:30:01.474236
Traceback (most recent call last):
  File "/home/mauricio/github/digimon/main.py", line 42, in <module>
    conn, cur = connect_to_db()
  File "/home/mauricio/github/digimon/main.py", line 27, in connect_to_db
    conn = psycopg2.connect(
  File "/home/mauricio/.local/lib/python3.10/site-packages/psycopg2/__init__.py", line 122, in connect
    conn = _connect(dsn, connection_factory=connection_factory, **kwasync)
psycopg2.OperationalError: connection to server at "192.168.1.131", port 5432 failed: No route to host
	Is the server running on that host and accepting TCP/IP connections?



---- 2025-10-31 00:45:01.761793
Traceback (most recent call last):
  File "/home/mauricio/github/digimon/main.py", line 42, in <module>
    conn, cur = connect_to_db()
  File "/home/mauricio/github/digimon/main.py", line 27, in connect_to_db
    conn = psycopg2.connect(
  File "/home/mauricio/.local/lib/python3.10/site-packages/psycopg2/__init__.py", line 122, in connect
    conn = _connect(dsn, connection_factory=connection_factory, **kwasync)
psycopg2.OperationalError: connection to server at "192.168.1.131", port 5432 failed: No route to host
	Is the server running on that host and accepting TCP/IP connections?



---- 2025-10-31 01:00:02.051937
Current day is 2025-10-30
100
Current day is 2025-10-31
-20
Inserted a new reset row.
Current day is 2025-10-31
100
HP is 100
XP is 0
Level is 0
HP is -20
XP is -95
Level is 0
Wallpaper set to: /home/mauricio/github/digimon/wallpapers/tmp_wallpaper.jpg


---- 2025-10-31 01:15:02.071341
Current day is 2025-10-31
100
HP is 100
XP is 0
Level is 0
Wallpaper set to: /home/mauricio/github/digimon/wallpapers/tmp_wallpaper.jpg


---- 2025-10-31 01:30:01.558010
Traceback (most recent call last):
  File "/home/mauricio/github/digimon/main.py", line 42, in <module>
    conn, cur = connect_to_db()
  File "/home/mauricio/github/digimon/main.py", line 27, in connect_to_db
    conn = psycopg2.connect(
  File "/home/mauricio/.local/lib/python3.10/site-packages/psycopg2/__init__.py", line 122, in connect
    conn = _connect(dsn, connection_factory=connection_factory, **kwasync)
psycopg2.OperationalError: connection to server at "192.168.1.131", port 5432 failed: No route to host
	Is the server running on that host and accepting TCP/IP connections?



---- 2025-10-31 02:15:01.426374
Traceback (most recent call last):
  File "/home/mauricio/github/digimon/main.py", line 42, in <module>
    conn, cur = connect_to_db()
  File "/home/mauricio/github/digimon/main.py", line 27, in connect_to_db
    conn = psycopg2.connect(
  File "/home/mauricio/.local/lib/python3.10/site-packages/psycopg2/__init__.py", line 122, in connect
    conn = _connect(dsn, connection_factory=connection_factory, **kwasync)
psycopg2.OperationalError: connection to server at "192.168.1.131", port 5432 failed: No route to host
	Is the server running on that host and accepting TCP/IP connections?



---- 2025-10-31 02:30:01.730479
Traceback (most recent call last):
  File "/home/mauricio/github/digimon/main.py", line 42, in <module>
    conn, cur = connect_to_db()
  File "/home/mauricio/github/digimon/main.py", line 27, in connect_to_db
    conn = psycopg2.connect(
  File "/home/mauricio/.local/lib/python3.10/site-packages/psycopg2/__init__.py", line 122, in connect
    conn = _connect(dsn, connection_factory=connection_factory, **kwasync)
psycopg2.OperationalError: connection to server at "192.168.1.131", port 5432 failed: No route to host
	Is the server running on that host and accepting TCP/IP connections?



---- 2025-10-31 02:45:01.985942
Traceback (most recent call last):
  File "/home/mauricio/github/digimon/main.py", line 42, in <module>
    conn, cur = connect_to_db()
  File "/home/mauricio/github/digimon/main.py", line 27, in connect_to_db
    conn = psycopg2.connect(
  File "/home/mauricio/.local/lib/python3.10/site-packages/psycopg2/__init__.py", line 122, in connect
    conn = _connect(dsn, connection_factory=connection_factory, **kwasync)
psycopg2.OperationalError: connection to server at "192.168.1.131", port 5432 failed: No route to host
	Is the server running on that host and accepting TCP/IP connections?



---- 2025-10-31 03:00:01.243860
Traceback (most recent call last):
  File "/home/mauricio/github/digimon/main.py", line 42, in <module>
    conn, cur = connect_to_db()
  File "/home/mauricio/github/digimon/main.py", line 27, in connect_to_db
    conn = psycopg2.connect(
  File "/home/mauricio/.local/lib/python3.10/site-packages/psycopg2/__init__.py", line 122, in connect
    conn = _connect(dsn, connection_factory=connection_factory, **kwasync)
psycopg2.OperationalError: connection to server at "192.168.1.131", port 5432 failed: No route to host
	Is the server running on that host and accepting TCP/IP connections?



---- 2025-10-31 03:15:01.474982
Traceback (most recent call last):
  File "/home/mauricio/github/digimon/main.py", line 42, in <module>
    conn, cur = connect_to_db()
  File "/home/mauricio/github/digimon/main.py", line 27, in connect_to_db
    conn = psycopg2.connect(
  File "/home/mauricio/.local/lib/python3.10/site-packages/psycopg2/__init__.py", line 122, in connect
    conn = _connect(dsn, connection_factory=connection_factory, **kwasync)
psycopg2.OperationalError: connection to server at "192.168.1.131", port 5432 failed: No route to host
	Is the server running on that host and accepting TCP/IP connections?



---- 2025-10-31 03:30:01.718694
Current day is 2025-10-31
100
HP is 100
XP is 10
Level is 0
Wallpaper set to: /home/mauricio/github/digimon/wallpapers/tmp_wallpaper.jpg


---- 2025-10-31 03:45:02.108851
Current day is 2025-10-31
100
HP is 100
XP is 10
Level is 0
Wallpaper set to: /home/mauricio/github/digimon/wallpapers/tmp_wallpaper.jpg


---- 2025-10-31 04:00:01.129575
Traceback (most recent call last):
  File "/home/mauricio/github/digimon/main.py", line 42, in <module>
    conn, cur = connect_to_db()
  File "/home/mauricio/github/digimon/main.py", line 27, in connect_to_db
    conn = psycopg2.connect(
  File "/home/mauricio/.local/lib/python3.10/site-packages/psycopg2/__init__.py", line 122, in connect
    conn = _connect(dsn, connection_factory=connection_factory, **kwasync)
psycopg2.OperationalError: connection to server at "192.168.1.131", port 5432 failed: No route to host
	Is the server running on that host and accepting TCP/IP connections?



---- 2025-10-31 19:15:01.954121
Traceback (most recent call last):
  File "/home/mauricio/github/digimon/main.py", line 42, in <module>
    conn, cur = connect_to_db()
  File "/home/mauricio/github/digimon/main.py", line 27, in connect_to_db
    conn = psycopg2.connect(
  File "/home/mauricio/.local/lib/python3.10/site-packages/psycopg2/__init__.py", line 122, in connect
    conn = _connect(dsn, connection_factory=connection_factory, **kwasync)
psycopg2.OperationalError: connection to server at "192.168.1.131", port 5432 failed: No route to host
	Is the server running on that host and accepting TCP/IP connections?



---- 2025-10-31 19:30:01.216781
Traceback (most recent call last):
  File "/home/mauricio/github/digimon/main.py", line 42, in <module>
    conn, cur = connect_to_db()
  File "/home/mauricio/github/digimon/main.py", line 27, in connect_to_db
    conn = psycopg2.connect(
  File "/home/mauricio/.local/lib/python3.10/site-packages/psycopg2/__init__.py", line 122, in connect
    conn = _connect(dsn, connection_factory=connection_factory, **kwasync)
psycopg2.OperationalError: connection to server at "192.168.1.131", port 5432 failed: No route to host
	Is the server running on that host and accepting TCP/IP connections?



---- 2025-10-31 19:45:01.481194
Traceback (most recent call last):
  File "/home/mauricio/github/digimon/main.py", line 42, in <module>
    conn, cur = connect_to_db()
  File "/home/mauricio/github/digimon/main.py", line 27, in connect_to_db
    conn = psycopg2.connect(
  File "/home/mauricio/.local/lib/python3.10/site-packages/psycopg2/__init__.py", line 122, in connect
    conn = _connect(dsn, connection_factory=connection_factory, **kwasync)
psycopg2.OperationalError: connection to server at "192.168.1.131", port 5432 failed: No route to host
	Is the server running on that host and accepting TCP/IP connections?



---- 2025-10-31 23:00:01.842228
Traceback (most recent call last):
  File "/home/mauricio/github/digimon/main.py", line 42, in <module>
    conn, cur = connect_to_db()
  File "/home/mauricio/github/digimon/main.py", line 27, in connect_to_db
    conn = psycopg2.connect(
  File "/home/mauricio/.local/lib/python3.10/site-packages/psycopg2/__init__.py", line 122, in connect
    conn = _connect(dsn, connection_factory=connection_factory, **kwasync)
psycopg2.OperationalError: connection to server at "192.168.1.131", port 5432 failed: No route to host
	Is the server running on that host and accepting TCP/IP connections?



---- 2025-10-31 23:15:02.069867
Traceback (most recent call last):
  File "/home/mauricio/github/digimon/main.py", line 42, in <module>
    conn, cur = connect_to_db()
  File "/home/mauricio/github/digimon/main.py", line 27, in connect_to_db
    conn = psycopg2.connect(
  File "/home/mauricio/.local/lib/python3.10/site-packages/psycopg2/__init__.py", line 122, in connect
    conn = _connect(dsn, connection_factory=connection_factory, **kwasync)
psycopg2.OperationalError: connection to server at "192.168.1.131", port 5432 failed: No route to host
	Is the server running on that host and accepting TCP/IP connections?



---- 2025-10-31 23:30:01.361474
Traceback (most recent call last):
  File "/home/mauricio/github/digimon/main.py", line 42, in <module>
    conn, cur = connect_to_db()
  File "/home/mauricio/github/digimon/main.py", line 27, in connect_to_db
    conn = psycopg2.connect(
  File "/home/mauricio/.local/lib/python3.10/site-packages/psycopg2/__init__.py", line 122, in connect
    conn = _connect(dsn, connection_factory=connection_factory, **kwasync)
psycopg2.OperationalError: connection to server at "192.168.1.131", port 5432 failed: No route to host
	Is the server running on that host and accepting TCP/IP connections?



---- 2025-10-31 23:45:01.614893
Traceback (most recent call last):
  File "/home/mauricio/github/digimon/main.py", line 42, in <module>
    conn, cur = connect_to_db()
  File "/home/mauricio/github/digimon/main.py", line 27, in connect_to_db
    conn = psycopg2.connect(
  File "/home/mauricio/.local/lib/python3.10/site-packages/psycopg2/__init__.py", line 122, in connect
    conn = _connect(dsn, connection_factory=connection_factory, **kwasync)
psycopg2.OperationalError: connection to server at "192.168.1.131", port 5432 failed: No route to host
	Is the server running on that host and accepting TCP/IP connections?



---- 2025-11-01 00:00:01.866143
Traceback (most recent call last):
  File "/home/mauricio/github/digimon/main.py", line 42, in <module>
    conn, cur = connect_to_db()
  File "/home/mauricio/github/digimon/main.py", line 27, in connect_to_db
    conn = psycopg2.connect(
  File "/home/mauricio/.local/lib/python3.10/site-packages/psycopg2/__init__.py", line 122, in connect
    conn = _connect(dsn, connection_factory=connection_factory, **kwasync)
psycopg2.OperationalError: connection to server at "192.168.1.131", port 5432 failed: No route to host
	Is the server running on that host and accepting TCP/IP connections?



---- 2025-11-01 00:15:01.128346
Traceback (most recent call last):
  File "/home/mauricio/github/digimon/main.py", line 42, in <module>
    conn, cur = connect_to_db()
  File "/home/mauricio/github/digimon/main.py", line 27, in connect_to_db
    conn = psycopg2.connect(
  File "/home/mauricio/.local/lib/python3.10/site-packages/psycopg2/__init__.py", line 122, in connect
    conn = _connect(dsn, connection_factory=connection_factory, **kwasync)
psycopg2.OperationalError: connection to server at "192.168.1.131", port 5432 failed: No route to host
	Is the server running on that host and accepting TCP/IP connections?



---- 2025-11-01 00:30:01.401354
Traceback (most recent call last):
  File "/home/mauricio/github/digimon/main.py", line 42, in <module>
    conn, cur = connect_to_db()
  File "/home/mauricio/github/digimon/main.py", line 27, in connect_to_db
    conn = psycopg2.connect(
  File "/home/mauricio/.local/lib/python3.10/site-packages/psycopg2/__init__.py", line 122, in connect
    conn = _connect(dsn, connection_factory=connection_factory, **kwasync)
psycopg2.OperationalError: connection to server at "192.168.1.131", port 5432 failed: No route to host
	Is the server running on that host and accepting TCP/IP connections?



---- 2025-11-01 00:45:01.680441
Traceback (most recent call last):
  File "/home/mauricio/github/digimon/main.py", line 42, in <module>
    conn, cur = connect_to_db()
  File "/home/mauricio/github/digimon/main.py", line 27, in connect_to_db
    conn = psycopg2.connect(
  File "/home/mauricio/.local/lib/python3.10/site-packages/psycopg2/__init__.py", line 122, in connect
    conn = _connect(dsn, connection_factory=connection_factory, **kwasync)
psycopg2.OperationalError: connection to server at "192.168.1.131", port 5432 failed: No route to host
	Is the server running on that host and accepting TCP/IP connections?



---- 2025-11-01 01:00:01.884902
Traceback (most recent call last):
  File "/home/mauricio/github/digimon/main.py", line 42, in <module>
    conn, cur = connect_to_db()
  File "/home/mauricio/github/digimon/main.py", line 27, in connect_to_db
    conn = psycopg2.connect(
  File "/home/mauricio/.local/lib/python3.10/site-packages/psycopg2/__init__.py", line 122, in connect
    conn = _connect(dsn, connection_factory=connection_factory, **kwasync)
psycopg2.OperationalError: connection to server at "192.168.1.131", port 5432 failed: No route to host
	Is the server running on that host and accepting TCP/IP connections?



---- 2025-11-01 15:00:01.451916
Traceback (most recent call last):
  File "/home/mauricio/github/digimon/main.py", line 42, in <module>
    conn, cur = connect_to_db()
  File "/home/mauricio/github/digimon/main.py", line 27, in connect_to_db
    conn = psycopg2.connect(
  File "/home/mauricio/.local/lib/python3.10/site-packages/psycopg2/__init__.py", line 122, in connect
    conn = _connect(dsn, connection_factory=connection_factory, **kwasync)
psycopg2.OperationalError: connection to server at "192.168.1.131", port 5432 failed: No route to host
	Is the server running on that host and accepting TCP/IP connections?



---- 2025-11-01 15:15:01.685528
Traceback (most recent call last):
  File "/home/mauricio/github/digimon/main.py", line 42, in <module>
    conn, cur = connect_to_db()
  File "/home/mauricio/github/digimon/main.py", line 27, in connect_to_db
    conn = psycopg2.connect(
  File "/home/mauricio/.local/lib/python3.10/site-packages/psycopg2/__init__.py", line 122, in connect
    conn = _connect(dsn, connection_factory=connection_factory, **kwasync)
psycopg2.OperationalError: connection to server at "192.168.1.131", port 5432 failed: No route to host
	Is the server running on that host and accepting TCP/IP connections?



---- 2025-11-01 15:30:01.924161
Traceback (most recent call last):
  File "/home/mauricio/github/digimon/main.py", line 42, in <module>
    conn, cur = connect_to_db()
  File "/home/mauricio/github/digimon/main.py", line 27, in connect_to_db
    conn = psycopg2.connect(
  File "/home/mauricio/.local/lib/python3.10/site-packages/psycopg2/__init__.py", line 122, in connect
    conn = _connect(dsn, connection_factory=connection_factory, **kwasync)
psycopg2.OperationalError: connection to server at "192.168.1.131", port 5432 failed: No route to host
	Is the server running on that host and accepting TCP/IP connections?



---- 2025-11-01 15:45:01.192318
Traceback (most recent call last):
  File "/home/mauricio/github/digimon/main.py", line 42, in <module>
    conn, cur = connect_to_db()
  File "/home/mauricio/github/digimon/main.py", line 27, in connect_to_db
    conn = psycopg2.connect(
  File "/home/mauricio/.local/lib/python3.10/site-packages/psycopg2/__init__.py", line 122, in connect
    conn = _connect(dsn, connection_factory=connection_factory, **kwasync)
psycopg2.OperationalError: connection to server at "192.168.1.131", port 5432 failed: No route to host
	Is the server running on that host and accepting TCP/IP connections?



---- 2025-11-01 20:15:01.393029
Traceback (most recent call last):
  File "/home/mauricio/github/digimon/main.py", line 42, in <module>
    conn, cur = connect_to_db()
  File "/home/mauricio/github/digimon/main.py", line 27, in connect_to_db
    conn = psycopg2.connect(
  File "/home/mauricio/.local/lib/python3.10/site-packages/psycopg2/__init__.py", line 122, in connect
    conn = _connect(dsn, connection_factory=connection_factory, **kwasync)
psycopg2.OperationalError: connection to server at "192.168.1.131", port 5432 failed: No route to host
	Is the server running on that host and accepting TCP/IP connections?



---- 2025-11-01 20:30:01.665504
Traceback (most recent call last):
  File "/home/mauricio/github/digimon/main.py", line 42, in <module>
    conn, cur = connect_to_db()
  File "/home/mauricio/github/digimon/main.py", line 27, in connect_to_db
    conn = psycopg2.connect(
  File "/home/mauricio/.local/lib/python3.10/site-packages/psycopg2/__init__.py", line 122, in connect
    conn = _connect(dsn, connection_factory=connection_factory, **kwasync)
psycopg2.OperationalError: connection to server at "192.168.1.131", port 5432 failed: No route to host
	Is the server running on that host and accepting TCP/IP connections?



---- 2025-11-01 20:45:01.958698
Traceback (most recent call last):
  File "/home/mauricio/github/digimon/main.py", line 42, in <module>
    conn, cur = connect_to_db()
  File "/home/mauricio/github/digimon/main.py", line 27, in connect_to_db
    conn = psycopg2.connect(
  File "/home/mauricio/.local/lib/python3.10/site-packages/psycopg2/__init__.py", line 122, in connect
    conn = _connect(dsn, connection_factory=connection_factory, **kwasync)
psycopg2.OperationalError: connection to server at "192.168.1.131", port 5432 failed: No route to host
	Is the server running on that host and accepting TCP/IP connections?



---- 2025-11-01 21:00:01.231681
Traceback (most recent call last):
  File "/home/mauricio/github/digimon/main.py", line 42, in <module>
    conn, cur = connect_to_db()
  File "/home/mauricio/github/digimon/main.py", line 27, in connect_to_db
    conn = psycopg2.connect(
  File "/home/mauricio/.local/lib/python3.10/site-packages/psycopg2/__init__.py", line 122, in connect
    conn = _connect(dsn, connection_factory=connection_factory, **kwasync)
psycopg2.OperationalError: connection to server at "192.168.1.131", port 5432 failed: No route to host
	Is the server running on that host and accepting TCP/IP connections?



---- 2025-11-01 21:15:01.504647
Traceback (most recent call last):
  File "/home/mauricio/github/digimon/main.py", line 42, in <module>
    conn, cur = connect_to_db()
  File "/home/mauricio/github/digimon/main.py", line 27, in connect_to_db
    conn = psycopg2.connect(
  File "/home/mauricio/.local/lib/python3.10/site-packages/psycopg2/__init__.py", line 122, in connect
    conn = _connect(dsn, connection_factory=connection_factory, **kwasync)
psycopg2.OperationalError: connection to server at "192.168.1.131", port 5432 failed: No route to host
	Is the server running on that host and accepting TCP/IP connections?



---- 2025-11-01 21:30:01.792140
Traceback (most recent call last):
  File "/home/mauricio/github/digimon/main.py", line 42, in <module>
    conn, cur = connect_to_db()
  File "/home/mauricio/github/digimon/main.py", line 27, in connect_to_db
    conn = psycopg2.connect(
  File "/home/mauricio/.local/lib/python3.10/site-packages/psycopg2/__init__.py", line 122, in connect
    conn = _connect(dsn, connection_factory=connection_factory, **kwasync)
psycopg2.OperationalError: connection to server at "192.168.1.131", port 5432 failed: No route to host
	Is the server running on that host and accepting TCP/IP connections?



---- 2025-11-01 21:45:02.080535
Traceback (most recent call last):
  File "/home/mauricio/github/digimon/main.py", line 42, in <module>
    conn, cur = connect_to_db()
  File "/home/mauricio/github/digimon/main.py", line 27, in connect_to_db
    conn = psycopg2.connect(
  File "/home/mauricio/.local/lib/python3.10/site-packages/psycopg2/__init__.py", line 122, in connect
    conn = _connect(dsn, connection_factory=connection_factory, **kwasync)
psycopg2.OperationalError: connection to server at "192.168.1.131", port 5432 failed: No route to host
	Is the server running on that host and accepting TCP/IP connections?



---- 2025-11-01 22:00:01.341710
Traceback (most recent call last):
  File "/home/mauricio/github/digimon/main.py", line 42, in <module>
    conn, cur = connect_to_db()
  File "/home/mauricio/github/digimon/main.py", line 27, in connect_to_db
    conn = psycopg2.connect(
  File "/home/mauricio/.local/lib/python3.10/site-packages/psycopg2/__init__.py", line 122, in connect
    conn = _connect(dsn, connection_factory=connection_factory, **kwasync)
psycopg2.OperationalError: connection to server at "192.168.1.131", port 5432 failed: No route to host
	Is the server running on that host and accepting TCP/IP connections?



---- 2025-11-01 22:15:01.622413
Traceback (most recent call last):
  File "/home/mauricio/github/digimon/main.py", line 42, in <module>
    conn, cur = connect_to_db()
  File "/home/mauricio/github/digimon/main.py", line 27, in connect_to_db
    conn = psycopg2.connect(
  File "/home/mauricio/.local/lib/python3.10/site-packages/psycopg2/__init__.py", line 122, in connect
    conn = _connect(dsn, connection_factory=connection_factory, **kwasync)
psycopg2.OperationalError: connection to server at "192.168.1.131", port 5432 failed: No route to host
	Is the server running on that host and accepting TCP/IP connections?



---- 2025-11-01 22:30:01.846744
Traceback (most recent call last):
  File "/home/mauricio/github/digimon/main.py", line 42, in <module>
    conn, cur = connect_to_db()
  File "/home/mauricio/github/digimon/main.py", line 27, in connect_to_db
    conn = psycopg2.connect(
  File "/home/mauricio/.local/lib/python3.10/site-packages/psycopg2/__init__.py", line 122, in connect
    conn = _connect(dsn, connection_factory=connection_factory, **kwasync)
psycopg2.OperationalError: connection to server at "192.168.1.131", port 5432 failed: No route to host
	Is the server running on that host and accepting TCP/IP connections?



---- 2025-11-01 22:45:02.080667
Traceback (most recent call last):
  File "/home/mauricio/github/digimon/main.py", line 42, in <module>
    conn, cur = connect_to_db()
  File "/home/mauricio/github/digimon/main.py", line 27, in connect_to_db
    conn = psycopg2.connect(
  File "/home/mauricio/.local/lib/python3.10/site-packages/psycopg2/__init__.py", line 122, in connect
    conn = _connect(dsn, connection_factory=connection_factory, **kwasync)
psycopg2.OperationalError: connection to server at "192.168.1.131", port 5432 failed: No route to host
	Is the server running on that host and accepting TCP/IP connections?



---- 2025-11-01 23:00:01.355918
Traceback (most recent call last):
  File "/home/mauricio/github/digimon/main.py", line 42, in <module>
    conn, cur = connect_to_db()
  File "/home/mauricio/github/digimon/main.py", line 27, in connect_to_db
    conn = psycopg2.connect(
  File "/home/mauricio/.local/lib/python3.10/site-packages/psycopg2/__init__.py", line 122, in connect
    conn = _connect(dsn, connection_factory=connection_factory, **kwasync)
psycopg2.OperationalError: connection to server at "192.168.1.131", port 5432 failed: No route to host
	Is the server running on that host and accepting TCP/IP connections?



---- 2025-11-01 23:15:01.624340
Traceback (most recent call last):
  File "/home/mauricio/github/digimon/main.py", line 42, in <module>
    conn, cur = connect_to_db()
  File "/home/mauricio/github/digimon/main.py", line 27, in connect_to_db
    conn = psycopg2.connect(
  File "/home/mauricio/.local/lib/python3.10/site-packages/psycopg2/__init__.py", line 122, in connect
    conn = _connect(dsn, connection_factory=connection_factory, **kwasync)
psycopg2.OperationalError: connection to server at "192.168.1.131", port 5432 failed: No route to host
	Is the server running on that host and accepting TCP/IP connections?



---- 2025-11-01 23:30:01.856260
Traceback (most recent call last):
  File "/home/mauricio/github/digimon/main.py", line 42, in <module>
    conn, cur = connect_to_db()
  File "/home/mauricio/github/digimon/main.py", line 27, in connect_to_db
    conn = psycopg2.connect(
  File "/home/mauricio/.local/lib/python3.10/site-packages/psycopg2/__init__.py", line 122, in connect
    conn = _connect(dsn, connection_factory=connection_factory, **kwasync)
psycopg2.OperationalError: connection to server at "192.168.1.131", port 5432 failed: No route to host
	Is the server running on that host and accepting TCP/IP connections?



---- 2025-11-01 23:45:01.155903
Traceback (most recent call last):
  File "/home/mauricio/github/digimon/main.py", line 42, in <module>
    conn, cur = connect_to_db()
  File "/home/mauricio/github/digimon/main.py", line 27, in connect_to_db
    conn = psycopg2.connect(
  File "/home/mauricio/.local/lib/python3.10/site-packages/psycopg2/__init__.py", line 122, in connect
    conn = _connect(dsn, connection_factory=connection_factory, **kwasync)
psycopg2.OperationalError: connection to server at "192.168.1.131", port 5432 failed: No route to host
	Is the server running on that host and accepting TCP/IP connections?



---- 2025-11-02 00:00:01.420278
Traceback (most recent call last):
  File "/home/mauricio/github/digimon/main.py", line 42, in <module>
    conn, cur = connect_to_db()
  File "/home/mauricio/github/digimon/main.py", line 27, in connect_to_db
    conn = psycopg2.connect(
  File "/home/mauricio/.local/lib/python3.10/site-packages/psycopg2/__init__.py", line 122, in connect
    conn = _connect(dsn, connection_factory=connection_factory, **kwasync)
psycopg2.OperationalError: connection to server at "192.168.1.131", port 5432 failed: No route to host
	Is the server running on that host and accepting TCP/IP connections?



---- 2025-11-02 00:15:01.680252
Traceback (most recent call last):
  File "/home/mauricio/github/digimon/main.py", line 42, in <module>
    conn, cur = connect_to_db()
  File "/home/mauricio/github/digimon/main.py", line 27, in connect_to_db
    conn = psycopg2.connect(
  File "/home/mauricio/.local/lib/python3.10/site-packages/psycopg2/__init__.py", line 122, in connect
    conn = _connect(dsn, connection_factory=connection_factory, **kwasync)
psycopg2.OperationalError: connection to server at "192.168.1.131", port 5432 failed: No route to host
	Is the server running on that host and accepting TCP/IP connections?



---- 2025-11-02 00:30:01.945703
Traceback (most recent call last):
  File "/home/mauricio/github/digimon/main.py", line 42, in <module>
    conn, cur = connect_to_db()
  File "/home/mauricio/github/digimon/main.py", line 27, in connect_to_db
    conn = psycopg2.connect(
  File "/home/mauricio/.local/lib/python3.10/site-packages/psycopg2/__init__.py", line 122, in connect
    conn = _connect(dsn, connection_factory=connection_factory, **kwasync)
psycopg2.OperationalError: connection to server at "192.168.1.131", port 5432 failed: No route to host
	Is the server running on that host and accepting TCP/IP connections?



---- 2025-11-02 00:45:01.206418
Traceback (most recent call last):
  File "/home/mauricio/github/digimon/main.py", line 42, in <module>
    conn, cur = connect_to_db()
  File "/home/mauricio/github/digimon/main.py", line 27, in connect_to_db
    conn = psycopg2.connect(
  File "/home/mauricio/.local/lib/python3.10/site-packages/psycopg2/__init__.py", line 122, in connect
    conn = _connect(dsn, connection_factory=connection_factory, **kwasync)
psycopg2.OperationalError: connection to server at "192.168.1.131", port 5432 failed: No route to host
	Is the server running on that host and accepting TCP/IP connections?



---- 2025-11-02 01:00:01.443545
Current day is 2025-11-02
100
HP is 100
XP is 15
Level is 0
Wallpaper set to: /home/mauricio/github/digimon/wallpapers/tmp_wallpaper.jpg


---- 2025-11-02 01:15:01.971913
Current day is 2025-11-02
100
HP is 100
XP is 20
Level is 0
Wallpaper set to: /home/mauricio/github/digimon/wallpapers/tmp_wallpaper.jpg


---- 2025-11-02 01:30:02.001364
Traceback (most recent call last):
  File "/home/mauricio/github/digimon/main.py", line 42, in <module>
    conn, cur = connect_to_db()
  File "/home/mauricio/github/digimon/main.py", line 27, in connect_to_db
    conn = psycopg2.connect(
  File "/home/mauricio/.local/lib/python3.10/site-packages/psycopg2/__init__.py", line 122, in connect
    conn = _connect(dsn, connection_factory=connection_factory, **kwasync)
psycopg2.OperationalError: connection to server at "192.168.1.131", port 5432 failed: No route to host
	Is the server running on that host and accepting TCP/IP connections?



---- 2025-11-02 01:45:01.440845
Traceback (most recent call last):
  File "/home/mauricio/github/digimon/main.py", line 42, in <module>
    conn, cur = connect_to_db()
  File "/home/mauricio/github/digimon/main.py", line 27, in connect_to_db
    conn = psycopg2.connect(
  File "/home/mauricio/.local/lib/python3.10/site-packages/psycopg2/__init__.py", line 122, in connect
    conn = _connect(dsn, connection_factory=connection_factory, **kwasync)
psycopg2.OperationalError: connection to server at "192.168.1.131", port 5432 failed: No route to host
	Is the server running on that host and accepting TCP/IP connections?



---- 2025-11-02 02:00:01.705947
Traceback (most recent call last):
  File "/home/mauricio/github/digimon/main.py", line 42, in <module>
    conn, cur = connect_to_db()
  File "/home/mauricio/github/digimon/main.py", line 27, in connect_to_db
    conn = psycopg2.connect(
  File "/home/mauricio/.local/lib/python3.10/site-packages/psycopg2/__init__.py", line 122, in connect
    conn = _connect(dsn, connection_factory=connection_factory, **kwasync)
psycopg2.OperationalError: connection to server at "192.168.1.131", port 5432 failed: No route to host
	Is the server running on that host and accepting TCP/IP connections?



---- 2025-11-02 02:30:01.207667
Traceback (most recent call last):
  File "/home/mauricio/github/digimon/main.py", line 42, in <module>
    conn, cur = connect_to_db()
  File "/home/mauricio/github/digimon/main.py", line 27, in connect_to_db
    conn = psycopg2.connect(
  File "/home/mauricio/.local/lib/python3.10/site-packages/psycopg2/__init__.py", line 122, in connect
    conn = _connect(dsn, connection_factory=connection_factory, **kwasync)
psycopg2.OperationalError: connection to server at "192.168.1.131", port 5432 failed: No route to host
	Is the server running on that host and accepting TCP/IP connections?



---- 2025-11-02 02:45:01.452843
Traceback (most recent call last):
  File "/home/mauricio/github/digimon/main.py", line 42, in <module>
    conn, cur = connect_to_db()
  File "/home/mauricio/github/digimon/main.py", line 27, in connect_to_db
    conn = psycopg2.connect(
  File "/home/mauricio/.local/lib/python3.10/site-packages/psycopg2/__init__.py", line 122, in connect
    conn = _connect(dsn, connection_factory=connection_factory, **kwasync)
psycopg2.OperationalError: connection to server at "192.168.1.131", port 5432 failed: No route to host
	Is the server running on that host and accepting TCP/IP connections?



---- 2025-11-02 03:00:01.686126
Traceback (most recent call last):
  File "/home/mauricio/github/digimon/main.py", line 42, in <module>
    conn, cur = connect_to_db()
  File "/home/mauricio/github/digimon/main.py", line 27, in connect_to_db
    conn = psycopg2.connect(
  File "/home/mauricio/.local/lib/python3.10/site-packages/psycopg2/__init__.py", line 122, in connect
    conn = _connect(dsn, connection_factory=connection_factory, **kwasync)
psycopg2.OperationalError: connection to server at "192.168.1.131", port 5432 failed: No route to host
	Is the server running on that host and accepting TCP/IP connections?



---- 2025-11-02 03:15:01.989235
Traceback (most recent call last):
  File "/home/mauricio/github/digimon/main.py", line 42, in <module>
    conn, cur = connect_to_db()
  File "/home/mauricio/github/digimon/main.py", line 27, in connect_to_db
    conn = psycopg2.connect(
  File "/home/mauricio/.local/lib/python3.10/site-packages/psycopg2/__init__.py", line 122, in connect
    conn = _connect(dsn, connection_factory=connection_factory, **kwasync)
psycopg2.OperationalError: connection to server at "192.168.1.131", port 5432 failed: No route to host
	Is the server running on that host and accepting TCP/IP connections?



---- 2025-11-02 03:30:01.242802
Traceback (most recent call last):
  File "/home/mauricio/github/digimon/main.py", line 42, in <module>
    conn, cur = connect_to_db()
  File "/home/mauricio/github/digimon/main.py", line 27, in connect_to_db
    conn = psycopg2.connect(
  File "/home/mauricio/.local/lib/python3.10/site-packages/psycopg2/__init__.py", line 122, in connect
    conn = _connect(dsn, connection_factory=connection_factory, **kwasync)
psycopg2.OperationalError: connection to server at "192.168.1.131", port 5432 failed: No route to host
	Is the server running on that host and accepting TCP/IP connections?



---- 2025-11-02 03:45:01.504788
Traceback (most recent call last):
  File "/home/mauricio/github/digimon/main.py", line 42, in <module>
    conn, cur = connect_to_db()
  File "/home/mauricio/github/digimon/main.py", line 27, in connect_to_db
    conn = psycopg2.connect(
  File "/home/mauricio/.local/lib/python3.10/site-packages/psycopg2/__init__.py", line 122, in connect
    conn = _connect(dsn, connection_factory=connection_factory, **kwasync)
psycopg2.OperationalError: connection to server at "192.168.1.131", port 5432 failed: No route to host
	Is the server running on that host and accepting TCP/IP connections?



---- 2025-11-02 04:00:01.720200
Traceback (most recent call last):
  File "/home/mauricio/github/digimon/main.py", line 42, in <module>
    conn, cur = connect_to_db()
  File "/home/mauricio/github/digimon/main.py", line 27, in connect_to_db
    conn = psycopg2.connect(
  File "/home/mauricio/.local/lib/python3.10/site-packages/psycopg2/__init__.py", line 122, in connect
    conn = _connect(dsn, connection_factory=connection_factory, **kwasync)
psycopg2.OperationalError: connection to server at "192.168.1.131", port 5432 failed: No route to host
	Is the server running on that host and accepting TCP/IP connections?



---- 2025-11-03 03:45:01.723514
Current day is 2025-11-02
100
Current day is 2025-11-03
40
HP is 40
XP is -25
Level is 0
Wallpaper set to: /home/mauricio/github/digimon/wallpapers/tmp_wallpaper.jpg


---- 2025-11-03 04:00:01.429568
Current day is 2025-11-02
100
Current day is 2025-11-03
40
HP is 40
XP is -25
Level is 0
Wallpaper set to: /home/mauricio/github/digimon/wallpapers/tmp_wallpaper.jpg


---- 2025-11-03 04:15:02.030805
Current day is 2025-11-02
100
Current day is 2025-11-03
40
HP is 40
XP is -25
Level is 0
Wallpaper set to: /home/mauricio/github/digimon/wallpapers/tmp_wallpaper.jpg


---- 2025-11-03 04:30:01.938123
Current day is 2025-11-02
100
Current day is 2025-11-03
40
HP is 40
XP is -25
Level is 0
Wallpaper set to: /home/mauricio/github/digimon/wallpapers/tmp_wallpaper.jpg


---- 2025-11-03 04:45:01.210332
Current day is 2025-11-02
100
Current day is 2025-11-03
40
HP is 40
XP is -25
Level is 0
Wallpaper set to: /home/mauricio/github/digimon/wallpapers/tmp_wallpaper.jpg


---- 2025-11-03 05:00:01.230848
Current day is 2025-11-02
100
Current day is 2025-11-03
40
HP is 40
XP is -25
Level is 0
Wallpaper set to: /home/mauricio/github/digimon/wallpapers/tmp_wallpaper.jpg


---- 2025-11-03 05:15:01.470794
Current day is 2025-11-02
100
Current day is 2025-11-03
40
HP is 40
XP is -25
Level is 0
Wallpaper set to: /home/mauricio/github/digimon/wallpapers/tmp_wallpaper.jpg


---- 2025-11-03 05:30:01.237993
Current day is 2025-11-02
100
Current day is 2025-11-03
40
HP is 40
XP is -25
Level is 0
Wallpaper set to: /home/mauricio/github/digimon/wallpapers/tmp_wallpaper.jpg


---- 2025-11-03 05:45:01.467329
Current day is 2025-11-02
100
Current day is 2025-11-03
40
HP is 40
XP is -25
Level is 0
Wallpaper set to: /home/mauricio/github/digimon/wallpapers/tmp_wallpaper.jpg


---- 2025-11-03 06:00:01.401113
Current day is 2025-11-02
100
Current day is 2025-11-03
40
HP is 40
XP is -25
Level is 0
Wallpaper set to: /home/mauricio/github/digimon/wallpapers/tmp_wallpaper.jpg


---- 2025-11-03 06:15:01.199263
Traceback (most recent call last):
  File "/home/mauricio/github/digimon/main.py", line 42, in <module>
    conn, cur = connect_to_db()
  File "/home/mauricio/github/digimon/main.py", line 27, in connect_to_db
    conn = psycopg2.connect(
  File "/home/mauricio/.local/lib/python3.10/site-packages/psycopg2/__init__.py", line 122, in connect
    conn = _connect(dsn, connection_factory=connection_factory, **kwasync)
psycopg2.OperationalError: connection to server at "192.168.1.131", port 5432 failed: No route to host
	Is the server running on that host and accepting TCP/IP connections?



---- 2025-11-03 22:45:01.216191
Current day is 2025-11-02
100
Current day is 2025-11-03
40
HP is 40
XP is -15
Level is 0
Wallpaper set to: /home/mauricio/github/digimon/wallpapers/tmp_wallpaper.jpg


---- 2025-11-03 23:00:01.926439
Current day is 2025-11-02
100
Current day is 2025-11-03
40
HP is 40
XP is -5
Level is 0
Wallpaper set to: /home/mauricio/github/digimon/wallpapers/tmp_wallpaper.jpg


---- 2025-11-03 23:15:01.757968
Current day is 2025-11-02
100
Current day is 2025-11-03
40
HP is 40
XP is -5
Level is 0
Wallpaper set to: /home/mauricio/github/digimon/wallpapers/tmp_wallpaper.jpg


---- 2025-11-03 23:30:01.214547
Current day is 2025-11-02
100
Current day is 2025-11-03
40
HP is 40
XP is -5
Level is 0
Wallpaper set to: /home/mauricio/github/digimon/wallpapers/tmp_wallpaper.jpg


---- 2025-11-03 23:45:01.944165
Current day is 2025-11-02
100
Current day is 2025-11-03
25
HP is 25
XP is -15
Level is 0
Wallpaper set to: /home/mauricio/github/digimon/wallpapers/tmp_wallpaper.jpg


---- 2025-11-04 00:00:01.608898
Current day is 2025-11-02
100
Current day is 2025-11-03
40
Current day is 2025-11-04
50
HP is 50
XP is 5
Level is 0
Wallpaper set to: /home/mauricio/github/digimon/wallpapers/tmp_wallpaper.jpg


---- 2025-11-04 00:15:01.911176
Current day is 2025-11-02
100
Current day is 2025-11-03
40
Current day is 2025-11-04
50
HP is 50
XP is 5
Level is 0
Wallpaper set to: /home/mauricio/github/digimon/wallpapers/tmp_wallpaper.jpg


---- 2025-11-04 00:30:01.524065
Current day is 2025-11-02
100
Current day is 2025-11-03
40
Current day is 2025-11-04
50
HP is 50
XP is 5
Level is 0
Wallpaper set to: /home/mauricio/github/digimon/wallpapers/tmp_wallpaper.jpg


---- 2025-11-04 00:45:01.677540
Current day is 2025-11-02
100
Current day is 2025-11-03
40
Current day is 2025-11-04
50
HP is 50
XP is 5
Level is 0
Wallpaper set to: /home/mauricio/github/digimon/wallpapers/tmp_wallpaper.jpg


---- 2025-11-04 01:00:01.544202
Current day is 2025-11-02
100
Current day is 2025-11-03
40
Current day is 2025-11-04
50
HP is 50
XP is 5
Level is 0
Wallpaper set to: /home/mauricio/github/digimon/wallpapers/tmp_wallpaper.jpg


---- 2025-11-04 01:15:01.965186
Current day is 2025-11-02
100
Current day is 2025-11-03
40
Current day is 2025-11-04
50
HP is 50
XP is 5
Level is 0
Wallpaper set to: /home/mauricio/github/digimon/wallpapers/tmp_wallpaper.jpg


---- 2025-11-04 01:30:01.321814
Current day is 2025-11-02
100
Current day is 2025-11-03
40
Current day is 2025-11-04
50
HP is 50
XP is 5
Level is 0
Wallpaper set to: /home/mauricio/github/digimon/wallpapers/tmp_wallpaper.jpg


---- 2025-11-04 01:45:01.239717
Current day is 2025-11-02
100
Current day is 2025-11-03
40
Current day is 2025-11-04
50
HP is 50
XP is 5
Level is 0
Wallpaper set to: /home/mauricio/github/digimon/wallpapers/tmp_wallpaper.jpg


---- 2025-11-04 02:00:01.467058
Current day is 2025-11-02
100
Current day is 2025-11-03
40
Current day is 2025-11-04
50
HP is 50
XP is 5
Level is 0
Wallpaper set to: /home/mauricio/github/digimon/wallpapers/tmp_wallpaper.jpg


---- 2025-11-04 22:00:01.509017
Traceback (most recent call last):
  File "/home/mauricio/github/digimon/main.py", line 42, in <module>
    conn, cur = connect_to_db()
  File "/home/mauricio/github/digimon/main.py", line 27, in connect_to_db
    conn = psycopg2.connect(
  File "/home/mauricio/.local/lib/python3.10/site-packages/psycopg2/__init__.py", line 122, in connect
    conn = _connect(dsn, connection_factory=connection_factory, **kwasync)
psycopg2.OperationalError: connection to server at "192.168.1.131", port 5432 failed: No route to host
	Is the server running on that host and accepting TCP/IP connections?



---- 2025-11-04 22:15:01.753008
Current day is 2025-11-02
100
Current day is 2025-11-03
40
Current day is 2025-11-04
50
HP is 50
XP is 45
Level is 0
Wallpaper set to: /home/mauricio/github/digimon/wallpapers/tmp_wallpaper.jpg


---- 2025-11-05 04:30:01.813859
Current day is 2025-11-02
100
Current day is 2025-11-03
40
Current day is 2025-11-04
50
Current day is 2025-11-05
-40
Inserted a new reset row.
Current day is 2025-11-05
100
HP is 100
XP is 0
Level is 0
HP is -40
XP is -55
Level is 0
Wallpaper set to: /home/mauricio/github/digimon/wallpapers/tmp_wallpaper.jpg


---- 2025-11-05 04:45:01.307806
Current day is 2025-11-05
100
HP is 100
XP is 0
Level is 0
Wallpaper set to: /home/mauricio/github/digimon/wallpapers/tmp_wallpaper.jpg


---- 2025-11-05 05:00:01.384260
Current day is 2025-11-05
100
HP is 100
XP is 0
Level is 0
Wallpaper set to: /home/mauricio/github/digimon/wallpapers/tmp_wallpaper.jpg


---- 2025-11-05 05:15:01.280105
Current day is 2025-11-05
100
HP is 100
XP is 0
Level is 0
Wallpaper set to: /home/mauricio/github/digimon/wallpapers/tmp_wallpaper.jpg


---- 2025-11-05 05:30:01.576697
Current day is 2025-11-05
100
HP is 100
XP is 0
Level is 0
Wallpaper set to: /home/mauricio/github/digimon/wallpapers/tmp_wallpaper.jpg


---- 2025-11-05 05:45:01.773186
Current day is 2025-11-05
100
HP is 100
XP is 0
Level is 0
Wallpaper set to: /home/mauricio/github/digimon/wallpapers/tmp_wallpaper.jpg


---- 2025-11-05 06:00:01.994945
Current day is 2025-11-05
100
HP is 100
XP is 0
Level is 0
Wallpaper set to: /home/mauricio/github/digimon/wallpapers/tmp_wallpaper.jpg


---- 2025-11-05 06:15:01.595489
Traceback (most recent call last):
  File "/home/mauricio/github/digimon/main.py", line 42, in <module>
    conn, cur = connect_to_db()
  File "/home/mauricio/github/digimon/main.py", line 27, in connect_to_db
    conn = psycopg2.connect(
  File "/home/mauricio/.local/lib/python3.10/site-packages/psycopg2/__init__.py", line 122, in connect
    conn = _connect(dsn, connection_factory=connection_factory, **kwasync)
psycopg2.OperationalError: connection to server at "192.168.1.131", port 5432 failed: No route to host
	Is the server running on that host and accepting TCP/IP connections?



---- 2025-11-06 03:15:01.878448
Current day is 2025-11-05
100
Current day is 2025-11-06
-40
Inserted a new reset row.
Current day is 2025-11-06
100
HP is 100
XP is 0
Level is 0
HP is -40
XP is -100
Level is 0
Wallpaper set to: /home/mauricio/github/digimon/wallpapers/tmp_wallpaper.jpg


---- 2025-11-06 03:30:02.029936
Current day is 2025-11-06
100
HP is 100
XP is 0
Level is 0
Wallpaper set to: /home/mauricio/github/digimon/wallpapers/tmp_wallpaper.jpg


---- 2025-11-06 03:45:02.064696
Current day is 2025-11-06
100
HP is 100
XP is 0
Level is 0
Wallpaper set to: /home/mauricio/github/digimon/wallpapers/tmp_wallpaper.jpg


---- 2025-11-06 04:00:01.531730
Current day is 2025-11-06
100
HP is 100
XP is 0
Level is 0
Wallpaper set to: /home/mauricio/github/digimon/wallpapers/tmp_wallpaper.jpg


---- 2025-11-06 04:15:01.146557
Current day is 2025-11-06
100
HP is 100
XP is 0
Level is 0
Wallpaper set to: /home/mauricio/github/digimon/wallpapers/tmp_wallpaper.jpg


---- 2025-11-06 04:30:01.540356
Current day is 2025-11-06
100
HP is 100
XP is 0
Level is 0
Wallpaper set to: /home/mauricio/github/digimon/wallpapers/tmp_wallpaper.jpg


---- 2025-11-06 04:45:01.973816
Current day is 2025-11-06
100
HP is 100
XP is 10
Level is 0
Wallpaper set to: /home/mauricio/github/digimon/wallpapers/tmp_wallpaper.jpg


---- 2025-11-06 05:00:01.384404
Current day is 2025-11-06
100
HP is 100
XP is 10
Level is 0
Wallpaper set to: /home/mauricio/github/digimon/wallpapers/tmp_wallpaper.jpg


---- 2025-11-06 05:15:01.674634
Current day is 2025-11-06
100
HP is 100
XP is 10
Level is 0
Wallpaper set to: /home/mauricio/github/digimon/wallpapers/tmp_wallpaper.jpg


---- 2025-11-06 05:30:01.247864
Current day is 2025-11-06
100
HP is 100
XP is 10
Level is 0
Wallpaper set to: /home/mauricio/github/digimon/wallpapers/tmp_wallpaper.jpg


---- 2025-11-06 05:45:01.435163
Current day is 2025-11-06
100
HP is 100
XP is 10
Level is 0
Wallpaper set to: /home/mauricio/github/digimon/wallpapers/tmp_wallpaper.jpg


---- 2025-11-06 06:00:02.006368
Current day is 2025-11-06
100
HP is 100
XP is 10
Level is 0
Wallpaper set to: /home/mauricio/github/digimon/wallpapers/tmp_wallpaper.jpg


---- 2025-11-06 06:15:01.382844
Current day is 2025-11-06
100
HP is 100
XP is 10
Level is 0
Wallpaper set to: /home/mauricio/github/digimon/wallpapers/tmp_wallpaper.jpg


---- 2025-11-06 06:30:01.246768
Current day is 2025-11-06
100
HP is 100
XP is 10
Level is 0
Wallpaper set to: /home/mauricio/github/digimon/wallpapers/tmp_wallpaper.jpg


---- 2025-11-06 06:45:01.756562
Current day is 2025-11-06
100
HP is 100
XP is 10
Level is 0
Wallpaper set to: /home/mauricio/github/digimon/wallpapers/tmp_wallpaper.jpg


---- 2025-11-06 07:00:01.179358
Current day is 2025-11-06
100
HP is 100
XP is 10
Level is 0
Wallpaper set to: /home/mauricio/github/digimon/wallpapers/tmp_wallpaper.jpg


---- 2025-11-06 07:15:01.223045
Current day is 2025-11-06
100
HP is 100
XP is 20
Level is 0
Wallpaper set to: /home/mauricio/github/digimon/wallpapers/tmp_wallpaper.jpg


---- 2025-11-07 04:00:01.663507
Current day is 2025-11-07
100
HP is 100
XP is 0
Level is 0
Wallpaper set to: /home/mauricio/github/digimon/wallpapers/tmp_wallpaper.jpg


---- 2025-11-07 04:15:01.923834
Current day is 2025-11-07
100
HP is 100
XP is 5
Level is 0
Wallpaper set to: /home/mauricio/github/digimon/wallpapers/tmp_wallpaper.jpg


---- 2025-11-07 04:30:01.507014
Current day is 2025-11-07
100
HP is 100
XP is 5
Level is 0
Wallpaper set to: /home/mauricio/github/digimon/wallpapers/tmp_wallpaper.jpg


---- 2025-11-07 04:45:01.255745
Current day is 2025-11-07
100
HP is 100
XP is 5
Level is 0
Wallpaper set to: /home/mauricio/github/digimon/wallpapers/tmp_wallpaper.jpg


---- 2025-11-07 05:00:01.333590
Current day is 2025-11-07
100
HP is 100
XP is 5
Level is 0
Wallpaper set to: /home/mauricio/github/digimon/wallpapers/tmp_wallpaper.jpg


---- 2025-11-07 05:15:01.856461
Current day is 2025-11-07
100
HP is 100
XP is 5
Level is 0
Wallpaper set to: /home/mauricio/github/digimon/wallpapers/tmp_wallpaper.jpg


---- 2025-11-07 05:30:01.583934
Current day is 2025-11-07
100
HP is 100
XP is 5
Level is 0
Wallpaper set to: /home/mauricio/github/digimon/wallpapers/tmp_wallpaper.jpg


---- 2025-11-07 05:45:02.100983
Current day is 2025-11-07
100
HP is 100
XP is 5
Level is 0
Wallpaper set to: /home/mauricio/github/digimon/wallpapers/tmp_wallpaper.jpg


---- 2025-11-07 06:00:01.574184
Current day is 2025-11-07
100
HP is 100
XP is 5
Level is 0
Wallpaper set to: /home/mauricio/github/digimon/wallpapers/tmp_wallpaper.jpg


---- 2025-11-07 06:15:01.655861
Current day is 2025-11-07
100
HP is 100
XP is 5
Level is 0
Wallpaper set to: /home/mauricio/github/digimon/wallpapers/tmp_wallpaper.jpg


---- 2025-11-07 06:30:02.083687
Current day is 2025-11-07
100
HP is 100
XP is 5
Level is 0
Wallpaper set to: /home/mauricio/github/digimon/wallpapers/tmp_wallpaper.jpg


---- 2025-11-07 06:45:01.357445
Current day is 2025-11-07
100
HP is 100
XP is 20
Level is 0
Wallpaper set to: /home/mauricio/github/digimon/wallpapers/tmp_wallpaper.jpg


---- 2025-11-07 07:00:01.652407
Current day is 2025-11-07
100
HP is 100
XP is 20
Level is 0
Wallpaper set to: /home/mauricio/github/digimon/wallpapers/tmp_wallpaper.jpg


---- 2025-11-07 07:15:01.781037
Current day is 2025-11-07
100
HP is 100
XP is 30
Level is 0
Wallpaper set to: /home/mauricio/github/digimon/wallpapers/tmp_wallpaper.jpg


---- 2025-11-07 07:30:01.864440
Current day is 2025-11-07
100
HP is 100
XP is 30
Level is 0
Wallpaper set to: /home/mauricio/github/digimon/wallpapers/tmp_wallpaper.jpg


---- 2025-11-07 07:45:01.843483
Current day is 2025-11-07
100
HP is 100
XP is 30
Level is 0
Wallpaper set to: /home/mauricio/github/digimon/wallpapers/tmp_wallpaper.jpg


---- 2025-11-07 08:00:01.494938
Current day is 2025-11-07
100
HP is 100
XP is 30
Level is 0
Wallpaper set to: /home/mauricio/github/digimon/wallpapers/tmp_wallpaper.jpg


---- 2025-11-07 08:15:01.758379
Current day is 2025-11-07
100
HP is 100
XP is 30
Level is 0
Wallpaper set to: /home/mauricio/github/digimon/wallpapers/tmp_wallpaper.jpg


---- 2025-11-08 00:00:01.318467
Current day is 2025-11-07
100
Current day is 2025-11-08
-25
Inserted a new reset row.
Current day is 2025-11-08
100
HP is 100
XP is 0
Level is 0
HP is -25
XP is -70
Level is 0
Wallpaper set to: /home/mauricio/github/digimon/wallpapers/tmp_wallpaper.jpg


---- 2025-11-08 00:15:01.950190
Current day is 2025-11-08
100
HP is 100
XP is 0
Level is 0
Wallpaper set to: /home/mauricio/github/digimon/wallpapers/tmp_wallpaper.jpg


---- 2025-11-08 00:30:01.933086
Current day is 2025-11-08
100
HP is 100
XP is 0
Level is 0
Wallpaper set to: /home/mauricio/github/digimon/wallpapers/tmp_wallpaper.jpg


---- 2025-11-08 00:45:01.637618
Current day is 2025-11-08
100
HP is 100
XP is 0
Level is 0
Wallpaper set to: /home/mauricio/github/digimon/wallpapers/tmp_wallpaper.jpg


---- 2025-11-08 01:00:02.104751
Current day is 2025-11-08
100
HP is 100
XP is 0
Level is 0
Wallpaper set to: /home/mauricio/github/digimon/wallpapers/tmp_wallpaper.jpg


---- 2025-11-08 01:15:02.028350
Current day is 2025-11-08
100
HP is 100
XP is 0
Level is 0
Wallpaper set to: /home/mauricio/github/digimon/wallpapers/tmp_wallpaper.jpg


---- 2025-11-08 01:30:01.174068
Current day is 2025-11-08
100
HP is 100
XP is 0
Level is 0
Wallpaper set to: /home/mauricio/github/digimon/wallpapers/tmp_wallpaper.jpg


---- 2025-11-08 01:45:01.647568
Current day is 2025-11-08
100
HP is 100
XP is 0
Level is 0
Wallpaper set to: /home/mauricio/github/digimon/wallpapers/tmp_wallpaper.jpg


---- 2025-11-08 02:00:01.319549
Current day is 2025-11-08
100
HP is 100
XP is 0
Level is 0
Wallpaper set to: /home/mauricio/github/digimon/wallpapers/tmp_wallpaper.jpg


---- 2025-11-08 02:15:01.413286
Current day is 2025-11-08
100
HP is 100
XP is 0
Level is 0
Wallpaper set to: /home/mauricio/github/digimon/wallpapers/tmp_wallpaper.jpg


---- 2025-11-08 02:30:02.106959
Current day is 2025-11-08
100
HP is 100
XP is 0
Level is 0
Wallpaper set to: /home/mauricio/github/digimon/wallpapers/tmp_wallpaper.jpg


---- 2025-11-08 02:45:01.834468
Current day is 2025-11-08
100
HP is 100
XP is 0
Level is 0
Wallpaper set to: /home/mauricio/github/digimon/wallpapers/tmp_wallpaper.jpg


---- 2025-11-08 03:00:01.423518
Current day is 2025-11-08
100
HP is 100
XP is 0
Level is 0
Wallpaper set to: /home/mauricio/github/digimon/wallpapers/tmp_wallpaper.jpg


---- 2025-11-08 03:15:01.172456
Current day is 2025-11-08
100
HP is 100
XP is 0
Level is 0
Wallpaper set to: /home/mauricio/github/digimon/wallpapers/tmp_wallpaper.jpg


---- 2025-11-08 03:30:01.372024
Current day is 2025-11-08
100
HP is 100
XP is 5
Level is 0
Wallpaper set to: /home/mauricio/github/digimon/wallpapers/tmp_wallpaper.jpg


---- 2025-11-08 03:45:02.073615
Current day is 2025-11-08
100
HP is 100
XP is 5
Level is 0
Wallpaper set to: /home/mauricio/github/digimon/wallpapers/tmp_wallpaper.jpg


---- 2025-11-08 04:00:01.649713
Current day is 2025-11-08
100
HP is 100
XP is 5
Level is 0
Wallpaper set to: /home/mauricio/github/digimon/wallpapers/tmp_wallpaper.jpg


---- 2025-11-08 04:15:02.088163
Current day is 2025-11-08
100
HP is 100
XP is 5
Level is 0
Wallpaper set to: /home/mauricio/github/digimon/wallpapers/tmp_wallpaper.jpg


---- 2025-11-08 04:30:01.966134
Current day is 2025-11-08
100
HP is 100
XP is 5
Level is 0
Wallpaper set to: /home/mauricio/github/digimon/wallpapers/tmp_wallpaper.jpg


---- 2025-11-08 04:45:01.797770
Current day is 2025-11-08
100
HP is 100
XP is 5
Level is 0
Wallpaper set to: /home/mauricio/github/digimon/wallpapers/tmp_wallpaper.jpg


---- 2025-11-08 05:00:01.349321
Current day is 2025-11-08
100
HP is 100
XP is 5
Level is 0
Wallpaper set to: /home/mauricio/github/digimon/wallpapers/tmp_wallpaper.jpg


---- 2025-11-08 05:15:01.325513
Current day is 2025-11-08
100
HP is 100
XP is 5
Level is 0
Wallpaper set to: /home/mauricio/github/digimon/wallpapers/tmp_wallpaper.jpg


---- 2025-11-08 05:30:01.914694
Current day is 2025-11-08
100
HP is 100
XP is 5
Level is 0
Wallpaper set to: /home/mauricio/github/digimon/wallpapers/tmp_wallpaper.jpg


---- 2025-11-08 05:45:01.630327
Current day is 2025-11-08
100
HP is 100
XP is 5
Level is 0
Wallpaper set to: /home/mauricio/github/digimon/wallpapers/tmp_wallpaper.jpg


---- 2025-11-08 06:00:01.678582
Current day is 2025-11-08
100
HP is 100
XP is 5
Level is 0
Wallpaper set to: /home/mauricio/github/digimon/wallpapers/tmp_wallpaper.jpg


---- 2025-11-08 06:15:01.532110
Current day is 2025-11-08
100
HP is 100
XP is 5
Level is 0
Wallpaper set to: /home/mauricio/github/digimon/wallpapers/tmp_wallpaper.jpg


---- 2025-11-08 06:30:01.694504
Current day is 2025-11-08
100
HP is 100
XP is 5
Level is 0
Wallpaper set to: /home/mauricio/github/digimon/wallpapers/tmp_wallpaper.jpg


---- 2025-11-08 06:45:01.644688
Current day is 2025-11-08
100
HP is 100
XP is 5
Level is 0
Wallpaper set to: /home/mauricio/github/digimon/wallpapers/tmp_wallpaper.jpg


---- 2025-11-08 07:00:01.684555
Current day is 2025-11-08
100
HP is 100
XP is 5
Level is 0
Wallpaper set to: /home/mauricio/github/digimon/wallpapers/tmp_wallpaper.jpg


---- 2025-11-08 07:15:02.120691
Current day is 2025-11-08
100
HP is 100
XP is 5
Level is 0
Wallpaper set to: /home/mauricio/github/digimon/wallpapers/tmp_wallpaper.jpg


---- 2025-11-08 07:30:01.611932
Current day is 2025-11-08
100
HP is 100
XP is 5
Level is 0
Wallpaper set to: /home/mauricio/github/digimon/wallpapers/tmp_wallpaper.jpg


---- 2025-11-08 07:45:01.951666
Current day is 2025-11-08
100
HP is 100
XP is 5
Level is 0
Wallpaper set to: /home/mauricio/github/digimon/wallpapers/tmp_wallpaper.jpg


---- 2025-11-08 08:00:01.500277
Current day is 2025-11-08
100
HP is 100
XP is 5
Level is 0
Wallpaper set to: /home/mauricio/github/digimon/wallpapers/tmp_wallpaper.jpg


---- 2025-11-08 08:15:01.304000
Current day is 2025-11-08
100
HP is 100
XP is 5
Level is 0
Wallpaper set to: /home/mauricio/github/digimon/wallpapers/tmp_wallpaper.jpg


---- 2025-11-08 08:30:01.299128
Current day is 2025-11-08
100
HP is 100
XP is 5
Level is 0
Wallpaper set to: /home/mauricio/github/digimon/wallpapers/tmp_wallpaper.jpg


---- 2025-11-08 08:45:01.593039
Current day is 2025-11-08
100
HP is 100
XP is 5
Level is 0
Wallpaper set to: /home/mauricio/github/digimon/wallpapers/tmp_wallpaper.jpg


---- 2025-11-08 09:00:02.106254
Current day is 2025-11-08
100
HP is 100
XP is 5
Level is 0
Wallpaper set to: /home/mauricio/github/digimon/wallpapers/tmp_wallpaper.jpg


---- 2025-11-08 09:15:01.594736
Current day is 2025-11-08
100
HP is 100
XP is 5
Level is 0
Wallpaper set to: /home/mauricio/github/digimon/wallpapers/tmp_wallpaper.jpg


---- 2025-11-08 09:30:01.987432
Current day is 2025-11-08
100
HP is 100
XP is 5
Level is 0
Wallpaper set to: /home/mauricio/github/digimon/wallpapers/tmp_wallpaper.jpg


---- 2025-11-08 09:45:01.932981
Current day is 2025-11-08
100
HP is 100
XP is 5
Level is 0
Wallpaper set to: /home/mauricio/github/digimon/wallpapers/tmp_wallpaper.jpg


---- 2025-11-08 10:00:01.842778
Current day is 2025-11-08
100
HP is 100
XP is 5
Level is 0
Wallpaper set to: /home/mauricio/github/digimon/wallpapers/tmp_wallpaper.jpg


---- 2025-11-08 10:15:01.521573
Current day is 2025-11-08
100
HP is 100
XP is 5
Level is 0
Wallpaper set to: /home/mauricio/github/digimon/wallpapers/tmp_wallpaper.jpg


---- 2025-11-08 10:30:02.034899
Current day is 2025-11-08
100
HP is 100
XP is 5
Level is 0
Wallpaper set to: /home/mauricio/github/digimon/wallpapers/tmp_wallpaper.jpg


---- 2025-11-08 10:45:01.958666
Current day is 2025-11-08
100
HP is 100
XP is 5
Level is 0
Wallpaper set to: /home/mauricio/github/digimon/wallpapers/tmp_wallpaper.jpg


---- 2025-11-08 11:00:02.078521
Current day is 2025-11-08
100
HP is 100
XP is 5
Level is 0
Wallpaper set to: /home/mauricio/github/digimon/wallpapers/tmp_wallpaper.jpg


---- 2025-11-08 11:15:01.195312
Current day is 2025-11-08
100
HP is 100
XP is 5
Level is 0
Wallpaper set to: /home/mauricio/github/digimon/wallpapers/tmp_wallpaper.jpg


---- 2025-11-08 11:30:01.795655
Current day is 2025-11-08
100
HP is 100
XP is 5
Level is 0
Wallpaper set to: /home/mauricio/github/digimon/wallpapers/tmp_wallpaper.jpg


---- 2025-11-08 11:45:01.842697
Current day is 2025-11-08
100
HP is 100
XP is 5
Level is 0
Wallpaper set to: /home/mauricio/github/digimon/wallpapers/tmp_wallpaper.jpg


---- 2025-11-08 12:00:01.149592
Current day is 2025-11-08
100
HP is 100
XP is 5
Level is 0
Wallpaper set to: /home/mauricio/github/digimon/wallpapers/tmp_wallpaper.jpg


---- 2025-11-08 12:15:01.384692
Current day is 2025-11-08
100
HP is 100
XP is 5
Level is 0
Wallpaper set to: /home/mauricio/github/digimon/wallpapers/tmp_wallpaper.jpg


---- 2025-11-08 12:30:02.014946
Current day is 2025-11-08
100
HP is 100
XP is 5
Level is 0
Wallpaper set to: /home/mauricio/github/digimon/wallpapers/tmp_wallpaper.jpg


---- 2025-11-08 12:45:01.729373
Current day is 2025-11-08
100
HP is 100
XP is 5
Level is 0
Wallpaper set to: /home/mauricio/github/digimon/wallpapers/tmp_wallpaper.jpg


---- 2025-11-08 13:00:01.477129
Current day is 2025-11-08
100
HP is 100
XP is 5
Level is 0
Wallpaper set to: /home/mauricio/github/digimon/wallpapers/tmp_wallpaper.jpg


---- 2025-11-08 13:15:01.486185
Current day is 2025-11-08
100
HP is 100
XP is 5
Level is 0
Wallpaper set to: /home/mauricio/github/digimon/wallpapers/tmp_wallpaper.jpg


---- 2025-11-08 13:30:01.752222
Current day is 2025-11-08
100
HP is 100
XP is 5
Level is 0
Wallpaper set to: /home/mauricio/github/digimon/wallpapers/tmp_wallpaper.jpg


---- 2025-11-08 13:45:01.810057
Current day is 2025-11-08
100
HP is 100
XP is 5
Level is 0
Wallpaper set to: /home/mauricio/github/digimon/wallpapers/tmp_wallpaper.jpg


---- 2025-11-08 14:00:01.137027
Current day is 2025-11-08
100
HP is 100
XP is 5
Level is 0
Wallpaper set to: /home/mauricio/github/digimon/wallpapers/tmp_wallpaper.jpg


---- 2025-11-08 14:15:01.806795
Current day is 2025-11-08
100
HP is 100
XP is 5
Level is 0
Wallpaper set to: /home/mauricio/github/digimon/wallpapers/tmp_wallpaper.jpg


---- 2025-11-08 14:30:01.188556
Current day is 2025-11-08
100
HP is 100
XP is 5
Level is 0
Wallpaper set to: /home/mauricio/github/digimon/wallpapers/tmp_wallpaper.jpg


---- 2025-11-08 14:45:02.014259
Current day is 2025-11-08
100
HP is 100
XP is 5
Level is 0
Wallpaper set to: /home/mauricio/github/digimon/wallpapers/tmp_wallpaper.jpg


---- 2025-11-08 15:00:01.275069
Current day is 2025-11-08
100
HP is 100
XP is 5
Level is 0
Wallpaper set to: /home/mauricio/github/digimon/wallpapers/tmp_wallpaper.jpg


---- 2025-11-08 15:15:01.774074
Current day is 2025-11-08
100
HP is 100
XP is 15
Level is 0
Wallpaper set to: /home/mauricio/github/digimon/wallpapers/tmp_wallpaper.jpg


---- 2025-11-09 00:45:01.768433
Current day is 2025-11-09
100
HP is 100
XP is 0
Level is 0
Wallpaper set to: /home/mauricio/github/digimon/wallpapers/tmp_wallpaper.jpg


---- 2025-11-09 01:00:01.915599
Current day is 2025-11-09
100
HP is 100
XP is 0
Level is 0
Wallpaper set to: /home/mauricio/github/digimon/wallpapers/tmp_wallpaper.jpg


---- 2025-11-09 01:15:01.767912
Current day is 2025-11-09
100
HP is 100
XP is 0
Level is 0
Wallpaper set to: /home/mauricio/github/digimon/wallpapers/tmp_wallpaper.jpg


---- 2025-11-09 01:30:01.801904
Current day is 2025-11-09
100
HP is 100
XP is 20
Level is 0
Wallpaper set to: /home/mauricio/github/digimon/wallpapers/tmp_wallpaper.jpg


---- 2025-11-09 01:45:01.465875
Current day is 2025-11-09
100
HP is 100
XP is 20
Level is 0
Wallpaper set to: /home/mauricio/github/digimon/wallpapers/tmp_wallpaper.jpg


---- 2025-11-09 02:00:01.486356
Current day is 2025-11-09
100
HP is 100
XP is 20
Level is 0
Wallpaper set to: /home/mauricio/github/digimon/wallpapers/tmp_wallpaper.jpg


---- 2025-11-09 02:15:01.716832
Current day is 2025-11-09
100
HP is 100
XP is 20
Level is 0
Wallpaper set to: /home/mauricio/github/digimon/wallpapers/tmp_wallpaper.jpg


---- 2025-11-09 02:30:01.898053
Current day is 2025-11-09
100
HP is 100
XP is 20
Level is 0
Wallpaper set to: /home/mauricio/github/digimon/wallpapers/tmp_wallpaper.jpg


---- 2025-11-09 02:45:01.325735
Current day is 2025-11-09
100
HP is 100
XP is 20
Level is 0
Wallpaper set to: /home/mauricio/github/digimon/wallpapers/tmp_wallpaper.jpg


---- 2025-11-09 03:00:02.008672
Current day is 2025-11-09
100
HP is 100
XP is 20
Level is 0
Wallpaper set to: /home/mauricio/github/digimon/wallpapers/tmp_wallpaper.jpg


---- 2025-11-09 03:15:01.945424
Current day is 2025-11-09
100
HP is 100
XP is 30
Level is 0
Wallpaper set to: /home/mauricio/github/digimon/wallpapers/tmp_wallpaper.jpg


---- 2025-11-09 03:30:01.401344
Current day is 2025-11-09
100
HP is 100
XP is 30
Level is 0
Wallpaper set to: /home/mauricio/github/digimon/wallpapers/tmp_wallpaper.jpg


---- 2025-11-09 03:45:01.358933
Current day is 2025-11-09
100
HP is 100
XP is 30
Level is 0
Wallpaper set to: /home/mauricio/github/digimon/wallpapers/tmp_wallpaper.jpg


---- 2025-11-09 04:00:01.753952
Current day is 2025-11-09
100
HP is 100
XP is 30
Level is 0
Wallpaper set to: /home/mauricio/github/digimon/wallpapers/tmp_wallpaper.jpg


---- 2025-11-09 04:15:01.759537
Current day is 2025-11-09
100
HP is 100
XP is 30
Level is 0
Wallpaper set to: /home/mauricio/github/digimon/wallpapers/tmp_wallpaper.jpg


---- 2025-11-09 04:30:01.459872
Current day is 2025-11-09
100
HP is 100
XP is 30
Level is 0
Wallpaper set to: /home/mauricio/github/digimon/wallpapers/tmp_wallpaper.jpg


---- 2025-11-09 04:45:01.589262
Current day is 2025-11-09
100
HP is 100
XP is 30
Level is 0
Wallpaper set to: /home/mauricio/github/digimon/wallpapers/tmp_wallpaper.jpg


---- 2025-11-09 09:15:01.511195
Current day is 2025-11-09
100
HP is 100
XP is 30
Level is 0
Wallpaper set to: /home/mauricio/github/digimon/wallpapers/tmp_wallpaper.jpg


---- 2025-11-09 09:30:01.571345
Current day is 2025-11-09
100
HP is 100
XP is 35
Level is 0
Wallpaper set to: /home/mauricio/github/digimon/wallpapers/tmp_wallpaper.jpg


---- 2025-11-09 09:45:01.773926
Current day is 2025-11-09
100
HP is 100
XP is 35
Level is 0
Wallpaper set to: /home/mauricio/github/digimon/wallpapers/tmp_wallpaper.jpg


---- 2025-11-09 10:00:01.797870
Current day is 2025-11-09
100
HP is 100
XP is 45
Level is 0
Wallpaper set to: /home/mauricio/github/digimon/wallpapers/tmp_wallpaper.jpg


---- 2025-11-09 10:15:01.772030
Current day is 2025-11-09
100
HP is 100
XP is 45
Level is 0
Wallpaper set to: /home/mauricio/github/digimon/wallpapers/tmp_wallpaper.jpg


---- 2025-11-09 10:30:01.324880
Current day is 2025-11-09
100
HP is 100
XP is 45
Level is 0
Wallpaper set to: /home/mauricio/github/digimon/wallpapers/tmp_wallpaper.jpg


---- 2025-11-09 10:45:01.943312
Current day is 2025-11-09
100
HP is 100
XP is 45
Level is 0
Wallpaper set to: /home/mauricio/github/digimon/wallpapers/tmp_wallpaper.jpg


---- 2025-11-09 11:00:02.067580
Current day is 2025-11-09
100
HP is 100
XP is 45
Level is 0
Wallpaper set to: /home/mauricio/github/digimon/wallpapers/tmp_wallpaper.jpg


---- 2025-11-10 03:30:01.409300
Current day is 2025-11-09
100
Current day is 2025-11-10
20
HP is 20
XP is -35
Level is 0
Wallpaper set to: /home/mauricio/github/digimon/wallpapers/tmp_wallpaper.jpg


---- 2025-11-10 03:45:01.956638
Current day is 2025-11-09
100
Current day is 2025-11-10
20
HP is 20
XP is -25
Level is 0
Wallpaper set to: /home/mauricio/github/digimon/wallpapers/tmp_wallpaper.jpg


---- 2025-11-10 04:00:01.630258
Current day is 2025-11-09
100
Current day is 2025-11-10
20
HP is 20
XP is -25
Level is 0
Wallpaper set to: /home/mauricio/github/digimon/wallpapers/tmp_wallpaper.jpg


---- 2025-11-10 04:15:01.283759
Current day is 2025-11-09
100
Current day is 2025-11-10
20
HP is 20
XP is -25
Level is 0
Wallpaper set to: /home/mauricio/github/digimon/wallpapers/tmp_wallpaper.jpg


---- 2025-11-10 04:30:01.436774
Current day is 2025-11-09
100
Current day is 2025-11-10
20
HP is 20
XP is -25
Level is 0
Wallpaper set to: /home/mauricio/github/digimon/wallpapers/tmp_wallpaper.jpg


---- 2025-11-10 04:45:01.798536
Current day is 2025-11-09
100
Current day is 2025-11-10
20
HP is 20
XP is -25
Level is 0
Wallpaper set to: /home/mauricio/github/digimon/wallpapers/tmp_wallpaper.jpg


---- 2025-11-10 05:00:01.296456
Current day is 2025-11-09
100
Current day is 2025-11-10
20
HP is 20
XP is -25
Level is 0
Wallpaper set to: /home/mauricio/github/digimon/wallpapers/tmp_wallpaper.jpg


---- 2025-11-10 05:15:01.469170
Current day is 2025-11-09
100
Current day is 2025-11-10
20
HP is 20
XP is -25
Level is 0
Wallpaper set to: /home/mauricio/github/digimon/wallpapers/tmp_wallpaper.jpg


---- 2025-11-10 05:30:01.414575
Current day is 2025-11-09
100
Current day is 2025-11-10
20
HP is 20
XP is -25
Level is 0
Wallpaper set to: /home/mauricio/github/digimon/wallpapers/tmp_wallpaper.jpg


---- 2025-11-10 05:45:01.189221
Current day is 2025-11-09
100
Current day is 2025-11-10
20
HP is 20
XP is -25
Level is 0
Wallpaper set to: /home/mauricio/github/digimon/wallpapers/tmp_wallpaper.jpg


---- 2025-11-10 06:00:01.117455
Current day is 2025-11-09
100
Current day is 2025-11-10
20
HP is 20
XP is -10
Level is 0
Wallpaper set to: /home/mauricio/github/digimon/wallpapers/tmp_wallpaper.jpg


---- 2025-11-10 06:15:01.692462
Current day is 2025-11-09
100
Current day is 2025-11-10
20
HP is 20
XP is -10
Level is 0
Wallpaper set to: /home/mauricio/github/digimon/wallpapers/tmp_wallpaper.jpg


---- 2025-11-10 06:30:02.019520
Current day is 2025-11-09
100
Current day is 2025-11-10
20
HP is 20
XP is -5
Level is 0
Wallpaper set to: /home/mauricio/github/digimon/wallpapers/tmp_wallpaper.jpg


---- 2025-11-10 10:00:01.370943
Traceback (most recent call last):
  File "/home/mauricio/github/digimon/main.py", line 42, in <module>
    conn, cur = connect_to_db()
  File "/home/mauricio/github/digimon/main.py", line 27, in connect_to_db
    conn = psycopg2.connect(
  File "/home/mauricio/.local/lib/python3.10/site-packages/psycopg2/__init__.py", line 122, in connect
    conn = _connect(dsn, connection_factory=connection_factory, **kwasync)
psycopg2.OperationalError: connection to server at "192.168.1.131", port 5432 failed: No route to host
	Is the server running on that host and accepting TCP/IP connections?



---- 2025-11-10 10:15:01.409775
Traceback (most recent call last):
  File "/home/mauricio/github/digimon/main.py", line 42, in <module>
    conn, cur = connect_to_db()
  File "/home/mauricio/github/digimon/main.py", line 27, in connect_to_db
    conn = psycopg2.connect(
  File "/home/mauricio/.local/lib/python3.10/site-packages/psycopg2/__init__.py", line 122, in connect
    conn = _connect(dsn, connection_factory=connection_factory, **kwasync)
psycopg2.OperationalError: connection to server at "192.168.1.131", port 5432 failed: No route to host
	Is the server running on that host and accepting TCP/IP connections?



---- 2025-11-11 11:00:01.796890
Current day is 2025-11-10
100
Current day is 2025-11-11
80
HP is 80
XP is -10
Level is 0
Wallpaper set to: /home/mauricio/github/digimon/wallpapers/tmp_wallpaper.jpg


---- 2025-11-11 11:15:02.026200
Current day is 2025-11-10
100
Current day is 2025-11-11
80
HP is 80
XP is -5
Level is 0
Wallpaper set to: /home/mauricio/github/digimon/wallpapers/tmp_wallpaper.jpg


---- 2025-11-11 11:30:02.054896
Current day is 2025-11-10
100
Current day is 2025-11-11
80
HP is 80
XP is -5
Level is 0
Wallpaper set to: /home/mauricio/github/digimon/wallpapers/tmp_wallpaper.jpg


---- 2025-11-11 11:45:01.162075
Current day is 2025-11-10
100
Current day is 2025-11-11
80
HP is 80
XP is -5
Level is 0
Wallpaper set to: /home/mauricio/github/digimon/wallpapers/tmp_wallpaper.jpg


---- 2025-11-11 12:00:01.464527
Current day is 2025-11-10
100
Current day is 2025-11-11
80
HP is 80
XP is -5
Level is 0
Wallpaper set to: /home/mauricio/github/digimon/wallpapers/tmp_wallpaper.jpg


---- 2025-11-11 12:15:01.831495
Current day is 2025-11-10
100
Current day is 2025-11-11
80
HP is 80
XP is -5
Level is 0
Wallpaper set to: /home/mauricio/github/digimon/wallpapers/tmp_wallpaper.jpg


---- 2025-11-11 12:30:01.869113
Current day is 2025-11-10
100
Current day is 2025-11-11
80
HP is 80
XP is -5
Level is 0
Wallpaper set to: /home/mauricio/github/digimon/wallpapers/tmp_wallpaper.jpg


---- 2025-11-12 04:00:01.536677
Current day is 2025-11-12
100
HP is 100
XP is 0
Level is 0
Wallpaper set to: /home/mauricio/github/digimon/wallpapers/tmp_wallpaper.jpg


---- 2025-11-12 04:15:01.545954
Current day is 2025-11-12
100
HP is 100
XP is 0
Level is 0
Wallpaper set to: /home/mauricio/github/digimon/wallpapers/tmp_wallpaper.jpg


---- 2025-11-12 04:30:01.176455
Current day is 2025-11-12
100
HP is 100
XP is 0
Level is 0
Wallpaper set to: /home/mauricio/github/digimon/wallpapers/tmp_wallpaper.jpg


---- 2025-11-12 04:45:01.123366
Current day is 2025-11-12
100
HP is 100
XP is 0
Level is 0
Wallpaper set to: /home/mauricio/github/digimon/wallpapers/tmp_wallpaper.jpg


---- 2025-11-12 05:00:01.872914
Current day is 2025-11-12
100
HP is 100
XP is 0
Level is 0
Wallpaper set to: /home/mauricio/github/digimon/wallpapers/tmp_wallpaper.jpg


---- 2025-11-12 05:15:02.113152
Current day is 2025-11-12
100
HP is 100
XP is 0
Level is 0
Wallpaper set to: /home/mauricio/github/digimon/wallpapers/tmp_wallpaper.jpg


---- 2025-11-12 05:30:01.856421
Current day is 2025-11-12
100
HP is 100
XP is 0
Level is 0
Wallpaper set to: /home/mauricio/github/digimon/wallpapers/tmp_wallpaper.jpg


---- 2025-11-12 05:45:01.721202
Current day is 2025-11-12
100
HP is 100
XP is 0
Level is 0
Wallpaper set to: /home/mauricio/github/digimon/wallpapers/tmp_wallpaper.jpg


---- 2025-11-12 06:00:01.505030
Current day is 2025-11-12
100
HP is 100
XP is 0
Level is 0
Wallpaper set to: /home/mauricio/github/digimon/wallpapers/tmp_wallpaper.jpg


---- 2025-11-12 06:15:01.381407
Current day is 2025-11-12
100
HP is 100
XP is 0
Level is 0
Wallpaper set to: /home/mauricio/github/digimon/wallpapers/tmp_wallpaper.jpg


---- 2025-11-12 06:30:01.281765
Current day is 2025-11-12
100
HP is 100
XP is 0
Level is 0
Wallpaper set to: /home/mauricio/github/digimon/wallpapers/tmp_wallpaper.jpg


---- 2025-11-12 06:45:01.771210
Current day is 2025-11-12
100
HP is 100
XP is 0
Level is 0
Wallpaper set to: /home/mauricio/github/digimon/wallpapers/tmp_wallpaper.jpg


---- 2025-11-12 07:00:01.999518
Current day is 2025-11-12
100
HP is 100
XP is 0
Level is 0
Wallpaper set to: /home/mauricio/github/digimon/wallpapers/tmp_wallpaper.jpg


---- 2025-11-12 07:15:02.041202
Current day is 2025-11-12
100
HP is 100
XP is 20
Level is 0
Wallpaper set to: /home/mauricio/github/digimon/wallpapers/tmp_wallpaper.jpg


---- 2025-11-12 07:30:01.924571
Current day is 2025-11-12
100
HP is 100
XP is 20
Level is 0
Wallpaper set to: /home/mauricio/github/digimon/wallpapers/tmp_wallpaper.jpg


---- 2025-11-12 07:45:01.460675
Current day is 2025-11-12
100
HP is 100
XP is 20
Level is 0
Wallpaper set to: /home/mauricio/github/digimon/wallpapers/tmp_wallpaper.jpg


---- 2025-11-12 08:00:01.800272
Current day is 2025-11-12
100
HP is 100
XP is 30
Level is 0
Wallpaper set to: /home/mauricio/github/digimon/wallpapers/tmp_wallpaper.jpg


---- 2025-11-12 08:15:01.764332
Current day is 2025-11-12
100
HP is 100
XP is 30
Level is 0
Wallpaper set to: /home/mauricio/github/digimon/wallpapers/tmp_wallpaper.jpg


---- 2025-11-12 08:30:01.510356
Current day is 2025-11-12
100
HP is 100
XP is 30
Level is 0
Wallpaper set to: /home/mauricio/github/digimon/wallpapers/tmp_wallpaper.jpg


---- 2025-11-12 08:45:01.514045
Current day is 2025-11-12
100
HP is 100
XP is 30
Level is 0
Wallpaper set to: /home/mauricio/github/digimon/wallpapers/tmp_wallpaper.jpg


---- 2025-11-12 09:00:01.514758
Current day is 2025-11-12
100
HP is 100
XP is 30
Level is 0
Wallpaper set to: /home/mauricio/github/digimon/wallpapers/tmp_wallpaper.jpg


---- 2025-11-12 09:15:01.804901
Current day is 2025-11-12
100
HP is 100
XP is 30
Level is 0
Wallpaper set to: /home/mauricio/github/digimon/wallpapers/tmp_wallpaper.jpg


---- 2025-11-12 09:30:01.370878
Current day is 2025-11-12
100
HP is 100
XP is 30
Level is 0
Wallpaper set to: /home/mauricio/github/digimon/wallpapers/tmp_wallpaper.jpg


---- 2025-11-12 09:45:01.938789
Current day is 2025-11-12
100
HP is 100
XP is 30
Level is 0
Wallpaper set to: /home/mauricio/github/digimon/wallpapers/tmp_wallpaper.jpg


---- 2025-11-12 10:00:01.566346
Current day is 2025-11-12
100
HP is 100
XP is 30
Level is 0
Wallpaper set to: /home/mauricio/github/digimon/wallpapers/tmp_wallpaper.jpg


---- 2025-11-12 10:15:01.774241
Current day is 2025-11-12
100
HP is 100
XP is 30
Level is 0
Wallpaper set to: /home/mauricio/github/digimon/wallpapers/tmp_wallpaper.jpg


---- 2025-11-12 10:30:01.747617
Current day is 2025-11-12
100
HP is 100
XP is 30
Level is 0
Wallpaper set to: /home/mauricio/github/digimon/wallpapers/tmp_wallpaper.jpg


---- 2025-11-12 10:45:01.452970
Current day is 2025-11-12
100
HP is 100
XP is 40
Level is 0
Wallpaper set to: /home/mauricio/github/digimon/wallpapers/tmp_wallpaper.jpg


---- 2025-11-12 18:15:01.909643
Traceback (most recent call last):
  File "/home/mauricio/github/digimon/main.py", line 42, in <module>
    conn, cur = connect_to_db()
  File "/home/mauricio/github/digimon/main.py", line 27, in connect_to_db
    conn = psycopg2.connect(
  File "/home/mauricio/.local/lib/python3.10/site-packages/psycopg2/__init__.py", line 122, in connect
    conn = _connect(dsn, connection_factory=connection_factory, **kwasync)
psycopg2.OperationalError: connection to server at "192.168.1.131", port 5432 failed: No route to host
	Is the server running on that host and accepting TCP/IP connections?



---- 2025-11-12 18:30:01.161734
Traceback (most recent call last):
  File "/home/mauricio/github/digimon/main.py", line 42, in <module>
    conn, cur = connect_to_db()
  File "/home/mauricio/github/digimon/main.py", line 27, in connect_to_db
    conn = psycopg2.connect(
  File "/home/mauricio/.local/lib/python3.10/site-packages/psycopg2/__init__.py", line 122, in connect
    conn = _connect(dsn, connection_factory=connection_factory, **kwasync)
psycopg2.OperationalError: connection to server at "192.168.1.131", port 5432 failed: No route to host
	Is the server running on that host and accepting TCP/IP connections?



---- 2025-11-12 18:45:01.413324
Traceback (most recent call last):
  File "/home/mauricio/github/digimon/main.py", line 42, in <module>
    conn, cur = connect_to_db()
  File "/home/mauricio/github/digimon/main.py", line 27, in connect_to_db
    conn = psycopg2.connect(
  File "/home/mauricio/.local/lib/python3.10/site-packages/psycopg2/__init__.py", line 122, in connect
    conn = _connect(dsn, connection_factory=connection_factory, **kwasync)
psycopg2.OperationalError: connection to server at "192.168.1.131", port 5432 failed: No route to host
	Is the server running on that host and accepting TCP/IP connections?



---- 2025-11-12 19:00:01.626083
Traceback (most recent call last):
  File "/home/mauricio/github/digimon/main.py", line 42, in <module>
    conn, cur = connect_to_db()
  File "/home/mauricio/github/digimon/main.py", line 27, in connect_to_db
    conn = psycopg2.connect(
  File "/home/mauricio/.local/lib/python3.10/site-packages/psycopg2/__init__.py", line 122, in connect
    conn = _connect(dsn, connection_factory=connection_factory, **kwasync)
psycopg2.OperationalError: connection to server at "192.168.1.131", port 5432 failed: No route to host
	Is the server running on that host and accepting TCP/IP connections?



---- 2025-11-12 19:15:01.860498
Traceback (most recent call last):
  File "/home/mauricio/github/digimon/main.py", line 42, in <module>
    conn, cur = connect_to_db()
  File "/home/mauricio/github/digimon/main.py", line 27, in connect_to_db
    conn = psycopg2.connect(
  File "/home/mauricio/.local/lib/python3.10/site-packages/psycopg2/__init__.py", line 122, in connect
    conn = _connect(dsn, connection_factory=connection_factory, **kwasync)
psycopg2.OperationalError: connection to server at "192.168.1.131", port 5432 failed: No route to host
	Is the server running on that host and accepting TCP/IP connections?



---- 2025-11-12 19:30:02.107205
Traceback (most recent call last):
  File "/home/mauricio/github/digimon/main.py", line 42, in <module>
    conn, cur = connect_to_db()
  File "/home/mauricio/github/digimon/main.py", line 27, in connect_to_db
    conn = psycopg2.connect(
  File "/home/mauricio/.local/lib/python3.10/site-packages/psycopg2/__init__.py", line 122, in connect
    conn = _connect(dsn, connection_factory=connection_factory, **kwasync)
psycopg2.OperationalError: connection to server at "192.168.1.131", port 5432 failed: No route to host
	Is the server running on that host and accepting TCP/IP connections?



---- 2025-11-13 07:45:01.356936
Current day is 2025-11-12
100
Current day is 2025-11-13
70
HP is 70
XP is 65
Level is 0
Wallpaper set to: /home/mauricio/github/digimon/wallpapers/tmp_wallpaper.jpg


---- 2025-11-13 08:00:02.057510
Current day is 2025-11-12
100
Current day is 2025-11-13
70
HP is 70
XP is 70
Level is 0
Wallpaper set to: /home/mauricio/github/digimon/wallpapers/tmp_wallpaper.jpg


---- 2025-11-13 08:15:01.268764
Current day is 2025-11-12
100
Current day is 2025-11-13
70
HP is 70
XP is 70
Level is 0
Wallpaper set to: /home/mauricio/github/digimon/wallpapers/tmp_wallpaper.jpg


---- 2025-11-13 08:30:01.274356
Current day is 2025-11-12
100
Current day is 2025-11-13
70
HP is 70
XP is 70
Level is 0
Wallpaper set to: /home/mauricio/github/digimon/wallpapers/tmp_wallpaper.jpg


---- 2025-11-13 08:45:01.694428
Current day is 2025-11-12
100
Current day is 2025-11-13
70
HP is 70
XP is 70
Level is 0
Wallpaper set to: /home/mauricio/github/digimon/wallpapers/tmp_wallpaper.jpg


---- 2025-11-13 09:00:02.074467
Current day is 2025-11-12
100
Current day is 2025-11-13
70
HP is 70
XP is 70
Level is 0
Wallpaper set to: /home/mauricio/github/digimon/wallpapers/tmp_wallpaper.jpg


---- 2025-11-13 09:15:01.827038
Current day is 2025-11-12
100
Current day is 2025-11-13
70
HP is 70
XP is 70
Level is 0
Wallpaper set to: /home/mauricio/github/digimon/wallpapers/tmp_wallpaper.jpg


---- 2025-11-13 09:30:01.867685
Current day is 2025-11-12
100
Current day is 2025-11-13
70
HP is 70
XP is 70
Level is 0
Wallpaper set to: /home/mauricio/github/digimon/wallpapers/tmp_wallpaper.jpg


---- 2025-11-13 09:45:01.324899
Current day is 2025-11-12
100
Current day is 2025-11-13
70
HP is 70
XP is 70
Level is 0
Wallpaper set to: /home/mauricio/github/digimon/wallpapers/tmp_wallpaper.jpg


---- 2025-11-13 10:00:01.370059
Current day is 2025-11-12
100
Current day is 2025-11-13
70
HP is 70
XP is 70
Level is 0
Wallpaper set to: /home/mauricio/github/digimon/wallpapers/tmp_wallpaper.jpg


---- 2025-11-13 10:15:01.839807
Current day is 2025-11-12
100
Current day is 2025-11-13
70
HP is 70
XP is 85
Level is 0
Wallpaper set to: /home/mauricio/github/digimon/wallpapers/tmp_wallpaper.jpg


---- 2025-11-13 10:30:01.699770
Current day is 2025-11-12
100
Current day is 2025-11-13
70
HP is 70
XP is 85
Level is 0
Wallpaper set to: /home/mauricio/github/digimon/wallpapers/tmp_wallpaper.jpg


---- 2025-11-13 10:45:01.771533
Current day is 2025-11-12
100
Current day is 2025-11-13
70
HP is 70
XP is 90
Level is 0
Wallpaper set to: /home/mauricio/github/digimon/wallpapers/tmp_wallpaper.jpg


---- 2025-11-13 11:00:01.944953
Current day is 2025-11-12
100
Current day is 2025-11-13
70
HP is 70
XP is 90
Level is 0
Wallpaper set to: /home/mauricio/github/digimon/wallpapers/tmp_wallpaper.jpg


---- 2025-11-13 11:15:01.797000
Current day is 2025-11-12
100
Current day is 2025-11-13
70
HP is 70
XP is 90
Level is 0
Wallpaper set to: /home/mauricio/github/digimon/wallpapers/tmp_wallpaper.jpg


---- 2025-11-13 13:00:01.408033
Traceback (most recent call last):
  File "/home/mauricio/github/digimon/main.py", line 42, in <module>
    conn, cur = connect_to_db()
  File "/home/mauricio/github/digimon/main.py", line 27, in connect_to_db
    conn = psycopg2.connect(
  File "/home/mauricio/.local/lib/python3.10/site-packages/psycopg2/__init__.py", line 122, in connect
    conn = _connect(dsn, connection_factory=connection_factory, **kwasync)
psycopg2.OperationalError: connection to server at "192.168.1.131", port 5432 failed: No route to host
	Is the server running on that host and accepting TCP/IP connections?



---- 2025-11-13 13:15:01.672383
Traceback (most recent call last):
  File "/home/mauricio/github/digimon/main.py", line 42, in <module>
    conn, cur = connect_to_db()
  File "/home/mauricio/github/digimon/main.py", line 27, in connect_to_db
    conn = psycopg2.connect(
  File "/home/mauricio/.local/lib/python3.10/site-packages/psycopg2/__init__.py", line 122, in connect
    conn = _connect(dsn, connection_factory=connection_factory, **kwasync)
psycopg2.OperationalError: connection to server at "192.168.1.131", port 5432 failed: No route to host
	Is the server running on that host and accepting TCP/IP connections?



---- 2025-11-13 13:30:01.973104
Traceback (most recent call last):
  File "/home/mauricio/github/digimon/main.py", line 42, in <module>
    conn, cur = connect_to_db()
  File "/home/mauricio/github/digimon/main.py", line 27, in connect_to_db
    conn = psycopg2.connect(
  File "/home/mauricio/.local/lib/python3.10/site-packages/psycopg2/__init__.py", line 122, in connect
    conn = _connect(dsn, connection_factory=connection_factory, **kwasync)
psycopg2.OperationalError: connection to server at "192.168.1.131", port 5432 failed: No route to host
	Is the server running on that host and accepting TCP/IP connections?



---- 2025-11-13 13:45:01.236855
Traceback (most recent call last):
  File "/home/mauricio/github/digimon/main.py", line 42, in <module>
    conn, cur = connect_to_db()
  File "/home/mauricio/github/digimon/main.py", line 27, in connect_to_db
    conn = psycopg2.connect(
  File "/home/mauricio/.local/lib/python3.10/site-packages/psycopg2/__init__.py", line 122, in connect
    conn = _connect(dsn, connection_factory=connection_factory, **kwasync)
psycopg2.OperationalError: connection to server at "192.168.1.131", port 5432 failed: No route to host
	Is the server running on that host and accepting TCP/IP connections?



---- 2025-11-13 14:00:01.505231
Current day is 2025-11-12
100
Current day is 2025-11-13
70
HP is 70
XP is 100
Level is 0
Wallpaper set to: /home/mauricio/github/digimon/wallpapers/tmp_wallpaper.jpg


---- 2025-11-13 14:15:01.151132
Current day is 2025-11-12
100
Current day is 2025-11-13
70
HP is 70
XP is 100
Level is 0
Wallpaper set to: /home/mauricio/github/digimon/wallpapers/tmp_wallpaper.jpg


---- 2025-11-13 14:30:01.306605
Current day is 2025-11-12
100
Current day is 2025-11-13
70
HP is 70
XP is 100
Level is 0
Wallpaper set to: /home/mauricio/github/digimon/wallpapers/tmp_wallpaper.jpg


---- 2025-11-13 14:45:01.502755
Current day is 2025-11-12
100
Current day is 2025-11-13
70
HP is 70
XP is 100
Level is 0
Wallpaper set to: /home/mauricio/github/digimon/wallpapers/tmp_wallpaper.jpg


---- 2025-11-14 06:15:01.372263
Current day is 2025-11-12
100
Current day is 2025-11-13
70
Current day is 2025-11-14
70
HP is 70
XP is 95
Level is 0
Wallpaper set to: /home/mauricio/github/digimon/wallpapers/tmp_wallpaper.jpg


---- 2025-11-14 06:30:02.081819
Current day is 2025-11-12
100
Current day is 2025-11-13
70
Current day is 2025-11-14
70
HP is 70
XP is 95
Level is 0
Wallpaper set to: /home/mauricio/github/digimon/wallpapers/tmp_wallpaper.jpg


---- 2025-11-14 06:45:01.816667
Current day is 2025-11-12
100
Current day is 2025-11-13
70
Current day is 2025-11-14
70
HP is 70
XP is 95
Level is 0
Wallpaper set to: /home/mauricio/github/digimon/wallpapers/tmp_wallpaper.jpg


---- 2025-11-14 07:00:01.344220
Current day is 2025-11-12
100
Current day is 2025-11-13
70
Current day is 2025-11-14
70
HP is 70
XP is 95
Level is 0
Wallpaper set to: /home/mauricio/github/digimon/wallpapers/tmp_wallpaper.jpg


---- 2025-11-14 07:15:01.246987
Current day is 2025-11-12
100
Current day is 2025-11-13
70
Current day is 2025-11-14
70
HP is 70
XP is 95
Level is 0
Wallpaper set to: /home/mauricio/github/digimon/wallpapers/tmp_wallpaper.jpg


---- 2025-11-14 07:30:01.404463
Current day is 2025-11-12
100
Current day is 2025-11-13
70
Current day is 2025-11-14
70
HP is 70
XP is 95
Level is 0
Wallpaper set to: /home/mauricio/github/digimon/wallpapers/tmp_wallpaper.jpg


---- 2025-11-14 07:45:02.084350
Current day is 2025-11-12
100
Current day is 2025-11-13
70
Current day is 2025-11-14
70
HP is 70
XP is 95
Level is 0
Wallpaper set to: /home/mauricio/github/digimon/wallpapers/tmp_wallpaper.jpg


---- 2025-11-14 08:00:01.363862
Current day is 2025-11-12
100
Current day is 2025-11-13
70
Current day is 2025-11-14
70
HP is 70
XP is 110
Level is 0
Wallpaper set to: /home/mauricio/github/digimon/wallpapers/tmp_wallpaper.jpg


---- 2025-11-14 08:15:01.248082
Current day is 2025-11-12
100
Current day is 2025-11-13
70
Current day is 2025-11-14
70
HP is 70
XP is 110
Level is 0
Wallpaper set to: /home/mauricio/github/digimon/wallpapers/tmp_wallpaper.jpg


---- 2025-11-14 08:30:01.328443
Current day is 2025-11-12
100
Current day is 2025-11-13
70
Current day is 2025-11-14
70
HP is 70
XP is 110
Level is 0
Wallpaper set to: /home/mauricio/github/digimon/wallpapers/tmp_wallpaper.jpg


---- 2025-11-14 08:45:01.433748
Current day is 2025-11-12
100
Current day is 2025-11-13
70
Current day is 2025-11-14
70
HP is 70
XP is 110
Level is 0
Wallpaper set to: /home/mauricio/github/digimon/wallpapers/tmp_wallpaper.jpg


---- 2025-11-14 11:00:01.348601
Traceback (most recent call last):
  File "/home/mauricio/github/digimon/main.py", line 42, in <module>
    conn, cur = connect_to_db()
  File "/home/mauricio/github/digimon/main.py", line 27, in connect_to_db
    conn = psycopg2.connect(
  File "/home/mauricio/.local/lib/python3.10/site-packages/psycopg2/__init__.py", line 122, in connect
    conn = _connect(dsn, connection_factory=connection_factory, **kwasync)
psycopg2.OperationalError: connection to server at "192.168.1.131", port 5432 failed: No route to host
	Is the server running on that host and accepting TCP/IP connections?



---- 2025-11-14 11:15:01.615091
Traceback (most recent call last):
  File "/home/mauricio/github/digimon/main.py", line 42, in <module>
    conn, cur = connect_to_db()
  File "/home/mauricio/github/digimon/main.py", line 27, in connect_to_db
    conn = psycopg2.connect(
  File "/home/mauricio/.local/lib/python3.10/site-packages/psycopg2/__init__.py", line 122, in connect
    conn = _connect(dsn, connection_factory=connection_factory, **kwasync)
psycopg2.OperationalError: connection to server at "192.168.1.131", port 5432 failed: No route to host
	Is the server running on that host and accepting TCP/IP connections?



---- 2025-11-14 11:30:01.894072
Traceback (most recent call last):
  File "/home/mauricio/github/digimon/main.py", line 42, in <module>
    conn, cur = connect_to_db()
  File "/home/mauricio/github/digimon/main.py", line 27, in connect_to_db
    conn = psycopg2.connect(
  File "/home/mauricio/.local/lib/python3.10/site-packages/psycopg2/__init__.py", line 122, in connect
    conn = _connect(dsn, connection_factory=connection_factory, **kwasync)
psycopg2.OperationalError: connection to server at "192.168.1.131", port 5432 failed: No route to host
	Is the server running on that host and accepting TCP/IP connections?



---- 2025-11-14 11:45:02.112446
Traceback (most recent call last):
  File "/home/mauricio/github/digimon/main.py", line 42, in <module>
    conn, cur = connect_to_db()
  File "/home/mauricio/github/digimon/main.py", line 27, in connect_to_db
    conn = psycopg2.connect(
  File "/home/mauricio/.local/lib/python3.10/site-packages/psycopg2/__init__.py", line 122, in connect
    conn = _connect(dsn, connection_factory=connection_factory, **kwasync)
psycopg2.OperationalError: connection to server at "192.168.1.131", port 5432 failed: No route to host
	Is the server running on that host and accepting TCP/IP connections?



---- 2025-11-14 18:00:01.497041
Current day is 2025-11-12
100
Current day is 2025-11-13
70
Current day is 2025-11-14
70
HP is 70
XP is 145
Level is 0
Wallpaper set to: /home/mauricio/github/digimon/wallpapers/tmp_wallpaper.jpg


---- 2025-11-14 18:15:01.805728
Current day is 2025-11-12
100
Current day is 2025-11-13
70
Current day is 2025-11-14
70
HP is 70
XP is 145
Level is 0
Wallpaper set to: /home/mauricio/github/digimon/wallpapers/tmp_wallpaper.jpg


---- 2025-11-15 10:30:01.342398
Current day is 2025-11-12
100
Current day is 2025-11-13
70
Current day is 2025-11-14
70
Current day is 2025-11-15
50
HP is 50
XP is 140
Level is 0
Wallpaper set to: /home/mauricio/github/digimon/wallpapers/tmp_wallpaper.jpg


---- 2025-11-15 10:45:01.432284
Current day is 2025-11-12
100
Current day is 2025-11-13
70
Current day is 2025-11-14
70
Current day is 2025-11-15
50
HP is 50
XP is 140
Level is 0
Wallpaper set to: /home/mauricio/github/digimon/wallpapers/tmp_wallpaper.jpg


---- 2025-11-15 11:00:01.390853
Current day is 2025-11-12
100
Current day is 2025-11-13
70
Current day is 2025-11-14
70
Current day is 2025-11-15
50
HP is 50
XP is 140
Level is 0
Wallpaper set to: /home/mauricio/github/digimon/wallpapers/tmp_wallpaper.jpg


---- 2025-11-15 11:15:01.455439
Current day is 2025-11-12
100
Current day is 2025-11-13
70
Current day is 2025-11-14
70
Current day is 2025-11-15
50
HP is 50
XP is 140
Level is 0
Wallpaper set to: /home/mauricio/github/digimon/wallpapers/tmp_wallpaper.jpg


---- 2025-11-15 11:30:01.218387
Current day is 2025-11-12
100
Current day is 2025-11-13
70
Current day is 2025-11-14
70
Current day is 2025-11-15
50
HP is 50
XP is 140
Level is 0
Wallpaper set to: /home/mauricio/github/digimon/wallpapers/tmp_wallpaper.jpg


---- 2025-11-15 11:45:01.170938
Current day is 2025-11-12
100
Current day is 2025-11-13
70
Current day is 2025-11-14
70
Current day is 2025-11-15
50
HP is 50
XP is 140
Level is 0
Wallpaper set to: /home/mauricio/github/digimon/wallpapers/tmp_wallpaper.jpg


---- 2025-11-15 12:00:01.179361
Current day is 2025-11-12
100
Current day is 2025-11-13
70
Current day is 2025-11-14
70
Current day is 2025-11-15
50
HP is 50
XP is 140
Level is 0
Wallpaper set to: /home/mauricio/github/digimon/wallpapers/tmp_wallpaper.jpg


---- 2025-11-15 12:15:01.192431
Current day is 2025-11-12
100
Current day is 2025-11-13
70
Current day is 2025-11-14
70
Current day is 2025-11-15
50
HP is 50
XP is 140
Level is 0
Wallpaper set to: /home/mauricio/github/digimon/wallpapers/tmp_wallpaper.jpg


---- 2025-11-15 12:30:01.788335
Current day is 2025-11-12
100
Current day is 2025-11-13
70
Current day is 2025-11-14
70
Current day is 2025-11-15
50
HP is 50
XP is 140
Level is 0
Wallpaper set to: /home/mauricio/github/digimon/wallpapers/tmp_wallpaper.jpg


---- 2025-11-15 12:45:01.140142
Current day is 2025-11-12
100
Current day is 2025-11-13
70
Current day is 2025-11-14
70
Current day is 2025-11-15
50
HP is 50
XP is 140
Level is 0
Wallpaper set to: /home/mauricio/github/digimon/wallpapers/tmp_wallpaper.jpg


---- 2025-11-15 13:00:02.010453
Current day is 2025-11-12
100
Current day is 2025-11-13
70
Current day is 2025-11-14
70
Current day is 2025-11-15
50
HP is 50
XP is 140
Level is 0
Wallpaper set to: /home/mauricio/github/digimon/wallpapers/tmp_wallpaper.jpg


---- 2025-11-15 13:15:01.505412
Current day is 2025-11-12
100
Current day is 2025-11-13
70
Current day is 2025-11-14
70
Current day is 2025-11-15
50
HP is 50
XP is 140
Level is 0
Wallpaper set to: /home/mauricio/github/digimon/wallpapers/tmp_wallpaper.jpg


---- 2025-11-15 13:30:01.391075
Current day is 2025-11-12
100
Current day is 2025-11-13
70
Current day is 2025-11-14
70
Current day is 2025-11-15
50
HP is 50
XP is 140
Level is 0
Wallpaper set to: /home/mauricio/github/digimon/wallpapers/tmp_wallpaper.jpg


---- 2025-11-15 13:45:01.719734
Current day is 2025-11-12
100
Current day is 2025-11-13
70
Current day is 2025-11-14
70
Current day is 2025-11-15
50
HP is 50
XP is 140
Level is 0
Wallpaper set to: /home/mauricio/github/digimon/wallpapers/tmp_wallpaper.jpg


---- 2025-11-15 14:00:01.366601
Current day is 2025-11-12
100
Current day is 2025-11-13
70
Current day is 2025-11-14
70
Current day is 2025-11-15
50
HP is 50
XP is 140
Level is 0
Wallpaper set to: /home/mauricio/github/digimon/wallpapers/tmp_wallpaper.jpg


---- 2025-11-15 14:15:01.924782
Current day is 2025-11-12
100
Current day is 2025-11-13
70
Current day is 2025-11-14
70
Current day is 2025-11-15
50
HP is 50
XP is 140
Level is 0
Wallpaper set to: /home/mauricio/github/digimon/wallpapers/tmp_wallpaper.jpg


---- 2025-11-15 14:30:02.103673
Current day is 2025-11-12
100
Current day is 2025-11-13
70
Current day is 2025-11-14
70
Current day is 2025-11-15
50
HP is 50
XP is 140
Level is 0
Wallpaper set to: /home/mauricio/github/digimon/wallpapers/tmp_wallpaper.jpg


---- 2025-11-16 09:45:01.323384
Current day is 2025-11-12
100
Current day is 2025-11-13
70
Current day is 2025-11-14
70
Current day is 2025-11-15
50
Current day is 2025-11-16
50
HP is 50
XP is 145
Level is 0
Wallpaper set to: /home/mauricio/github/digimon/wallpapers/tmp_wallpaper.jpg


---- 2025-11-16 10:00:01.320446
Current day is 2025-11-12
100
Current day is 2025-11-13
70
Current day is 2025-11-14
70
Current day is 2025-11-15
50
Current day is 2025-11-16
50
HP is 50
XP is 150
Level is 1
Wallpaper set to: /home/mauricio/github/digimon/wallpapers/tmp_wallpaper.jpg


---- 2025-11-16 10:15:01.826129
Current day is 2025-11-12
100
Current day is 2025-11-13
70
Current day is 2025-11-14
70
Current day is 2025-11-15
50
Current day is 2025-11-16
50
HP is 50
XP is 150
Level is 1
Wallpaper set to: /home/mauricio/github/digimon/wallpapers/tmp_wallpaper.jpg


---- 2025-11-16 10:30:01.159501
Current day is 2025-11-12
100
Current day is 2025-11-13
70
Current day is 2025-11-14
70
Current day is 2025-11-15
50
Current day is 2025-11-16
50
HP is 50
XP is 150
Level is 1
Wallpaper set to: /home/mauricio/github/digimon/wallpapers/tmp_wallpaper.jpg


---- 2025-11-16 10:45:01.287873
Current day is 2025-11-12
100
Current day is 2025-11-13
70
Current day is 2025-11-14
70
Current day is 2025-11-15
50
Current day is 2025-11-16
50
HP is 50
XP is 150
Level is 1
Wallpaper set to: /home/mauricio/github/digimon/wallpapers/tmp_wallpaper.jpg


---- 2025-11-16 11:00:01.138047
Current day is 2025-11-12
100
Current day is 2025-11-13
70
Current day is 2025-11-14
70
Current day is 2025-11-15
50
Current day is 2025-11-16
50
HP is 50
XP is 150
Level is 1
Wallpaper set to: /home/mauricio/github/digimon/wallpapers/tmp_wallpaper.jpg


---- 2025-11-16 11:15:01.346573
Current day is 2025-11-12
100
Current day is 2025-11-13
70
Current day is 2025-11-14
70
Current day is 2025-11-15
50
Current day is 2025-11-16
50
HP is 50
XP is 150
Level is 1
Wallpaper set to: /home/mauricio/github/digimon/wallpapers/tmp_wallpaper.jpg


---- 2025-11-16 11:30:02.084758
Current day is 2025-11-12
100
Current day is 2025-11-13
70
Current day is 2025-11-14
70
Current day is 2025-11-15
50
Current day is 2025-11-16
50
HP is 50
XP is 150
Level is 1
Wallpaper set to: /home/mauricio/github/digimon/wallpapers/tmp_wallpaper.jpg


---- 2025-11-16 11:45:01.347104
Current day is 2025-11-12
100
Current day is 2025-11-13
70
Current day is 2025-11-14
70
Current day is 2025-11-15
50
Current day is 2025-11-16
50
HP is 50
XP is 150
Level is 1
Wallpaper set to: /home/mauricio/github/digimon/wallpapers/tmp_wallpaper.jpg


---- 2025-11-16 12:00:01.420618
Current day is 2025-11-12
100
Current day is 2025-11-13
70
Current day is 2025-11-14
70
Current day is 2025-11-15
50
Current day is 2025-11-16
50
HP is 50
XP is 150
Level is 1
Wallpaper set to: /home/mauricio/github/digimon/wallpapers/tmp_wallpaper.jpg


---- 2025-11-16 12:15:01.877922
Current day is 2025-11-12
100
Current day is 2025-11-13
70
Current day is 2025-11-14
70
Current day is 2025-11-15
50
Current day is 2025-11-16
50
HP is 50
XP is 150
Level is 1
Wallpaper set to: /home/mauricio/github/digimon/wallpapers/tmp_wallpaper.jpg


---- 2025-11-16 12:30:01.166697
Current day is 2025-11-12
100
Current day is 2025-11-13
70
Current day is 2025-11-14
70
Current day is 2025-11-15
50
Current day is 2025-11-16
50
HP is 50
XP is 150
Level is 1
Wallpaper set to: /home/mauricio/github/digimon/wallpapers/tmp_wallpaper.jpg


---- 2025-11-16 12:45:01.391896
Current day is 2025-11-12
100
Current day is 2025-11-13
70
Current day is 2025-11-14
70
Current day is 2025-11-15
50
Current day is 2025-11-16
50
HP is 50
XP is 150
Level is 1
Wallpaper set to: /home/mauricio/github/digimon/wallpapers/tmp_wallpaper.jpg


---- 2025-11-16 13:00:02.061010
Current day is 2025-11-12
100
Current day is 2025-11-13
70
Current day is 2025-11-14
70
Current day is 2025-11-15
50
Current day is 2025-11-16
50
HP is 50
XP is 150
Level is 1
Wallpaper set to: /home/mauricio/github/digimon/wallpapers/tmp_wallpaper.jpg


---- 2025-11-16 13:15:01.380803
Current day is 2025-11-12
100
Current day is 2025-11-13
70
Current day is 2025-11-14
70
Current day is 2025-11-15
50
Current day is 2025-11-16
50
HP is 50
XP is 150
Level is 1
Wallpaper set to: /home/mauricio/github/digimon/wallpapers/tmp_wallpaper.jpg


---- 2025-11-16 13:30:01.981177
Current day is 2025-11-12
100
Current day is 2025-11-13
70
Current day is 2025-11-14
70
Current day is 2025-11-15
50
Current day is 2025-11-16
50
HP is 50
XP is 150
Level is 1
Wallpaper set to: /home/mauricio/github/digimon/wallpapers/tmp_wallpaper.jpg


---- 2025-11-16 13:45:01.783677
Current day is 2025-11-12
100
Current day is 2025-11-13
70
Current day is 2025-11-14
70
Current day is 2025-11-15
50
Current day is 2025-11-16
50
HP is 50
XP is 150
Level is 1
Wallpaper set to: /home/mauricio/github/digimon/wallpapers/tmp_wallpaper.jpg


---- 2025-11-16 14:00:02.121724
Current day is 2025-11-12
100
Current day is 2025-11-13
70
Current day is 2025-11-14
70
Current day is 2025-11-15
50
Current day is 2025-11-16
50
HP is 50
XP is 150
Level is 1
Wallpaper set to: /home/mauricio/github/digimon/wallpapers/tmp_wallpaper.jpg


---- 2025-11-16 14:15:01.337299
Current day is 2025-11-12
100
Current day is 2025-11-13
70
Current day is 2025-11-14
70
Current day is 2025-11-15
50
Current day is 2025-11-16
50
HP is 50
XP is 150
Level is 1
Wallpaper set to: /home/mauricio/github/digimon/wallpapers/tmp_wallpaper.jpg


---- 2025-11-16 14:30:02.025849
Current day is 2025-11-12
100
Current day is 2025-11-13
70
Current day is 2025-11-14
70
Current day is 2025-11-15
50
Current day is 2025-11-16
50
HP is 50
XP is 150
Level is 1
Wallpaper set to: /home/mauricio/github/digimon/wallpapers/tmp_wallpaper.jpg


---- 2025-11-16 14:45:01.275557
Current day is 2025-11-12
100
Current day is 2025-11-13
70
Current day is 2025-11-14
70
Current day is 2025-11-15
50
Current day is 2025-11-16
50
HP is 50
XP is 150
Level is 1
Wallpaper set to: /home/mauricio/github/digimon/wallpapers/tmp_wallpaper.jpg


---- 2025-11-17 09:00:01.542579
Current day is 2025-11-12
100
Current day is 2025-11-13
70
Current day is 2025-11-14
70
Current day is 2025-11-15
50
Current day is 2025-11-16
50
Current day is 2025-11-17
-40
Inserted a new reset row.
Current day is 2025-11-17
100
HP is 100
XP is 0
Level is 0
HP is -40
XP is 120
Level is 0
Wallpaper set to: /home/mauricio/github/digimon/wallpapers/tmp_wallpaper.jpg


---- 2025-11-17 09:15:01.268870
Current day is 2025-11-17
100
HP is 100
XP is 10
Level is 0
Wallpaper set to: /home/mauricio/github/digimon/wallpapers/tmp_wallpaper.jpg


---- 2025-11-17 09:30:01.969028
Current day is 2025-11-17
100
HP is 100
XP is 10
Level is 0
Wallpaper set to: /home/mauricio/github/digimon/wallpapers/tmp_wallpaper.jpg


---- 2025-11-17 09:45:01.627819
Current day is 2025-11-17
100
HP is 100
XP is 10
Level is 0
Wallpaper set to: /home/mauricio/github/digimon/wallpapers/tmp_wallpaper.jpg


---- 2025-11-17 10:00:01.581570
Current day is 2025-11-17
100
HP is 100
XP is 15
Level is 0
Wallpaper set to: /home/mauricio/github/digimon/wallpapers/tmp_wallpaper.jpg


---- 2025-11-17 10:15:01.791967
Current day is 2025-11-17
100
HP is 100
XP is 15
Level is 0
Wallpaper set to: /home/mauricio/github/digimon/wallpapers/tmp_wallpaper.jpg


---- 2025-11-17 10:30:01.623815
Current day is 2025-11-17
100
HP is 100
XP is 15
Level is 0
Wallpaper set to: /home/mauricio/github/digimon/wallpapers/tmp_wallpaper.jpg


---- 2025-11-17 10:45:01.340171
Current day is 2025-11-17
100
HP is 100
XP is 15
Level is 0
Wallpaper set to: /home/mauricio/github/digimon/wallpapers/tmp_wallpaper.jpg


---- 2025-11-17 18:45:01.329556
Current day is 2025-11-17
100
HP is 100
XP is 35
Level is 0
Wallpaper set to: /home/mauricio/github/digimon/wallpapers/tmp_wallpaper.jpg


---- 2025-11-17 19:00:01.771630
Current day is 2025-11-17
100
HP is 100
XP is 35
Level is 0
Wallpaper set to: /home/mauricio/github/digimon/wallpapers/tmp_wallpaper.jpg


---- 2025-11-17 19:15:01.151633
Current day is 2025-11-17
100
HP is 100
XP is 35
Level is 0
Wallpaper set to: /home/mauricio/github/digimon/wallpapers/tmp_wallpaper.jpg


---- 2025-11-17 19:30:01.257160
Current day is 2025-11-17
100
HP is 100
XP is 35
Level is 0
Wallpaper set to: /home/mauricio/github/digimon/wallpapers/tmp_wallpaper.jpg


---- 2025-11-17 19:45:01.143421
Current day is 2025-11-17
100
HP is 100
XP is 35
Level is 0
Wallpaper set to: /home/mauricio/github/digimon/wallpapers/tmp_wallpaper.jpg


---- 2025-11-17 20:00:01.211335
Current day is 2025-11-17
100
HP is 100
XP is 35
Level is 0
Wallpaper set to: /home/mauricio/github/digimon/wallpapers/tmp_wallpaper.jpg


---- 2025-11-17 20:15:01.871189
Current day is 2025-11-17
100
HP is 100
XP is 35
Level is 0
Wallpaper set to: /home/mauricio/github/digimon/wallpapers/tmp_wallpaper.jpg


---- 2025-11-17 20:30:02.057059
Current day is 2025-11-17
100
HP is 100
XP is 45
Level is 0
Wallpaper set to: /home/mauricio/github/digimon/wallpapers/tmp_wallpaper.jpg


---- 2025-11-17 20:45:02.045773
Current day is 2025-11-17
100
HP is 100
XP is 50
Level is 0
Wallpaper set to: /home/mauricio/github/digimon/wallpapers/tmp_wallpaper.jpg


---- 2025-11-17 21:00:02.009422
Current day is 2025-11-17
100
HP is 100
XP is 50
Level is 0
Wallpaper set to: /home/mauricio/github/digimon/wallpapers/tmp_wallpaper.jpg


---- 2025-11-17 21:15:01.309013
Current day is 2025-11-17
100
HP is 100
XP is 50
Level is 0
Wallpaper set to: /home/mauricio/github/digimon/wallpapers/tmp_wallpaper.jpg


---- 2025-11-17 21:30:01.806187
Traceback (most recent call last):
  File "/home/mauricio/github/digimon/main.py", line 42, in <module>
    conn, cur = connect_to_db()
  File "/home/mauricio/github/digimon/main.py", line 27, in connect_to_db
    conn = psycopg2.connect(
  File "/home/mauricio/.local/lib/python3.10/site-packages/psycopg2/__init__.py", line 122, in connect
    conn = _connect(dsn, connection_factory=connection_factory, **kwasync)
psycopg2.OperationalError: connection to server at "192.168.1.131", port 5432 failed: No route to host
	Is the server running on that host and accepting TCP/IP connections?



---- 2025-11-18 08:30:02.089917
Current day is 2025-11-18
100
HP is 100
XP is 0
Level is 0
Wallpaper set to: /home/mauricio/github/digimon/wallpapers/tmp_wallpaper.jpg


---- 2025-11-18 08:45:01.149960
Traceback (most recent call last):
  File "/home/mauricio/github/digimon/main.py", line 344, in <module>
    sync_calendar_with_clickup()
  File "/home/mauricio/github/digimon/main.py", line 341, in sync_calendar_with_clickup
    print(task['name'], datetime.fromtimestamp(task['due_date'] / 1000))
TypeError: unsupported operand type(s) for /: 'str' and 'int'


---- 2025-11-18 09:00:01.762091
Gift 11 am
Gift 11 am 2025-11-24 04:00:00
Pong 6 pm
Pong 6 pm 2025-11-18 04:00:00
Leslie 4 pm
Leslie 4 pm 2025-11-24 04:00:00
Leslie 4 pm
Leslie 4 pm 2025-11-18 04:00:00
Leslie 4 pm
Leslie 4 pm 2025-11-17 04:00:00
navy 6 pm
navy 6 pm 2025-11-24 04:00:00
Navy 4 pm
Navy 4 pm 2025-11-19 04:00:00
Lamud 6 pm
Lamud 6 pm 2025-11-21 04:00:00
Pan 4 pm
Pan 4 pm 2025-11-21 04:00:00
Kwan 2 pm
Kwan 2 pm 2025-11-19 04:00:00
Lalita 12 pm
Lalita 12 pm 2025-11-20 04:00:00
Fiaw 8 pm
Fiaw 8 pm 2025-11-20 04:00:00
Lamud 6 pm
Lamud 6 pm 2025-11-26 04:00:00
Gift 11 am
Gift 11 am 2025-11-20 04:00:00
Lalita 11.00 am
Lalita 11.00 am 2025-11-18 04:00:00
Gift 11 am
Gift 11 am 2025-11-17 04:00:00
Bom 2 pm
Bom 2 pm 2025-11-17 04:00:00
Pongsatorn 4 pm
Pongsatorn 4 pm 2025-11-11 04:00:00
Pan 4 pm
Pan 4 pm 2025-11-14 04:00:00
Kwan 2 pm
Kwan 2 pm 2025-11-14 04:00:00
Fiaw 8 pm
Fiaw 8 pm 2025-11-16 04:00:00
Lalita 12 pm
Lalita 12 pm 2025-11-14 04:00:00
Lamud 6 pm
Lamud 6 pm 2025-11-19 04:00:00
Gift 11 am
Gift 11 am 2025-11-12 04:00:00
Gift 11 am
Gift 11 am 2025-11-10 04:00:00
Navy 6 pm
Navy 6 pm 2025-11-10 04:00:00
Lalita 12.15 pm
Lalita 12.15 pm 2025-11-10 04:00:00
Namo 6.30 pm
Namo 6.30 pm 2025-11-04 04:00:00
Tyne 5 pm
Tyne 5 pm 2025-11-04 04:00:00
Lamud 6 pm
Lamud 6 pm 2025-11-14 04:00:00
Pan 4 pm
Pan 4 pm 2025-11-07 04:00:00
Lalita 12 pm
Lalita 12 pm 2025-11-06 04:00:00
Fiaw 8 pm
Fiaw 8 pm 2025-11-06 04:00:00
Lalita 12.15 pm
Lalita 12.15 pm 2025-11-03 04:00:00
Lamud 6 pm
Lamud 6 pm 2025-11-05 04:00:00
Gift 11 am
Gift 11 am 2025-11-05 04:00:00
Gift 11 am
Gift 11 am 2025-11-04 04:00:00
Navy 6 pm
Navy 6 pm 2025-11-03 04:00:00
Pan 4 pm
Pan 4 pm 2025-10-31 04:00:00
Fiaw 8 pm
Fiaw 8 pm 2025-10-30 04:00:00
Lamud 6 pm
Lamud 6 pm 2025-10-29 04:00:00
Gift 11 am
Gift 11 am 2025-10-27 04:00:00
Navy 6 pm
Navy 6 pm 2025-10-27 04:00:00
Pan 4 pm
Pan 4 pm 2025-10-24 04:00:00
Asia 3 pm
Asia 3 pm 2025-10-16 04:00:00
Asia 4.30 pm
Asia 4.30 pm 2025-10-29 04:00:00
Fiaw 8 pm
Fiaw 8 pm 2025-10-23 04:00:00
Gift 11 am
Gift 11 am 2025-10-27 04:00:00
Lamud 6 pm
Lamud 6 pm 2025-10-24 04:00:00
Pan 4 pm
Pan 4 pm 2025-10-17 04:00:00
Fiaw 8 pm
Fiaw 8 pm 2025-10-16 04:00:00
Lalita 12 pm
Lalita 12 pm 2025-10-16 04:00:00
Gift 11 am
Gift 11 am 2025-10-29 04:00:00
Kwan 2 pm
Kwan 2 pm 2025-11-07 04:00:00
Pan 2 pm
Pan 2 pm 2025-10-10 04:00:00
Lalita 12 pm
Lalita 12 pm 2025-10-09 04:00:00
Gift 11 am
Gift 11 am 2025-10-08 04:00:00


---- 2025-11-18 09:15:01.250756
Gift 11 am
Gift 11 am 2025-11-24 11:00:00
Pong 6 pm
Pong 6 pm 2025-11-18 18:00:00
Leslie 4 pm
Leslie 4 pm 2025-11-24 16:00:00
Leslie 4 pm
Leslie 4 pm 2025-11-18 16:00:00
Leslie 4 pm
Leslie 4 pm 2025-11-17 16:00:00
navy 6 pm
navy 6 pm 2025-11-24 18:00:00
Navy 4 pm
Navy 4 pm 2025-11-19 16:00:00
Lamud 6 pm
Lamud 6 pm 2025-11-21 18:00:00
Pan 4 pm
Pan 4 pm 2025-11-21 16:00:00
Kwan 2 pm
Kwan 2 pm 2025-11-19 14:00:00
Lalita 12 pm
Lalita 12 pm 2025-11-20 12:00:00
Fiaw 8 pm
Fiaw 8 pm 2025-11-20 20:00:00
Lamud 6 pm
Lamud 6 pm 2025-11-26 18:00:00
Gift 11 am
Gift 11 am 2025-11-20 11:00:00
Lalita 11.00 am
Lalita 11.00 am 2025-11-18 11:00:00
Gift 11 am
Gift 11 am 2025-11-17 11:00:00
Bom 2 pm
Bom 2 pm 2025-11-17 14:00:00
Pongsatorn 4 pm
Pongsatorn 4 pm 2025-11-11 16:00:00
Pan 4 pm
Pan 4 pm 2025-11-14 16:00:00
Kwan 2 pm
Kwan 2 pm 2025-11-14 14:00:00
Fiaw 8 pm
Fiaw 8 pm 2025-11-16 20:00:00
Lalita 12 pm
Lalita 12 pm 2025-11-14 12:00:00
Lamud 6 pm
Lamud 6 pm 2025-11-19 18:00:00
Gift 11 am
Gift 11 am 2025-11-12 11:00:00
Gift 11 am
Gift 11 am 2025-11-10 11:00:00
Navy 6 pm
Navy 6 pm 2025-11-10 18:00:00
Lalita 12.15 pm
Lalita 12.15 pm 2025-11-10 12:15:00
Namo 6.30 pm
Namo 6.30 pm 2025-11-04 18:30:00
Tyne 5 pm
Tyne 5 pm 2025-11-04 17:00:00
Lamud 6 pm
Lamud 6 pm 2025-11-14 18:00:00
Pan 4 pm
Pan 4 pm 2025-11-07 16:00:00
Lalita 12 pm
Lalita 12 pm 2025-11-06 12:00:00
Fiaw 8 pm
Fiaw 8 pm 2025-11-06 20:00:00
Lalita 12.15 pm
Lalita 12.15 pm 2025-11-03 12:15:00
Lamud 6 pm
Lamud 6 pm 2025-11-05 18:00:00
Gift 11 am
Gift 11 am 2025-11-05 11:00:00
Gift 11 am
Gift 11 am 2025-11-04 11:00:00
Navy 6 pm
Navy 6 pm 2025-11-03 18:00:00
Pan 4 pm
Pan 4 pm 2025-10-31 16:00:00
Fiaw 8 pm
Fiaw 8 pm 2025-10-30 20:00:00
Lamud 6 pm
Lamud 6 pm 2025-10-29 18:00:00
Gift 11 am
Gift 11 am 2025-10-27 11:00:00
Navy 6 pm
Navy 6 pm 2025-10-27 18:00:00
Pan 4 pm
Pan 4 pm 2025-10-24 16:00:00
Asia 3 pm
Asia 3 pm 2025-10-16 15:00:00
Asia 4.30 pm
Asia 4.30 pm 2025-10-29 16:30:00
Fiaw 8 pm
Fiaw 8 pm 2025-10-23 20:00:00
Gift 11 am
Gift 11 am 2025-10-27 11:00:00
Lamud 6 pm
Lamud 6 pm 2025-10-24 18:00:00
Pan 4 pm
Pan 4 pm 2025-10-17 16:00:00
Fiaw 8 pm
Fiaw 8 pm 2025-10-16 20:00:00
Lalita 12 pm
Lalita 12 pm 2025-10-16 12:00:00
Gift 11 am
Gift 11 am 2025-10-29 11:00:00
Kwan 2 pm
Kwan 2 pm 2025-11-07 14:00:00
Pan 2 pm
Pan 2 pm 2025-10-10 14:00:00
Lalita 12 pm
Lalita 12 pm 2025-10-09 12:00:00
Gift 11 am
Gift 11 am 2025-10-08 11:00:00
/home/mauricio/.local/lib/python3.10/site-packages/google/api_core/_python_version_support.py:266: FutureWarning: You are using a Python version (3.10.12) which Google will stop supporting in new releases of google.api_core once it reaches its end of life (2026-10-04). Please upgrade to the latest Python version, or at least Python 3.11, to continue receiving updates for google.api_core past that date.
  warnings.warn(message, FutureWarning)


---- 2025-11-18 09:30:01.854249
Gift 11 am
Pong 6 pm
Leslie 4 pm
Leslie 4 pm
Leslie 4 pm
navy 6 pm
Navy 4 pm
Lamud 6 pm
Pan 4 pm
Kwan 2 pm
Lalita 12 pm
Fiaw 8 pm
Lamud 6 pm
Gift 11 am
Lalita 11.00 am
Gift 11 am
Bom 2 pm
Pongsatorn 4 pm
Pan 4 pm
Kwan 2 pm
Fiaw 8 pm
Lalita 12 pm
Lamud 6 pm
Gift 11 am
Gift 11 am
Navy 6 pm
Lalita 12.15 pm
Namo 6.30 pm
Tyne 5 pm
Lamud 6 pm
Pan 4 pm
Lalita 12 pm
Fiaw 8 pm
Lalita 12.15 pm
Lamud 6 pm
Gift 11 am
Gift 11 am
Navy 6 pm
Pan 4 pm
Fiaw 8 pm
Lamud 6 pm
Gift 11 am
Navy 6 pm
Pan 4 pm
Asia 3 pm
Asia 4.30 pm
Fiaw 8 pm
Gift 11 am
Lamud 6 pm
Pan 4 pm
Fiaw 8 pm
Lalita 12 pm
Gift 11 am
Kwan 2 pm
Pan 2 pm
Lalita 12 pm
Gift 11 am
Traceback (most recent call last):
  File "/home/mauricio/github/digimon/main.py", line 377, in <module>
    sync_google_calendar()
  File "/home/mauricio/github/digimon/main.py", line 372, in sync_google_calendar
    service = get_calendar_service()
  File "/home/mauricio/github/digimon/google_api.py", line 22, in get_calendar_service
    flow = InstalledAppFlow.from_client_secrets_file(
  File "/home/mauricio/.local/lib/python3.10/site-packages/google_auth_oauthlib/flow.py", line 198, in from_client_secrets_file
    with open(client_secrets_file, "r") as json_file:
FileNotFoundError: [Errno 2] No such file or directory: 'credentials.json'
/home/mauricio/.local/lib/python3.10/site-packages/google/api_core/_python_version_support.py:266: FutureWarning: You are using a Python version (3.10.12) which Google will stop supporting in new releases of google.api_core once it reaches its end of life (2026-10-04). Please upgrade to the latest Python version, or at least Python 3.11, to continue receiving updates for google.api_core past that date.
  warnings.warn(message, FutureWarning)


---- 2025-11-18 09:45:02.115382
Traceback (most recent call last):
  File "/home/mauricio/github/digimon/main.py", line 385, in <module>
    sync_google_calendar()
  File "/home/mauricio/github/digimon/main.py", line 372, in sync_google_calendar
    tasks = get_tasks_for_calendar()
  File "/home/mauricio/github/digimon/main.py", line 347, in get_tasks_for_calendar
    tasks = list(filter(lambda x: regex.search(x['name']), tasks))
  File "/home/mauricio/github/digimon/main.py", line 340, in <lambda>
    int(x['due_date']) / 1000) > now, tasks)
TypeError: int() argument must be a string, a bytes-like object or a real number, not 'NoneType'
/home/mauricio/.local/lib/python3.10/site-packages/google/api_core/_python_version_support.py:266: FutureWarning: You are using a Python version (3.10.12) which Google will stop supporting in new releases of google.api_core once it reaches its end of life (2026-10-04). Please upgrade to the latest Python version, or at least Python 3.11, to continue receiving updates for google.api_core past that date.
  warnings.warn(message, FutureWarning)


---- 2025-11-18 10:00:02.131851
2025-11-24 11:00:00
2025-11-18 18:00:00
2025-11-24 16:00:00
2025-11-18 16:00:00
2025-11-24 18:00:00
2025-11-19 16:00:00
2025-11-21 18:00:00
2025-11-21 16:00:00
2025-11-19 14:00:00
2025-11-20 12:00:00
2025-11-20 20:00:00
2025-11-26 18:00:00
2025-11-20 11:00:00
2025-11-18 11:00:00
2025-11-19 18:00:00
Calendar sync failed
[Errno 2] No such file or directory: '~/github/digimon/credentials.json'
Current day is 2025-11-18
100
HP is 100
XP is 0
Level is 0
Wallpaper set to: /home/mauricio/github/digimon/wallpapers/tmp_wallpaper.jpg
/home/mauricio/.local/lib/python3.10/site-packages/google/api_core/_python_version_support.py:266: FutureWarning: You are using a Python version (3.10.12) which Google will stop supporting in new releases of google.api_core once it reaches its end of life (2026-10-04). Please upgrade to the latest Python version, or at least Python 3.11, to continue receiving updates for google.api_core past that date.
  warnings.warn(message, FutureWarning)


---- 2025-11-18 10:15:01.429539
2025-11-24 11:00:00
2025-11-18 18:00:00
2025-11-24 16:00:00
2025-11-18 16:00:00
2025-11-24 18:00:00
2025-11-19 16:00:00
2025-11-21 18:00:00
2025-11-21 16:00:00
2025-11-19 14:00:00
2025-11-20 12:00:00
2025-11-20 20:00:00
2025-11-26 18:00:00
2025-11-20 11:00:00
2025-11-18 11:00:00
2025-11-19 18:00:00
Deleted event: Lalita 11.00 am
Deleted event: Leslie 4 pm
Deleted event: Pong 6 pm
Deleted event: Kwan 2 pm
Deleted event: Navy 4 pm
Deleted event: Lamud 6 pm
Deleted event: Gift 11 am
Deleted event: Lalita 12 pm
Deleted event: Fiaw 8 pm
Deleted event: Pan 4 pm
Deleted event: Lamud 6 pm
Deleted event: Gift 11 am
Deleted event: Leslie 4 pm
Deleted event: navy 6 pm
Deleted event: Lamud 6 pm
All future events deleted. Total: 15
Adding Gift 11 am 2025-11-24 11:00:00
Event created: Gift 11 am
Adding Pong 6 pm 2025-11-18 18:00:00
Event created: Pong 6 pm
Adding Leslie 4 pm 2025-11-24 16:00:00
Event created: Leslie 4 pm
Adding Leslie 4 pm 2025-11-18 16:00:00
Event created: Leslie 4 pm
Adding navy 6 pm 2025-11-24 18:00:00
Event created: navy 6 pm
Adding Navy 4 pm 2025-11-19 16:00:00
Event created: Navy 4 pm
Adding Lamud 6 pm 2025-11-21 18:00:00
Event created: Lamud 6 pm
Adding Pan 4 pm 2025-11-21 16:00:00
Event created: Pan 4 pm
Adding Kwan 2 pm 2025-11-19 14:00:00
Event created: Kwan 2 pm
Adding Lalita 12 pm 2025-11-20 12:00:00
Event created: Lalita 12 pm
Adding Fiaw 8 pm 2025-11-20 20:00:00
Event created: Fiaw 8 pm
Adding Lamud 6 pm 2025-11-26 18:00:00
Event created: Lamud 6 pm
Adding Gift 11 am 2025-11-20 11:00:00
Event created: Gift 11 am
Adding Lalita 11.00 am 2025-11-18 11:00:00
Event created: Lalita 11.00 am
Adding Lamud 6 pm 2025-11-19 18:00:00
Event created: Lamud 6 pm
Current day is 2025-11-18
100
HP is 100
XP is 10
Level is 0
Wallpaper set to: /home/mauricio/github/digimon/wallpapers/tmp_wallpaper.jpg
